ISO-10303-21;
HEADER;
FILE_DESCRIPTION((''),'2;1');
FILE_NAME('CJ2','2026-02-05T22:18:55',('james'),(''),
'CREO PARAMETRIC BY PTC INC, 2023294','CREO PARAMETRIC BY PTC INC, 2023294','');
FILE_SCHEMA(('CONFIG_CONTROL_DESIGN'));
ENDSEC;
DATA;
#1=DIRECTION('',(1.E0,0.E0,0.E0));
#2=VECTOR('',#1,2.25E1);
#3=CARTESIAN_POINT('',(1.37E1,3.E1,1.41E1));
#4=LINE('',#3,#2);
#5=DIRECTION('',(0.E0,0.E0,1.E0));
#6=VECTOR('',#5,2.82E1);
#7=CARTESIAN_POINT('',(1.37E1,3.E1,-1.41E1));
#8=LINE('',#7,#6);
#9=DIRECTION('',(-1.E0,0.E0,0.E0));
#10=VECTOR('',#9,2.25E1);
#11=CARTESIAN_POINT('',(3.62E1,3.E1,-1.41E1));
#12=LINE('',#11,#10);
#13=DIRECTION('',(0.E0,0.E0,1.E0));
#14=VECTOR('',#13,2.82E1);
#15=CARTESIAN_POINT('',(3.62E1,3.E1,-1.41E1));
#16=LINE('',#15,#14);
#17=DIRECTION('',(1.E0,0.E0,0.E0));
#18=VECTOR('',#17,4.5E0);
#19=CARTESIAN_POINT('',(1.766629447663E1,3.E1,-3.375E0));
#20=LINE('',#19,#18);
#21=DIRECTION('',(0.E0,0.E0,-1.E0));
#22=VECTOR('',#21,5.625E-1);
#23=CARTESIAN_POINT('',(2.216629447663E1,3.E1,-3.375E0));
#24=LINE('',#23,#22);
#25=DIRECTION('',(-7.659742160926E-1,0.E0,-6.428712937139E-1));
#26=VECTOR('',#25,8.749807395356E-1);
#27=CARTESIAN_POINT('',(2.216629447663E1,3.E1,-3.9375E0));
#28=LINE('',#27,#26);
#29=DIRECTION('',(-1.E0,0.E0,0.E0));
#30=VECTOR('',#29,7.659576237202E-1);
#31=CARTESIAN_POINT('',(2.149608179056E1,3.E1,-4.5E0));
#32=LINE('',#31,#30);
#33=DIRECTION('',(7.659743427825E-1,0.E0,6.428711427642E-1));
#34=VECTOR('',#33,8.749809449859E-1);
#35=CARTESIAN_POINT('',(2.073012416684E1,3.E1,-4.5E0));
#36=LINE('',#35,#34);
#37=DIRECTION('',(-1.E0,0.E0,0.E0));
#38=VECTOR('',#37,3.734042644501E0);
#39=CARTESIAN_POINT('',(2.140033712113E1,3.E1,-3.9375E0));
#40=LINE('',#39,#38);
#41=DIRECTION('',(0.E0,0.E0,1.E0));
#42=VECTOR('',#41,5.625E-1);
#43=CARTESIAN_POINT('',(1.766629447663E1,3.E1,-3.9375E0));
#44=LINE('',#43,#42);
#45=DIRECTION('',(6.080769234738E-1,0.E0,7.938781110087E-1));
#46=VECTOR('',#45,4.723645927415E-1);
#47=CARTESIAN_POINT('',(1.967693280303E1,3.E1,-1.96875E0));
#48=LINE('',#47,#46);
#49=DIRECTION('',(2.473831068378E-1,0.E0,9.689177459678E-1));
#50=VECTOR('',#49,3.870299417825E-1);
#51=CARTESIAN_POINT('',(1.996416681134E1,3.E1,-1.593750089407E0));
#52=LINE('',#51,#50);
#53=DIRECTION('',(0.E0,0.E0,1.E0));
#54=VECTOR('',#53,5.625E-1);
#55=CARTESIAN_POINT('',(2.005991148078E1,3.E1,-1.218749910593E0));
#56=LINE('',#55,#54);
#57=DIRECTION('',(-2.473832729514E-1,0.E0,9.689177035558E-1));
#58=VECTOR('',#57,3.870296818985E-1);
#59=CARTESIAN_POINT('',(2.005991148078E1,3.E1,-6.562499105930E-1));
#60=LINE('',#59,#58);
#61=DIRECTION('',(-5.627909312417E-1,0.E0,8.265992787996E-1));
#62=VECTOR('',#61,3.402495105106E-1);
#63=CARTESIAN_POINT('',(1.996416681134E1,3.E1,-2.8125E-1));
#64=LINE('',#63,#62);
#65=DIRECTION('',(-8.373793591563E-1,0.E0,5.466221810895E-1));
#66=VECTOR('',#65,3.430153910190E-1);
#67=CARTESIAN_POINT('',(1.977267747247E1,3.E1,0.E0));
#68=LINE('',#67,#66);
#69=DIRECTION('',(-9.506450602779E-1,0.E0,3.102804688813E-1));
#70=VECTOR('',#69,3.021465680774E-1);
#71=CARTESIAN_POINT('',(1.948544346416E1,3.E1,1.874998211861E-1));
#72=LINE('',#71,#70);
#73=DIRECTION('',(-1.E0,0.E0,0.E0));
#74=VECTOR('',#73,1.914893388748E-1);
#75=CARTESIAN_POINT('',(1.919820932173E1,3.E1,2.8125E-1));
#76=LINE('',#75,#74);
#77=DIRECTION('',(-9.506450175458E-1,0.E0,-3.102805998049E-1));
#78=VECTOR('',#77,3.021464405859E-1);
#79=CARTESIAN_POINT('',(1.900671998286E1,3.E1,2.8125E-1));
#80=LINE('',#79,#78);
#81=DIRECTION('',(-8.373794175671E-1,0.E0,-5.466220916090E-1));
#82=VECTOR('',#81,3.430154471697E-1);
#83=CARTESIAN_POINT('',(1.871948597455E1,3.E1,1.874998211861E-1));
#84=LINE('',#83,#82);
#85=DIRECTION('',(-5.627909312417E-1,0.E0,-8.265992787996E-1));
#86=VECTOR('',#85,3.402495105106E-1);
#87=CARTESIAN_POINT('',(1.843225189918E1,3.E1,0.E0));
#88=LINE('',#87,#86);
#89=DIRECTION('',(-2.473832729514E-1,0.E0,-9.689177035558E-1));
#90=VECTOR('',#89,3.870296818985E-1);
#91=CARTESIAN_POINT('',(1.824076256031E1,3.E1,-2.8125E-1));
#92=LINE('',#91,#90);
#93=DIRECTION('',(0.E0,0.E0,-1.E0));
#94=VECTOR('',#93,5.625E-1);
#95=CARTESIAN_POINT('',(1.814501789087E1,3.E1,-6.562499105930E-1));
#96=LINE('',#95,#94);
#97=DIRECTION('',(2.473831068378E-1,0.E0,-9.689177459678E-1));
#98=VECTOR('',#97,3.870299417825E-1);
#99=CARTESIAN_POINT('',(1.814501789087E1,3.E1,-1.218749910593E0));
#100=LINE('',#99,#98);
#101=DIRECTION('',(5.627909312417E-1,0.E0,-8.265992787996E-1));
#102=VECTOR('',#101,3.402495105106E-1);
#103=CARTESIAN_POINT('',(1.824076256031E1,3.E1,-1.593750089407E0));
#104=LINE('',#103,#102);
#105=DIRECTION('',(8.981382931841E-1,0.E0,-4.397130954570E-1));
#106=VECTOR('',#105,4.264140029562E-1);
#107=CARTESIAN_POINT('',(1.843225189918E1,3.E1,-1.875000089407E0));
#108=LINE('',#107,#106);
#109=DIRECTION('',(0.E0,0.E0,-1.E0));
#110=VECTOR('',#109,5.625001341105E-1);
#111=CARTESIAN_POINT('',(1.881523064399E1,3.E1,-2.062499910593E0));
#112=LINE('',#111,#110);
#113=DIRECTION('',(-8.981380447713E-1,0.E0,4.397136028534E-1));
#114=VECTOR('',#113,4.264141208965E-1);
#115=CARTESIAN_POINT('',(1.881523064399E1,3.E1,-2.625000044703E0));
#116=LINE('',#115,#114);
#117=DIRECTION('',(-8.060045552063E-1,0.E0,5.919093317280E-1));
#118=VECTOR('',#117,4.751570060038E-1);
#119=CARTESIAN_POINT('',(1.843225189918E1,3.E1,-2.437499955297E0));
#120=LINE('',#119,#118);
#121=DIRECTION('',(-5.224768893951E-1,0.E0,8.526534466288E-1));
#122=VECTOR('',#121,5.497545236699E-1);
#123=CARTESIAN_POINT('',(1.804927318790E1,3.E1,-2.156250089407E0));
#124=LINE('',#123,#122);
#125=DIRECTION('',(-2.001233352361E-1,0.E0,9.797707133274E-1));
#126=VECTOR('',#125,4.784283537268E-1);
#127=CARTESIAN_POINT('',(1.776203915445E1,3.E1,-1.6875E0));
#128=LINE('',#127,#126);
#129=DIRECTION('',(0.E0,0.E0,1.E0));
#130=VECTOR('',#129,5.625E-1);
#131=CARTESIAN_POINT('',(1.766629447663E1,3.E1,-1.218749910593E0));
#132=LINE('',#131,#130);
#133=DIRECTION('',(2.001234451615E-1,0.E0,9.797706908745E-1));
#134=VECTOR('',#133,4.784280909318E-1);
#135=CARTESIAN_POINT('',(1.766629447663E1,3.E1,-6.562499105930E-1));
#136=LINE('',#135,#134);
#137=DIRECTION('',(5.224768893951E-1,0.E0,8.526534466288E-1));
#138=VECTOR('',#137,5.497545236699E-1);
#139=CARTESIAN_POINT('',(1.776203915445E1,3.E1,-1.875000894070E-1));
#140=LINE('',#139,#138);
#141=DIRECTION('',(8.060044205527E-1,0.E0,5.919095150862E-1));
#142=VECTOR('',#141,4.751570853850E-1);
#143=CARTESIAN_POINT('',(1.804927318790E1,3.E1,2.8125E-1));
#144=LINE('',#143,#142);
#145=DIRECTION('',(9.311283714530E-1,0.E0,3.646915900803E-1));
#146=VECTOR('',#145,5.141325610079E-1);
#147=CARTESIAN_POINT('',(1.843225189918E1,3.E1,5.625E-1));
#148=LINE('',#147,#146);
#149=DIRECTION('',(1.E0,0.E0,0.E0));
#150=VECTOR('',#149,3.829786777496E-1);
#151=CARTESIAN_POINT('',(1.891097531342E1,3.E1,7.499998211861E-1));
#152=LINE('',#151,#150);
#153=DIRECTION('',(9.311283887994E-1,0.E0,-3.646915457917E-1));
#154=VECTOR('',#153,5.141326234450E-1);
#155=CARTESIAN_POINT('',(1.929395399117E1,3.E1,7.499998211861E-1));
#156=LINE('',#155,#154);
#157=DIRECTION('',(8.060043958311E-1,0.E0,-5.919095487496E-1));
#158=VECTOR('',#157,4.751570583616E-1);
#159=CARTESIAN_POINT('',(1.977267747247E1,3.E1,5.625E-1));
#160=LINE('',#159,#158);
#161=DIRECTION('',(5.224768561414E-1,0.E0,-8.526534670056E-1));
#162=VECTOR('',#161,5.497545105319E-1);
#163=CARTESIAN_POINT('',(2.015565615022E1,3.E1,2.8125E-1));
#164=LINE('',#163,#162);
#165=DIRECTION('',(2.001234283435E-1,0.E0,-9.797706943097E-1));
#166=VECTOR('',#165,4.784280892544E-1);
#167=CARTESIAN_POINT('',(2.044289015853E1,3.E1,-1.875000894070E-1));
#168=LINE('',#167,#166);
#169=DIRECTION('',(0.E0,0.E0,-1.E0));
#170=VECTOR('',#169,5.625E-1);
#171=CARTESIAN_POINT('',(2.053863482797E1,3.E1,-6.562499105930E-1));
#172=LINE('',#171,#170);
#173=DIRECTION('',(-2.001233184181E-1,0.E0,-9.797707167625E-1));
#174=VECTOR('',#173,4.784283520494E-1);
#175=CARTESIAN_POINT('',(2.053863482797E1,3.E1,-1.218749910593E0));
#176=LINE('',#175,#174);
#177=DIRECTION('',(-5.224768561414E-1,0.E0,-8.526534670056E-1));
#178=VECTOR('',#177,5.497545105319E-1);
#179=CARTESIAN_POINT('',(2.044289015853E1,3.E1,-1.6875E0));
#180=LINE('',#179,#178);
#181=DIRECTION('',(1.E0,0.E0,0.E0));
#182=VECTOR('',#181,1.531914979219E0);
#183=CARTESIAN_POINT('',(2.015565615022E1,3.E1,-2.156250089407E0));
#184=LINE('',#183,#182);
#185=DIRECTION('',(0.E0,0.E0,1.E0));
#186=VECTOR('',#185,2.718750089407E0);
#187=CARTESIAN_POINT('',(2.168757112944E1,3.E1,-2.156250089407E0));
#188=LINE('',#187,#186);
#189=DIRECTION('',(1.E0,0.E0,0.E0));
#190=VECTOR('',#189,4.787233471870E-1);
#191=CARTESIAN_POINT('',(2.168757112944E1,3.E1,5.625E-1));
#192=LINE('',#191,#190);
#193=DIRECTION('',(0.E0,0.E0,-1.E0));
#194=VECTOR('',#193,3.187500044703E0);
#195=CARTESIAN_POINT('',(2.216629447663E1,3.E1,5.625E-1));
#196=LINE('',#195,#194);
#197=DIRECTION('',(-1.E0,0.E0,0.E0));
#198=VECTOR('',#197,2.489361673594E0);
#199=CARTESIAN_POINT('',(2.216629447663E1,3.E1,-2.625000044703E0));
#200=LINE('',#199,#198);
#201=DIRECTION('',(0.E0,0.E0,1.E0));
#202=VECTOR('',#201,6.562500447035E-1);
#203=CARTESIAN_POINT('',(1.967693280303E1,3.E1,-2.625000044703E0));
#204=LINE('',#203,#202);
#205=DIRECTION('',(1.E0,0.E0,0.E0));
#206=VECTOR('',#205,4.787233471870E-1);
#207=CARTESIAN_POINT('',(2.168757112944E1,3.E1,4.874999642372E0));
#208=LINE('',#207,#206);
#209=DIRECTION('',(0.E0,0.E0,-1.E0));
#210=VECTOR('',#209,3.374999463558E0);
#211=CARTESIAN_POINT('',(2.216629447663E1,3.E1,4.874999642372E0));
#212=LINE('',#211,#210);
#213=DIRECTION('',(-1.E0,0.E0,0.E0));
#214=VECTOR('',#213,4.787233471870E-1);
#215=CARTESIAN_POINT('',(2.216629447663E1,3.E1,1.500000178814E0));
#216=LINE('',#215,#214);
#217=DIRECTION('',(0.E0,0.E0,1.E0));
#218=VECTOR('',#217,2.8125E0);
#219=CARTESIAN_POINT('',(2.168757112944E1,3.E1,1.500000178814E0));
#220=LINE('',#219,#218);
#221=DIRECTION('',(-9.063208858186E-1,0.E0,-4.225901701756E-1));
#222=VECTOR('',#221,4.436923738308E0);
#223=CARTESIAN_POINT('',(2.168757112944E1,3.E1,4.312500178814E0));
#224=LINE('',#223,#222);
#225=DIRECTION('',(0.E0,0.E0,1.E0));
#226=VECTOR('',#225,5.625E-1);
#227=CARTESIAN_POINT('',(1.766629447663E1,3.E1,2.437499821186E0));
#228=LINE('',#227,#226);
#229=DIRECTION('',(9.063209321251E-1,0.E0,4.225900708629E-1));
#230=VECTOR('',#229,4.436923511613E0);
#231=CARTESIAN_POINT('',(1.766629447663E1,3.E1,2.999999821186E0));
#232=LINE('',#231,#230);
#233=DIRECTION('',(1.E0,0.E0,0.E0));
#234=VECTOR('',#233,1.45E1);
#235=CARTESIAN_POINT('',(3.72E1,3.E1,1.41E1));
#236=LINE('',#235,#234);
#237=DIRECTION('',(0.E0,0.E0,1.E0));
#238=VECTOR('',#237,2.82E1);
#239=CARTESIAN_POINT('',(3.72E1,3.E1,-1.41E1));
#240=LINE('',#239,#238);
#241=DIRECTION('',(-1.E0,0.E0,0.E0));
#242=VECTOR('',#241,1.45E1);
#243=CARTESIAN_POINT('',(5.17E1,3.E1,-1.41E1));
#244=LINE('',#243,#242);
#245=DIRECTION('',(0.E0,0.E0,1.E0));
#246=VECTOR('',#245,2.82E1);
#247=CARTESIAN_POINT('',(5.17E1,3.E1,-1.41E1));
#248=LINE('',#247,#246);
#249=DIRECTION('',(1.E0,0.E0,0.E0));
#250=VECTOR('',#249,4.5E0);
#251=CARTESIAN_POINT('',(4.152139463513E1,3.E1,-3.375E0));
#252=LINE('',#251,#250);
#253=DIRECTION('',(0.E0,0.E0,-1.E0));
#254=VECTOR('',#253,5.625E-1);
#255=CARTESIAN_POINT('',(4.602139463513E1,3.E1,-3.375E0));
#256=LINE('',#255,#254);
#257=DIRECTION('',(-7.659742160926E-1,0.E0,-6.428712937139E-1));
#258=VECTOR('',#257,8.749807395356E-1);
#259=CARTESIAN_POINT('',(4.602139463513E1,3.E1,-3.9375E0));
#260=LINE('',#259,#258);
#261=DIRECTION('',(-1.E0,0.E0,0.E0));
#262=VECTOR('',#261,7.659576237202E-1);
#263=CARTESIAN_POINT('',(4.535118194907E1,3.E1,-4.5E0));
#264=LINE('',#263,#262);
#265=DIRECTION('',(7.659743427825E-1,0.E0,6.428711427642E-1));
#266=VECTOR('',#265,8.749809449859E-1);
#267=CARTESIAN_POINT('',(4.458522432535E1,3.E1,-4.5E0));
#268=LINE('',#267,#266);
#269=DIRECTION('',(-1.E0,0.E0,0.E0));
#270=VECTOR('',#269,3.734042644501E0);
#271=CARTESIAN_POINT('',(4.525543727964E1,3.E1,-3.9375E0));
#272=LINE('',#271,#270);
#273=DIRECTION('',(0.E0,0.E0,1.E0));
#274=VECTOR('',#273,5.625E-1);
#275=CARTESIAN_POINT('',(4.152139463513E1,3.E1,-3.9375E0));
#276=LINE('',#275,#274);
#277=DIRECTION('',(8.373786433120E-1,0.E0,5.466232777014E-1));
#278=VECTOR('',#277,3.430156842503E-1);
#279=CARTESIAN_POINT('',(4.200011804938E1,3.E1,4.687498211861E-1));
#280=LINE('',#279,#278);
#281=DIRECTION('',(9.506455626052E-1,0.E0,3.102789298341E-1));
#282=VECTOR('',#281,3.021463378846E-1);
#283=CARTESIAN_POINT('',(4.228735205769E1,3.E1,6.562501788139E-1));
#284=LINE('',#283,#282);
#285=DIRECTION('',(1.E0,0.E0,0.E0));
#286=VECTOR('',#285,3.829786777496E-1);
#287=CARTESIAN_POINT('',(4.257458613306E1,3.E1,7.499998211861E-1));
#288=LINE('',#287,#286);
#289=DIRECTION('',(9.713213825738E-1,0.E0,-2.377704181660E-1));
#290=VECTOR('',#289,3.942864007022E-1);
#291=CARTESIAN_POINT('',(4.295756481081E1,3.E1,7.499998211861E-1));
#292=LINE('',#291,#290);
#293=DIRECTION('',(8.373786433120E-1,0.E0,-5.466232777014E-1));
#294=VECTOR('',#293,3.430156842503E-1);
#295=CARTESIAN_POINT('',(4.334054362267E1,3.E1,6.562501788139E-1));
#296=LINE('',#295,#294);
#297=DIRECTION('',(3.781727181043E-1,0.E0,-9.257350567423E-1));
#298=VECTOR('',#297,5.063541860839E-1);
#299=CARTESIAN_POINT('',(4.362777763098E1,3.E1,4.687498211861E-1));
#300=LINE('',#299,#298);
#301=DIRECTION('',(6.080766493621E-1,0.E0,7.938783209665E-1));
#302=VECTOR('',#301,4.723648056763E-1);
#303=CARTESIAN_POINT('',(4.381926696985E1,3.E1,0.E0));
#304=LINE('',#303,#302);
#305=DIRECTION('',(8.373793591563E-1,0.E0,5.466221810895E-1));
#306=VECTOR('',#305,3.430153910190E-1);
#307=CARTESIAN_POINT('',(4.410650097817E1,3.E1,3.750001788139E-1));
#308=LINE('',#307,#306);
#309=DIRECTION('',(9.713210491251E-1,0.E0,2.377717803411E-1));
#310=VECTOR('',#309,3.942863979882E-1);
#311=CARTESIAN_POINT('',(4.439373498648E1,3.E1,5.625E-1));
#312=LINE('',#311,#310);
#313=DIRECTION('',(1.E0,0.E0,0.E0));
#314=VECTOR('',#313,1.914896070957E-1);
#315=CARTESIAN_POINT('',(4.477671366423E1,3.E1,6.562501788139E-1));
#316=LINE('',#315,#314);
#317=DIRECTION('',(9.713210491251E-1,0.E0,-2.377717803411E-1));
#318=VECTOR('',#317,3.942863979882E-1);
#319=CARTESIAN_POINT('',(4.496820327132E1,3.E1,6.562501788139E-1));
#320=LINE('',#319,#318);
#321=DIRECTION('',(7.145102180353E-1,0.E0,-6.996250055017E-1));
#322=VECTOR('',#321,5.360016807076E-1);
#323=CARTESIAN_POINT('',(4.535118194907E1,3.E1,5.625E-1));
#324=LINE('',#323,#322);
#325=DIRECTION('',(4.547771995497E-1,0.E0,-8.906052429498E-1));
#326=VECTOR('',#325,4.210618717570E-1);
#327=CARTESIAN_POINT('',(4.573416062682E1,3.E1,1.874998211861E-1));
#328=LINE('',#327,#326);
#329=DIRECTION('',(1.443682501731E-1,0.E0,-9.895240312099E-1));
#330=VECTOR('',#329,6.631975474013E-1);
#331=CARTESIAN_POINT('',(4.592564996570E1,3.E1,-1.875000894070E-1));
#332=LINE('',#331,#330);
#333=DIRECTION('',(0.E0,0.E0,-1.E0));
#334=VECTOR('',#333,1.875000894070E-1);
#335=CARTESIAN_POINT('',(4.602139463513E1,3.E1,-8.4375E-1));
#336=LINE('',#335,#334);
#337=DIRECTION('',(-1.443682501731E-1,0.E0,-9.895240312099E-1));
#338=VECTOR('',#337,6.631975474013E-1);
#339=CARTESIAN_POINT('',(4.602139463513E1,3.E1,-1.031250089407E0));
#340=LINE('',#339,#338);
#341=DIRECTION('',(-4.547771995497E-1,0.E0,-8.906052429498E-1));
#342=VECTOR('',#341,4.210618717570E-1);
#343=CARTESIAN_POINT('',(4.592564996570E1,3.E1,-1.6875E0));
#344=LINE('',#343,#342);
#345=DIRECTION('',(-7.145103431102E-1,0.E0,-6.996248777656E-1));
#346=VECTOR('',#345,5.360015868806E-1);
#347=CARTESIAN_POINT('',(4.573416062682E1,3.E1,-2.062499910593E0));
#348=LINE('',#347,#346);
#349=DIRECTION('',(-9.713211276800E-1,0.E0,-2.377714594361E-1));
#350=VECTOR('',#349,3.942863661005E-1);
#351=CARTESIAN_POINT('',(4.535118194907E1,3.E1,-2.437499955297E0));
#352=LINE('',#351,#350);
#353=DIRECTION('',(0.E0,0.E0,1.E0));
#354=VECTOR('',#353,4.687500894070E-1);
#355=CARTESIAN_POINT('',(4.496820327132E1,3.E1,-2.53125E0));
#356=LINE('',#355,#354);
#357=DIRECTION('',(8.373793591563E-1,0.E0,5.466221810895E-1));
#358=VECTOR('',#357,3.430153910190E-1);
#359=CARTESIAN_POINT('',(4.496820327132E1,3.E1,-2.062499910593E0));
#360=LINE('',#359,#358);
#361=DIRECTION('',(5.627909312418E-1,0.E0,8.265992787996E-1));
#362=VECTOR('',#361,3.402495105106E-1);
#363=CARTESIAN_POINT('',(4.525543727964E1,3.E1,-1.875000089407E0));
#364=LINE('',#363,#362);
#365=DIRECTION('',(2.001233184181E-1,0.E0,9.797707167625E-1));
#366=VECTOR('',#365,4.784283520494E-1);
#367=CARTESIAN_POINT('',(4.544692661851E1,3.E1,-1.593750089407E0));
#368=LINE('',#367,#366);
#369=DIRECTION('',(0.E0,0.E0,1.E0));
#370=VECTOR('',#369,3.749999105930E-1);
#371=CARTESIAN_POINT('',(4.554267128795E1,3.E1,-1.125E0));
#372=LINE('',#371,#370);
#373=DIRECTION('',(-2.001233184181E-1,0.E0,9.797707167625E-1));
#374=VECTOR('',#373,4.784283520494E-1);
#375=CARTESIAN_POINT('',(4.554267128795E1,3.E1,-7.500000894070E-1));
#376=LINE('',#375,#374);
#377=DIRECTION('',(-5.627909312417E-1,0.E0,8.265992787996E-1));
#378=VECTOR('',#377,3.402495105106E-1);
#379=CARTESIAN_POINT('',(4.544692661851E1,3.E1,-2.8125E-1));
#380=LINE('',#379,#378);
#381=DIRECTION('',(-8.373793591563E-1,0.E0,5.466221810895E-1));
#382=VECTOR('',#381,3.430153910190E-1);
#383=CARTESIAN_POINT('',(4.525543727964E1,3.E1,0.E0));
#384=LINE('',#383,#382);
#385=DIRECTION('',(-1.E0,0.E0,0.E0));
#386=VECTOR('',#385,1.914896070957E-1);
#387=CARTESIAN_POINT('',(4.496820327132E1,3.E1,1.874998211861E-1));
#388=LINE('',#387,#386);
#389=DIRECTION('',(-8.981382627794E-1,0.E0,-4.397131575602E-1));
#390=VECTOR('',#389,4.264139427313E-1);
#391=CARTESIAN_POINT('',(4.477671366423E1,3.E1,1.874998211861E-1));
#392=LINE('',#391,#390);
#393=DIRECTION('',(-7.145102180353E-1,0.E0,-6.996250055017E-1));
#394=VECTOR('',#393,2.680008403538E-1);
#395=CARTESIAN_POINT('',(4.439373498648E1,3.E1,0.E0));
#396=LINE('',#395,#394);
#397=DIRECTION('',(-3.222637633772E-1,0.E0,-9.466499177700E-1));
#398=VECTOR('',#397,5.942006537380E-1);
#399=CARTESIAN_POINT('',(4.420224564760E1,3.E1,-1.875000894070E-1));
#400=LINE('',#399,#398);
#401=DIRECTION('',(0.E0,0.E0,-1.E0));
#402=VECTOR('',#401,3.749999105930E-1);
#403=CARTESIAN_POINT('',(4.401075630873E1,3.E1,-7.500000894070E-1));
#404=LINE('',#403,#402);
#405=DIRECTION('',(-1.E0,0.E0,0.E0));
#406=VECTOR('',#405,3.829786777496E-1);
#407=CARTESIAN_POINT('',(4.401075630873E1,3.E1,-1.125E0));
#408=LINE('',#407,#406);
#409=DIRECTION('',(0.E0,0.E0,1.E0));
#410=VECTOR('',#409,3.749999105930E-1);
#411=CARTESIAN_POINT('',(4.362777763098E1,3.E1,-1.125E0));
#412=LINE('',#411,#410);
#413=DIRECTION('',(-1.677993286083E-1,0.E0,9.858211730931E-1));
#414=VECTOR('',#413,5.705903011143E-1);
#415=CARTESIAN_POINT('',(4.362777763098E1,3.E1,-7.500000894070E-1));
#416=LINE('',#415,#414);
#417=DIRECTION('',(-5.627905645197E-1,0.E0,8.265995284826E-1));
#418=VECTOR('',#417,3.402497322219E-1);
#419=CARTESIAN_POINT('',(4.353203296154E1,3.E1,-1.875000894070E-1));
#420=LINE('',#419,#418);
#421=DIRECTION('',(-8.981383235887E-1,0.E0,4.397130333538E-1));
#422=VECTOR('',#421,4.264140631810E-1);
#423=CARTESIAN_POINT('',(4.334054362267E1,3.E1,9.375017881393E-2));
#424=LINE('',#423,#422);
#425=DIRECTION('',(-1.E0,0.E0,0.E0));
#426=VECTOR('',#425,3.829786777496E-1);
#427=CARTESIAN_POINT('',(4.295756481081E1,3.E1,2.8125E-1));
#428=LINE('',#427,#426);
#429=DIRECTION('',(-8.981377659536E-1,0.E0,-4.397141723527E-1));
#430=VECTOR('',#429,2.132070893061E-1);
#431=CARTESIAN_POINT('',(4.257458613306E1,3.E1,2.8125E-1));
#432=LINE('',#431,#430);
#433=DIRECTION('',(-7.145108408043E-1,0.E0,-6.996243694821E-1));
#434=VECTOR('',#433,2.680007006115E-1);
#435=CARTESIAN_POINT('',(4.238309679418E1,3.E1,1.874998211861E-1));
#436=LINE('',#435,#434);
#437=DIRECTION('',(-4.547769415434E-1,0.E0,-8.906053746977E-1));
#438=VECTOR('',#437,2.105310553180E-1);
#439=CARTESIAN_POINT('',(4.219160738825E1,3.E1,0.E0));
#440=LINE('',#439,#438);
#441=DIRECTION('',(-2.001234283435E-1,0.E0,-9.797706943097E-1));
#442=VECTOR('',#441,4.784280892544E-1);
#443=CARTESIAN_POINT('',(4.209586271881E1,3.E1,-1.875000894070E-1));
#444=LINE('',#443,#442);
#445=DIRECTION('',(0.E0,0.E0,-1.E0));
#446=VECTOR('',#445,5.625E-1);
#447=CARTESIAN_POINT('',(4.200011804938E1,3.E1,-6.562499105930E-1));
#448=LINE('',#447,#446);
#449=DIRECTION('',(2.001233184181E-1,0.E0,-9.797707167625E-1));
#450=VECTOR('',#449,4.784283520494E-1);
#451=CARTESIAN_POINT('',(4.200011804938E1,3.E1,-1.218749910593E0));
#452=LINE('',#451,#450);
#453=DIRECTION('',(4.547769415434E-1,0.E0,-8.906053746977E-1));
#454=VECTOR('',#453,2.105310553180E-1);
#455=CARTESIAN_POINT('',(4.209586271881E1,3.E1,-1.6875E0));
#456=LINE('',#455,#454);
#457=DIRECTION('',(7.145108408043E-1,0.E0,-6.996243694821E-1));
#458=VECTOR('',#457,2.680007006115E-1);
#459=CARTESIAN_POINT('',(4.219160738825E1,3.E1,-1.875000089407E0));
#460=LINE('',#459,#458);
#461=DIRECTION('',(8.981377659536E-1,0.E0,-4.397141723527E-1));
#462=VECTOR('',#461,2.132070893061E-1);
#463=CARTESIAN_POINT('',(4.238309679418E1,3.E1,-2.062499910593E0));
#464=LINE('',#463,#462);
#465=DIRECTION('',(0.E0,0.E0,-1.E0));
#466=VECTOR('',#465,4.687499552965E-1);
#467=CARTESIAN_POINT('',(4.257458613306E1,3.E1,-2.156250089407E0));
#468=LINE('',#467,#466);
#469=DIRECTION('',(-9.506451698354E-1,0.E0,3.102801332161E-1));
#470=VECTOR('',#469,3.021464627198E-1);
#471=CARTESIAN_POINT('',(4.257458613306E1,3.E1,-2.625000044703E0));
#472=LINE('',#471,#470);
#473=DIRECTION('',(-8.373791801952E-1,0.E0,5.466224552427E-1));
#474=VECTOR('',#473,3.430154643268E-1);
#475=CARTESIAN_POINT('',(4.228735205769E1,3.E1,-2.53125E0));
#476=LINE('',#475,#474);
#477=DIRECTION('',(-5.627908152086E-1,0.E0,8.265993578009E-1));
#478=VECTOR('',#477,3.402496402353E-1);
#479=CARTESIAN_POINT('',(4.200011804938E1,3.E1,-2.343750044703E0));
#480=LINE('',#479,#478);
#481=DIRECTION('',(-4.547772469181E-1,0.E0,8.906052187617E-1));
#482=VECTOR('',#481,4.210618831927E-1);
#483=CARTESIAN_POINT('',(4.180862867697E1,3.E1,-2.062499910593E0));
#484=LINE('',#483,#482);
#485=DIRECTION('',(-2.473832932831E-1,0.E0,9.689176983647E-1));
#486=VECTOR('',#485,3.870296839721E-1);
#487=CARTESIAN_POINT('',(4.161713931295E1,3.E1,-1.6875E0));
#488=LINE('',#487,#486);
#489=DIRECTION('',(0.E0,0.E0,1.E0));
#490=VECTOR('',#489,7.500000894070E-1);
#491=CARTESIAN_POINT('',(4.152139463513E1,3.E1,-1.312500089407E0));
#492=LINE('',#491,#490);
#493=DIRECTION('',(2.473832932831E-1,0.E0,9.689176983647E-1));
#494=VECTOR('',#493,3.870296839721E-1);
#495=CARTESIAN_POINT('',(4.152139463513E1,3.E1,-5.625E-1));
#496=LINE('',#495,#494);
#497=DIRECTION('',(4.547772469181E-1,0.E0,8.906052187617E-1));
#498=VECTOR('',#497,4.210618831927E-1);
#499=CARTESIAN_POINT('',(4.161713931295E1,3.E1,-1.875000894070E-1));
#500=LINE('',#499,#498);
#501=DIRECTION('',(5.627909985697E-1,0.E0,8.265992329593E-1));
#502=VECTOR('',#501,3.402495293797E-1);
#503=CARTESIAN_POINT('',(4.180862867697E1,3.E1,1.874998211861E-1));
#504=LINE('',#503,#502);
#505=DIRECTION('',(8.373786433120E-1,0.E0,5.466232777014E-1));
#506=VECTOR('',#505,3.430156842503E-1);
#507=CARTESIAN_POINT('',(4.200011804938E1,3.E1,4.593749642372E0));
#508=LINE('',#507,#506);
#509=DIRECTION('',(9.506455626052E-1,0.E0,3.102789298341E-1));
#510=VECTOR('',#509,3.021463378846E-1);
#511=CARTESIAN_POINT('',(4.228735205769E1,3.E1,4.78125E0));
#512=LINE('',#511,#510);
#513=DIRECTION('',(1.E0,0.E0,0.E0));
#514=VECTOR('',#513,3.829786777496E-1);
#515=CARTESIAN_POINT('',(4.257458613306E1,3.E1,4.874999642372E0));
#516=LINE('',#515,#514);
#517=DIRECTION('',(9.713213825738E-1,0.E0,-2.377704181660E-1));
#518=VECTOR('',#517,3.942864007022E-1);
#519=CARTESIAN_POINT('',(4.295756481081E1,3.E1,4.874999642372E0));
#520=LINE('',#519,#518);
#521=DIRECTION('',(8.373786433120E-1,0.E0,-5.466232777014E-1));
#522=VECTOR('',#521,3.430156842503E-1);
#523=CARTESIAN_POINT('',(4.334054362267E1,3.E1,4.78125E0));
#524=LINE('',#523,#522);
#525=DIRECTION('',(3.781727181043E-1,0.E0,-9.257350567423E-1));
#526=VECTOR('',#525,5.063541860839E-1);
#527=CARTESIAN_POINT('',(4.362777763098E1,3.E1,4.593749642372E0));
#528=LINE('',#527,#526);
#529=DIRECTION('',(6.080766493621E-1,0.E0,7.938783209665E-1));
#530=VECTOR('',#529,4.723648056763E-1);
#531=CARTESIAN_POINT('',(4.381926696985E1,3.E1,4.124999821186E0));
#532=LINE('',#531,#530);
#533=DIRECTION('',(8.373786433120E-1,0.E0,5.466232777014E-1));
#534=VECTOR('',#533,3.430156842503E-1);
#535=CARTESIAN_POINT('',(4.410650097817E1,3.E1,4.5E0));
#536=LINE('',#535,#534);
#537=DIRECTION('',(9.713213633444E-1,0.E0,2.377704967206E-1));
#538=VECTOR('',#537,3.942862704378E-1);
#539=CARTESIAN_POINT('',(4.439373498648E1,3.E1,4.687500357628E0));
#540=LINE('',#539,#538);
#541=DIRECTION('',(1.E0,0.E0,0.E0));
#542=VECTOR('',#541,1.914896070957E-1);
#543=CARTESIAN_POINT('',(4.477671366423E1,3.E1,4.78125E0));
#544=LINE('',#543,#542);
#545=DIRECTION('',(9.713213633444E-1,0.E0,-2.377704967206E-1));
#546=VECTOR('',#545,3.942862704378E-1);
#547=CARTESIAN_POINT('',(4.496820327132E1,3.E1,4.78125E0));
#548=LINE('',#547,#546);
#549=DIRECTION('',(7.145102180353E-1,0.E0,-6.996250055017E-1));
#550=VECTOR('',#549,5.360016807076E-1);
#551=CARTESIAN_POINT('',(4.535118194907E1,3.E1,4.687500357628E0));
#552=LINE('',#551,#550);
#553=DIRECTION('',(4.547769415434E-1,0.E0,-8.906053746977E-1));
#554=VECTOR('',#553,4.210621106359E-1);
#555=CARTESIAN_POINT('',(4.573416062682E1,3.E1,4.312500178814E0));
#556=LINE('',#555,#554);
#557=DIRECTION('',(1.443681923971E-1,0.E0,-9.895240396393E-1));
#558=VECTOR('',#557,6.631978128123E-1);
#559=CARTESIAN_POINT('',(4.592564996570E1,3.E1,3.9375E0));
#560=LINE('',#559,#558);
#561=DIRECTION('',(0.E0,0.E0,-1.E0));
#562=VECTOR('',#561,1.874998211861E-1);
#563=CARTESIAN_POINT('',(4.602139463513E1,3.E1,3.281249821186E0));
#564=LINE('',#563,#562);
#565=DIRECTION('',(-1.443681923971E-1,0.E0,-9.895240396393E-1));
#566=VECTOR('',#565,6.631978128123E-1);
#567=CARTESIAN_POINT('',(4.602139463513E1,3.E1,3.09375E0));
#568=LINE('',#567,#566);
#569=DIRECTION('',(-4.547774575564E-1,0.E0,-8.906051112017E-1));
#570=VECTOR('',#569,4.210616328781E-1);
#571=CARTESIAN_POINT('',(4.592564996570E1,3.E1,2.437499821186E0));
#572=LINE('',#571,#570);
#573=DIRECTION('',(-7.145102180353E-1,0.E0,-6.996250055017E-1));
#574=VECTOR('',#573,5.360016807076E-1);
#575=CARTESIAN_POINT('',(4.573416062682E1,3.E1,2.062500178814E0));
#576=LINE('',#575,#574);
#577=DIRECTION('',(-9.713210491251E-1,0.E0,-2.377717803411E-1));
#578=VECTOR('',#577,3.942863979882E-1);
#579=CARTESIAN_POINT('',(4.535118194907E1,3.E1,1.6875E0));
#580=LINE('',#579,#578);
#581=DIRECTION('',(0.E0,0.E0,1.E0));
#582=VECTOR('',#581,4.687503576279E-1);
#583=CARTESIAN_POINT('',(4.496820327132E1,3.E1,1.593749821186E0));
#584=LINE('',#583,#582);
#585=DIRECTION('',(8.373793591563E-1,0.E0,5.466221810895E-1));
#586=VECTOR('',#585,3.430153910190E-1);
#587=CARTESIAN_POINT('',(4.496820327132E1,3.E1,2.062500178814E0));
#588=LINE('',#587,#586);
#589=DIRECTION('',(5.627909312417E-1,0.E0,8.265992787996E-1));
#590=VECTOR('',#589,3.402495105106E-1);
#591=CARTESIAN_POINT('',(4.525543727964E1,3.E1,2.25E0));
#592=LINE('',#591,#590);
#593=DIRECTION('',(2.001234283435E-1,0.E0,9.797706943097E-1));
#594=VECTOR('',#593,4.784280892544E-1);
#595=CARTESIAN_POINT('',(4.544692661851E1,3.E1,2.53125E0));
#596=LINE('',#595,#594);
#597=DIRECTION('',(0.E0,0.E0,1.E0));
#598=VECTOR('',#597,3.750001788139E-1);
#599=CARTESIAN_POINT('',(4.554267128795E1,3.E1,2.999999821186E0));
#600=LINE('',#599,#598);
#601=DIRECTION('',(-2.001234283435E-1,0.E0,9.797706943097E-1));
#602=VECTOR('',#601,4.784280892544E-1);
#603=CARTESIAN_POINT('',(4.554267128795E1,3.E1,3.375E0));
#604=LINE('',#603,#602);
#605=DIRECTION('',(-5.627909312417E-1,0.E0,8.265992787996E-1));
#606=VECTOR('',#605,3.402495105106E-1);
#607=CARTESIAN_POINT('',(4.544692661851E1,3.E1,3.843749821186E0));
#608=LINE('',#607,#606);
#609=DIRECTION('',(-8.373786433120E-1,0.E0,5.466232777014E-1));
#610=VECTOR('',#609,3.430156842503E-1);
#611=CARTESIAN_POINT('',(4.525543727964E1,3.E1,4.124999821186E0));
#612=LINE('',#611,#610);
#613=DIRECTION('',(-1.E0,0.E0,0.E0));
#614=VECTOR('',#613,1.914896070957E-1);
#615=CARTESIAN_POINT('',(4.496820327132E1,3.E1,4.312500178814E0));
#616=LINE('',#615,#614);
#617=DIRECTION('',(-8.981377659536E-1,0.E0,-4.397141723527E-1));
#618=VECTOR('',#617,4.264141786121E-1);
#619=CARTESIAN_POINT('',(4.477671366423E1,3.E1,4.312500178814E0));
#620=LINE('',#619,#618);
#621=DIRECTION('',(-7.145107183351E-1,0.E0,-6.996244945571E-1));
#622=VECTOR('',#621,2.680006526998E-1);
#623=CARTESIAN_POINT('',(4.439373498648E1,3.E1,4.124999821186E0));
#624=LINE('',#623,#622);
#625=DIRECTION('',(-3.222637633772E-1,0.E0,-9.466499177700E-1));
#626=VECTOR('',#625,5.942006537380E-1);
#627=CARTESIAN_POINT('',(4.420224564760E1,3.E1,3.9375E0));
#628=LINE('',#627,#626);
#629=DIRECTION('',(0.E0,0.E0,-1.E0));
#630=VECTOR('',#629,3.750001788139E-1);
#631=CARTESIAN_POINT('',(4.401075630873E1,3.E1,3.375E0));
#632=LINE('',#631,#630);
#633=DIRECTION('',(-1.E0,0.E0,0.E0));
#634=VECTOR('',#633,3.829786777496E-1);
#635=CARTESIAN_POINT('',(4.401075630873E1,3.E1,2.999999821186E0));
#636=LINE('',#635,#634);
#637=DIRECTION('',(0.E0,0.E0,1.E0));
#638=VECTOR('',#637,3.750001788139E-1);
#639=CARTESIAN_POINT('',(4.362777763098E1,3.E1,2.999999821186E0));
#640=LINE('',#639,#638);
#641=DIRECTION('',(-1.677993286083E-1,0.E0,9.858211730931E-1));
#642=VECTOR('',#641,5.705903011143E-1);
#643=CARTESIAN_POINT('',(4.362777763098E1,3.E1,3.375E0));
#644=LINE('',#643,#642);
#645=DIRECTION('',(-5.627909312417E-1,0.E0,8.265992787996E-1));
#646=VECTOR('',#645,3.402495105106E-1);
#647=CARTESIAN_POINT('',(4.353203296154E1,3.E1,3.9375E0));
#648=LINE('',#647,#646);
#649=DIRECTION('',(-8.981383235887E-1,0.E0,4.397130333538E-1));
#650=VECTOR('',#649,4.264140631810E-1);
#651=CARTESIAN_POINT('',(4.334054362267E1,3.E1,4.21875E0));
#652=LINE('',#651,#650);
#653=DIRECTION('',(-1.E0,0.E0,0.E0));
#654=VECTOR('',#653,3.829786777496E-1);
#655=CARTESIAN_POINT('',(4.295756481081E1,3.E1,4.406249821186E0));
#656=LINE('',#655,#654);
#657=DIRECTION('',(-8.981387596046E-1,0.E0,-4.397121427660E-1));
#658=VECTOR('',#657,2.132068534255E-1);
#659=CARTESIAN_POINT('',(4.257458613306E1,3.E1,4.406249821186E0));
#660=LINE('',#659,#658);
#661=DIRECTION('',(-7.145098402051E-1,0.E0,-6.996253913704E-1));
#662=VECTOR('',#661,2.680010759195E-1);
#663=CARTESIAN_POINT('',(4.238309679418E1,3.E1,4.312500178814E0));
#664=LINE('',#663,#662);
#665=DIRECTION('',(-4.547774575564E-1,0.E0,-8.906051112017E-1));
#666=VECTOR('',#665,2.105308164390E-1);
#667=CARTESIAN_POINT('',(4.219160738825E1,3.E1,4.124999821186E0));
#668=LINE('',#667,#666);
#669=DIRECTION('',(-2.001234283435E-1,0.E0,-9.797706943097E-1));
#670=VECTOR('',#669,4.784280892544E-1);
#671=CARTESIAN_POINT('',(4.209586271881E1,3.E1,3.9375E0));
#672=LINE('',#671,#670);
#673=DIRECTION('',(0.E0,0.E0,-1.E0));
#674=VECTOR('',#673,5.625E-1);
#675=CARTESIAN_POINT('',(4.200011804938E1,3.E1,3.468750178814E0));
#676=LINE('',#675,#674);
#677=DIRECTION('',(2.001232084928E-1,0.E0,-9.797707392153E-1));
#678=VECTOR('',#677,4.784286148444E-1);
#679=CARTESIAN_POINT('',(4.200011804938E1,3.E1,2.906250178814E0));
#680=LINE('',#679,#678);
#681=DIRECTION('',(4.547774575564E-1,0.E0,-8.906051112017E-1));
#682=VECTOR('',#681,2.105308164390E-1);
#683=CARTESIAN_POINT('',(4.209586271881E1,3.E1,2.437499821186E0));
#684=LINE('',#683,#682);
#685=DIRECTION('',(7.145108408043E-1,0.E0,-6.996243694821E-1));
#686=VECTOR('',#685,2.680007006115E-1);
#687=CARTESIAN_POINT('',(4.219160738825E1,3.E1,2.25E0));
#688=LINE('',#687,#686);
#689=DIRECTION('',(8.981377659536E-1,0.E0,-4.397141723527E-1));
#690=VECTOR('',#689,2.132070893061E-1);
#691=CARTESIAN_POINT('',(4.238309679418E1,3.E1,2.062500178814E0));
#692=LINE('',#691,#690);
#693=DIRECTION('',(0.E0,0.E0,-1.E0));
#694=VECTOR('',#693,4.687498211861E-1);
#695=CARTESIAN_POINT('',(4.257458613306E1,3.E1,1.96875E0));
#696=LINE('',#695,#694);
#697=DIRECTION('',(-9.506455626052E-1,0.E0,3.102789298341E-1));
#698=VECTOR('',#697,3.021463378846E-1);
#699=CARTESIAN_POINT('',(4.257458613306E1,3.E1,1.500000178814E0));
#700=LINE('',#699,#698);
#701=DIRECTION('',(-8.373786433120E-1,0.E0,5.466232777014E-1));
#702=VECTOR('',#701,3.430156842503E-1);
#703=CARTESIAN_POINT('',(4.228735205769E1,3.E1,1.593749821186E0));
#704=LINE('',#703,#702);
#705=DIRECTION('',(-5.627909985696E-1,0.E0,8.265992329593E-1));
#706=VECTOR('',#705,3.402495293797E-1);
#707=CARTESIAN_POINT('',(4.200011804938E1,3.E1,1.781250178814E0));
#708=LINE('',#707,#706);
#709=DIRECTION('',(-4.547775049248E-1,0.E0,8.906050870136E-1));
#710=VECTOR('',#709,4.210616443138E-1);
#711=CARTESIAN_POINT('',(4.180862867697E1,3.E1,2.062500178814E0));
#712=LINE('',#711,#710);
#713=DIRECTION('',(-2.473831271694E-1,0.E0,9.689177407767E-1));
#714=VECTOR('',#713,3.870299438560E-1);
#715=CARTESIAN_POINT('',(4.161713931295E1,3.E1,2.437499821186E0));
#716=LINE('',#715,#714);
#717=DIRECTION('',(0.E0,0.E0,1.E0));
#718=VECTOR('',#717,7.499998211861E-1);
#719=CARTESIAN_POINT('',(4.152139463513E1,3.E1,2.8125E0));
#720=LINE('',#719,#718);
#721=DIRECTION('',(2.473831271694E-1,0.E0,9.689177407767E-1));
#722=VECTOR('',#721,3.870299438560E-1);
#723=CARTESIAN_POINT('',(4.152139463513E1,3.E1,3.562499821186E0));
#724=LINE('',#723,#722);
#725=DIRECTION('',(4.547769889117E-1,0.E0,8.906053505096E-1));
#726=VECTOR('',#725,4.210621220716E-1);
#727=CARTESIAN_POINT('',(4.161713931295E1,3.E1,3.9375E0));
#728=LINE('',#727,#726);
#729=DIRECTION('',(5.627917320148E-1,0.E0,8.265987335919E-1));
#730=VECTOR('',#729,3.402490859574E-1);
#731=CARTESIAN_POINT('',(4.180862867697E1,3.E1,4.312500178814E0));
#732=LINE('',#731,#730);
#733=DIRECTION('',(1.E0,0.E0,0.E0));
#734=VECTOR('',#733,4.787234142423E-1);
#735=CARTESIAN_POINT('',(4.152139463513E1,3.E1,6.093750357628E0));
#736=LINE('',#735,#734);
#737=DIRECTION('',(0.E0,0.E0,-1.E0));
#738=VECTOR('',#737,4.687503576279E-1);
#739=CARTESIAN_POINT('',(4.200011804938E1,3.E1,6.093750357628E0));
#740=LINE('',#739,#738);
#741=DIRECTION('',(-1.E0,0.E0,0.E0));
#742=VECTOR('',#741,4.787234142423E-1);
#743=CARTESIAN_POINT('',(4.200011804938E1,3.E1,5.625E0));
#744=LINE('',#743,#742);
#745=DIRECTION('',(0.E0,0.E0,1.E0));
#746=VECTOR('',#745,4.687503576279E-1);
#747=CARTESIAN_POINT('',(4.152139463513E1,3.E1,5.625E0));
#748=LINE('',#747,#746);
#749=DIRECTION('',(6.080771975856E-1,0.E0,7.938779010506E-1));
#750=VECTOR('',#749,4.723643798069E-1);
#751=CARTESIAN_POINT('',(4.353203296154E1,3.E1,7.500000357628E0));
#752=LINE('',#751,#750);
#753=DIRECTION('',(2.473834390653E-1,0.E0,9.689176611437E-1));
#754=VECTOR('',#753,3.870294220145E-1);
#755=CARTESIAN_POINT('',(4.381926696985E1,3.E1,7.875E0));
#756=LINE('',#755,#754);
#757=DIRECTION('',(0.E0,0.E0,1.E0));
#758=VECTOR('',#757,5.625E-1);
#759=CARTESIAN_POINT('',(4.391501163929E1,3.E1,8.249999642372E0));
#760=LINE('',#759,#758);
#761=DIRECTION('',(-2.473827746112E-1,0.E0,9.689178307915E-1));
#762=VECTOR('',#761,3.870304615505E-1);
#763=CARTESIAN_POINT('',(4.391501163929E1,3.E1,8.812499642372E0));
#764=LINE('',#763,#762);
#765=DIRECTION('',(-5.627909312417E-1,0.E0,8.265992787996E-1));
#766=VECTOR('',#765,3.402495105106E-1);
#767=CARTESIAN_POINT('',(4.381926696985E1,3.E1,9.187500357628E0));
#768=LINE('',#767,#766);
#769=DIRECTION('',(-8.373800750004E-1,0.E0,5.466210844748E-1));
#770=VECTOR('',#769,3.430150977883E-1);
#771=CARTESIAN_POINT('',(4.362777763098E1,3.E1,9.468750357628E0));
#772=LINE('',#771,#770);
#773=DIRECTION('',(-9.506445365826E-1,0.E0,3.102820733875E-1));
#774=VECTOR('',#773,3.021467345252E-1);
#775=CARTESIAN_POINT('',(4.334054362267E1,3.E1,9.656249642372E0));
#776=LINE('',#775,#774);
#777=DIRECTION('',(-1.E0,0.E0,0.E0));
#778=VECTOR('',#777,1.914893388748E-1);
#779=CARTESIAN_POINT('',(4.305330948024E1,3.E1,9.750000357628E0));
#780=LINE('',#779,#778);
#781=DIRECTION('',(-9.506444938501E-1,0.E0,-3.102822043116E-1));
#782=VECTOR('',#781,3.021466070339E-1);
#783=CARTESIAN_POINT('',(4.286182014137E1,3.E1,9.750000357628E0));
#784=LINE('',#783,#782);
#785=DIRECTION('',(-8.373801334110E-1,0.E0,-5.466209949943E-1));
#786=VECTOR('',#785,3.430151539390E-1);
#787=CARTESIAN_POINT('',(4.257458613306E1,3.E1,9.656249642372E0));
#788=LINE('',#787,#786);
#789=DIRECTION('',(-5.627909312417E-1,0.E0,-8.265992787996E-1));
#790=VECTOR('',#789,3.402495105106E-1);
#791=CARTESIAN_POINT('',(4.228735205769E1,3.E1,9.468750357628E0));
#792=LINE('',#791,#790);
#793=DIRECTION('',(-2.473827746112E-1,0.E0,-9.689178307915E-1));
#794=VECTOR('',#793,3.870304615505E-1);
#795=CARTESIAN_POINT('',(4.209586271881E1,3.E1,9.187500357628E0));
#796=LINE('',#795,#794);
#797=DIRECTION('',(0.E0,0.E0,-1.E0));
#798=VECTOR('',#797,5.625E-1);
#799=CARTESIAN_POINT('',(4.200011804938E1,3.E1,8.812499642372E0));
#800=LINE('',#799,#798);
#801=DIRECTION('',(2.473834390653E-1,0.E0,-9.689176611437E-1));
#802=VECTOR('',#801,3.870294220145E-1);
#803=CARTESIAN_POINT('',(4.200011804938E1,3.E1,8.249999642372E0));
#804=LINE('',#803,#802);
#805=DIRECTION('',(5.627909312417E-1,0.E0,-8.265992787996E-1));
#806=VECTOR('',#805,3.402495105106E-1);
#807=CARTESIAN_POINT('',(4.209586271881E1,3.E1,7.875E0));
#808=LINE('',#807,#806);
#809=DIRECTION('',(8.981377963584E-1,0.E0,-4.397141102494E-1));
#810=VECTOR('',#809,4.264142388369E-1);
#811=CARTESIAN_POINT('',(4.228735205769E1,3.E1,7.59375E0));
#812=LINE('',#811,#810);
#813=DIRECTION('',(0.E0,0.E0,-1.E0));
#814=VECTOR('',#813,5.625E-1);
#815=CARTESIAN_POINT('',(4.267033080249E1,3.E1,7.406249642372E0));
#816=LINE('',#815,#814);
#817=DIRECTION('',(-8.981377963584E-1,0.E0,4.397141102494E-1));
#818=VECTOR('',#817,4.264142388369E-1);
#819=CARTESIAN_POINT('',(4.267033080249E1,3.E1,6.843749642372E0));
#820=LINE('',#819,#818);
#821=DIRECTION('',(-8.060044205527E-1,0.E0,5.919095150862E-1));
#822=VECTOR('',#821,4.751570853850E-1);
#823=CARTESIAN_POINT('',(4.228735205769E1,3.E1,7.03125E0));
#824=LINE('',#823,#822);
#825=DIRECTION('',(-5.224766720432E-1,0.E0,8.526535798146E-1));
#826=VECTOR('',#825,5.497547523694E-1);
#827=CARTESIAN_POINT('',(4.190437334641E1,3.E1,7.3125E0));
#828=LINE('',#827,#826);
#829=DIRECTION('',(-2.001236650127E-1,0.E0,9.797706459687E-1));
#830=VECTOR('',#829,4.784275653419E-1);
#831=CARTESIAN_POINT('',(4.161713931295E1,3.E1,7.781250357628E0));
#832=LINE('',#831,#830);
#833=DIRECTION('',(0.E0,0.E0,1.E0));
#834=VECTOR('',#833,5.625E-1);
#835=CARTESIAN_POINT('',(4.152139463513E1,3.E1,8.249999642372E0));
#836=LINE('',#835,#834);
#837=DIRECTION('',(2.001232253108E-1,0.E0,9.797707357802E-1));
#838=VECTOR('',#837,4.784286165218E-1);
#839=CARTESIAN_POINT('',(4.152139463513E1,3.E1,8.812499642372E0));
#840=LINE('',#839,#838);
#841=DIRECTION('',(5.224766720432E-1,0.E0,8.526535798146E-1));
#842=VECTOR('',#841,5.497547523694E-1);
#843=CARTESIAN_POINT('',(4.161713931295E1,3.E1,9.28125E0));
#844=LINE('',#843,#842);
#845=DIRECTION('',(8.060044205527E-1,0.E0,5.919095150862E-1));
#846=VECTOR('',#845,4.751570853850E-1);
#847=CARTESIAN_POINT('',(4.190437334641E1,3.E1,9.750000357628E0));
#848=LINE('',#847,#846);
#849=DIRECTION('',(9.311287257622E-1,0.E0,3.646906854589E-1));
#850=VECTOR('',#849,5.141323653724E-1);
#851=CARTESIAN_POINT('',(4.228735205769E1,3.E1,1.003125035763E1));
#852=LINE('',#851,#850);
#853=DIRECTION('',(1.E0,0.E0,0.E0));
#854=VECTOR('',#853,3.829786777496E-1);
#855=CARTESIAN_POINT('',(4.276607547193E1,3.E1,1.021874964237E1));
#856=LINE('',#855,#854);
#857=DIRECTION('',(9.311287431085E-1,0.E0,-3.646906411703E-1));
#858=VECTOR('',#857,5.141324278094E-1);
#859=CARTESIAN_POINT('',(4.314905414968E1,3.E1,1.021874964237E1));
#860=LINE('',#859,#858);
#861=DIRECTION('',(8.060043958311E-1,0.E0,-5.919095487496E-1));
#862=VECTOR('',#861,4.751570583616E-1);
#863=CARTESIAN_POINT('',(4.362777763098E1,3.E1,1.003125035763E1));
#864=LINE('',#863,#862);
#865=DIRECTION('',(5.224766387895E-1,0.E0,-8.526536001913E-1));
#866=VECTOR('',#865,5.497547392314E-1);
#867=CARTESIAN_POINT('',(4.401075630873E1,3.E1,9.750000357628E0));
#868=LINE('',#867,#866);
#869=DIRECTION('',(2.001232084928E-1,0.E0,-9.797707392153E-1));
#870=VECTOR('',#869,4.784286148444E-1);
#871=CARTESIAN_POINT('',(4.429799031704E1,3.E1,9.28125E0));
#872=LINE('',#871,#870);
#873=DIRECTION('',(0.E0,0.E0,-1.E0));
#874=VECTOR('',#873,5.625E-1);
#875=CARTESIAN_POINT('',(4.439373498648E1,3.E1,8.812499642372E0));
#876=LINE('',#875,#874);
#877=DIRECTION('',(-2.001236481946E-1,0.E0,-9.797706494039E-1));
#878=VECTOR('',#877,4.784275636645E-1);
#879=CARTESIAN_POINT('',(4.439373498648E1,3.E1,8.249999642372E0));
#880=LINE('',#879,#878);
#881=DIRECTION('',(-5.224766387895E-1,0.E0,-8.526536001913E-1));
#882=VECTOR('',#881,5.497547392314E-1);
#883=CARTESIAN_POINT('',(4.429799031704E1,3.E1,7.781250357628E0));
#884=LINE('',#883,#882);
#885=DIRECTION('',(1.E0,0.E0,0.E0));
#886=VECTOR('',#885,1.531914979219E0);
#887=CARTESIAN_POINT('',(4.401075630873E1,3.E1,7.3125E0));
#888=LINE('',#887,#886);
#889=DIRECTION('',(0.E0,0.E0,1.E0));
#890=VECTOR('',#889,2.718750357628E0);
#891=CARTESIAN_POINT('',(4.554267128795E1,3.E1,7.3125E0));
#892=LINE('',#891,#890);
#893=DIRECTION('',(1.E0,0.E0,0.E0));
#894=VECTOR('',#893,4.787233471870E-1);
#895=CARTESIAN_POINT('',(4.554267128795E1,3.E1,1.003125035763E1));
#896=LINE('',#895,#894);
#897=DIRECTION('',(0.E0,0.E0,-1.E0));
#898=VECTOR('',#897,3.187500715256E0);
#899=CARTESIAN_POINT('',(4.602139463513E1,3.E1,1.003125035763E1));
#900=LINE('',#899,#898);
#901=DIRECTION('',(-1.E0,0.E0,0.E0));
#902=VECTOR('',#901,2.489361673594E0);
#903=CARTESIAN_POINT('',(4.602139463513E1,3.E1,6.843749642372E0));
#904=LINE('',#903,#902);
#905=DIRECTION('',(0.E0,0.E0,1.E0));
#906=VECTOR('',#905,6.562507152557E-1);
#907=CARTESIAN_POINT('',(4.353203296154E1,3.E1,6.843749642372E0));
#908=LINE('',#907,#906);
#909=DIRECTION('',(1.E0,0.E0,0.E0));
#910=VECTOR('',#909,1.2E1);
#911=CARTESIAN_POINT('',(5.27E1,3.E1,1.41E1));
#912=LINE('',#911,#910);
#913=DIRECTION('',(0.E0,0.E0,1.E0));
#914=VECTOR('',#913,2.82E1);
#915=CARTESIAN_POINT('',(5.27E1,3.E1,-1.41E1));
#916=LINE('',#915,#914);
#917=DIRECTION('',(-1.E0,0.E0,0.E0));
#918=VECTOR('',#917,1.2E1);
#919=CARTESIAN_POINT('',(6.47E1,3.E1,-1.41E1));
#920=LINE('',#919,#918);
#921=DIRECTION('',(0.E0,0.E0,1.E0));
#922=VECTOR('',#921,2.82E1);
#923=CARTESIAN_POINT('',(6.47E1,3.E1,-1.41E1));
#924=LINE('',#923,#922);
#925=DIRECTION('',(1.E0,0.E0,0.E0));
#926=VECTOR('',#925,4.5E0);
#927=CARTESIAN_POINT('',(5.703720418260E1,3.E1,-3.375E0));
#928=LINE('',#927,#926);
#929=DIRECTION('',(0.E0,0.E0,-1.E0));
#930=VECTOR('',#929,5.625E-1);
#931=CARTESIAN_POINT('',(6.153720418260E1,3.E1,-3.375E0));
#932=LINE('',#931,#930);
#933=DIRECTION('',(-7.659742160926E-1,0.E0,-6.428712937139E-1));
#934=VECTOR('',#933,8.749807395356E-1);
#935=CARTESIAN_POINT('',(6.153720418260E1,3.E1,-3.9375E0));
#936=LINE('',#935,#934);
#937=DIRECTION('',(-1.E0,0.E0,0.E0));
#938=VECTOR('',#937,7.659576237202E-1);
#939=CARTESIAN_POINT('',(6.086699149653E1,3.E1,-4.5E0));
#940=LINE('',#939,#938);
#941=DIRECTION('',(7.659743427825E-1,0.E0,6.428711427642E-1));
#942=VECTOR('',#941,8.749809449859E-1);
#943=CARTESIAN_POINT('',(6.010103387281E1,3.E1,-4.5E0));
#944=LINE('',#943,#942);
#945=DIRECTION('',(-1.E0,0.E0,0.E0));
#946=VECTOR('',#945,3.734042644501E0);
#947=CARTESIAN_POINT('',(6.077124682710E1,3.E1,-3.9375E0));
#948=LINE('',#947,#946);
#949=DIRECTION('',(0.E0,0.E0,1.E0));
#950=VECTOR('',#949,5.625E-1);
#951=CARTESIAN_POINT('',(5.703720418260E1,3.E1,-3.9375E0));
#952=LINE('',#951,#950);
#953=DIRECTION('',(1.E0,0.E0,0.E0));
#954=VECTOR('',#953,4.5E0);
#955=CARTESIAN_POINT('',(5.703720418260E1,3.E1,-1.499999910593E0));
#956=LINE('',#955,#954);
#957=DIRECTION('',(0.E0,0.E0,-1.E0));
#958=VECTOR('',#957,5.625E-1);
#959=CARTESIAN_POINT('',(6.153720418260E1,3.E1,-1.499999910593E0));
#960=LINE('',#959,#958);
#961=DIRECTION('',(-7.659741406177E-1,0.E0,-6.428713836414E-1));
#962=VECTOR('',#961,8.749808257514E-1);
#963=CARTESIAN_POINT('',(6.153720418260E1,3.E1,-2.062499910593E0));
#964=LINE('',#963,#962);
#965=DIRECTION('',(-1.E0,0.E0,0.E0));
#966=VECTOR('',#965,7.659576237202E-1);
#967=CARTESIAN_POINT('',(6.086699149653E1,3.E1,-2.625000044703E0));
#968=LINE('',#967,#966);
#969=DIRECTION('',(7.659742673076E-1,0.E0,6.428712326917E-1));
#970=VECTOR('',#969,8.749810312016E-1);
#971=CARTESIAN_POINT('',(6.010103387281E1,3.E1,-2.625000044703E0));
#972=LINE('',#971,#970);
#973=DIRECTION('',(-1.E0,0.E0,0.E0));
#974=VECTOR('',#973,3.734042644501E0);
#975=CARTESIAN_POINT('',(6.077124682710E1,3.E1,-2.062499910593E0));
#976=LINE('',#975,#974);
#977=DIRECTION('',(0.E0,0.E0,1.E0));
#978=VECTOR('',#977,5.625E-1);
#979=CARTESIAN_POINT('',(5.703720418260E1,3.E1,-2.062499910593E0));
#980=LINE('',#979,#978);
#981=DIRECTION('',(-4.547769415434E-1,0.E0,-8.906053746977E-1));
#982=VECTOR('',#981,2.105310553180E-1);
#983=CARTESIAN_POINT('',(5.933507651732E1,3.E1,0.E0));
#984=LINE('',#983,#982);
#985=DIRECTION('',(-6.080769234738E-1,0.E0,-7.938781110086E-1));
#986=VECTOR('',#985,4.723645927415E-1);
#987=CARTESIAN_POINT('',(5.923933184788E1,3.E1,-1.875000894070E-1));
#988=LINE('',#987,#986);
#989=DIRECTION('',(-9.311282116446E-1,0.E0,-3.646919981020E-1));
#990=VECTOR('',#989,5.141327212629E-1);
#991=CARTESIAN_POINT('',(5.895209783957E1,3.E1,-5.625E-1));
#992=LINE('',#991,#990);
#993=DIRECTION('',(-1.E0,0.E0,0.E0));
#994=VECTOR('',#993,2.872340083122E-1);
#995=CARTESIAN_POINT('',(5.847337435827E1,3.E1,-7.500000894070E-1));
#996=LINE('',#995,#994);
#997=DIRECTION('',(-9.311281942981E-1,0.E0,3.646920423907E-1));
#998=VECTOR('',#997,5.141326588259E-1);
#999=CARTESIAN_POINT('',(5.818614034996E1,3.E1,-7.500000894070E-1));
#1000=LINE('',#999,#998);
#1001=DIRECTION('',(-7.145104256249E-1,0.E0,6.996247934953E-1));
#1002=VECTOR('',#1001,4.020011906595E-1);
#1003=CARTESIAN_POINT('',(5.770741693571E1,3.E1,-5.625E-1));
#1004=LINE('',#1003,#1002);
#1005=DIRECTION('',(-5.224771067470E-1,0.E0,8.526533134429E-1));
#1006=VECTOR('',#1005,5.497542949705E-1);
#1007=CARTESIAN_POINT('',(5.742018289387E1,3.E1,-2.8125E-1));
#1008=LINE('',#1007,#1006);
#1009=DIRECTION('',(-2.001232253108E-1,0.E0,9.797707357802E-1));
#1010=VECTOR('',#1009,4.784286165218E-1);
#1011=CARTESIAN_POINT('',(5.713294886042E1,3.E1,1.874998211861E-1));
#1012=LINE('',#1011,#1010);
#1013=DIRECTION('',(0.E0,0.E0,1.E0));
#1014=VECTOR('',#1013,5.625E-1);
#1015=CARTESIAN_POINT('',(5.703720418260E1,3.E1,6.562501788139E-1));
#1016=LINE('',#1015,#1014);
#1017=DIRECTION('',(2.001234451615E-1,0.E0,9.797706908745E-1));
#1018=VECTOR('',#1017,4.784280909318E-1);
#1019=CARTESIAN_POINT('',(5.703720418260E1,3.E1,1.218750178814E0));
#1020=LINE('',#1019,#1018);
#1021=DIRECTION('',(5.224771067470E-1,0.E0,8.526533134429E-1));
#1022=VECTOR('',#1021,5.497542949705E-1);
#1023=CARTESIAN_POINT('',(5.713294886042E1,3.E1,1.6875E0));
#1024=LINE('',#1023,#1022);
#1025=DIRECTION('',(7.145104256249E-1,0.E0,6.996247934953E-1));
#1026=VECTOR('',#1025,4.020011906595E-1);
#1027=CARTESIAN_POINT('',(5.742018289387E1,3.E1,2.156249821186E0));
#1028=LINE('',#1027,#1026);
#1029=DIRECTION('',(9.311280171432E-1,0.E0,3.646924947007E-1));
#1030=VECTOR('',#1029,5.141327566440E-1);
#1031=CARTESIAN_POINT('',(5.770741693571E1,3.E1,2.437499821186E0));
#1032=LINE('',#1031,#1030);
#1033=DIRECTION('',(1.E0,0.E0,0.E0));
#1034=VECTOR('',#1033,2.872340083122E-1);
#1035=CARTESIAN_POINT('',(5.818614034996E1,3.E1,2.625000178814E0));
#1036=LINE('',#1035,#1034);
#1037=DIRECTION('',(9.311280344896E-1,0.E0,-3.646924504120E-1));
#1038=VECTOR('',#1037,5.141328190810E-1);
#1039=CARTESIAN_POINT('',(5.847337435827E1,3.E1,2.625000178814E0));
#1040=LINE('',#1039,#1038);
#1041=DIRECTION('',(6.080771975856E-1,0.E0,-7.938779010506E-1));
#1042=VECTOR('',#1041,4.723643798069E-1);
#1043=CARTESIAN_POINT('',(5.895209783957E1,3.E1,2.437499821186E0));
#1044=LINE('',#1043,#1042);
#1045=DIRECTION('',(4.547764255314E-1,0.E0,-8.906056381928E-1));
#1046=VECTOR('',#1045,2.105312941970E-1);
#1047=CARTESIAN_POINT('',(5.923933184788E1,3.E1,2.062500178814E0));
#1048=LINE('',#1047,#1046);
#1049=DIRECTION('',(4.547764255314E-1,0.E0,8.906056381928E-1));
#1050=VECTOR('',#1049,2.105312941970E-1);
#1051=CARTESIAN_POINT('',(5.933507651732E1,3.E1,1.874999821186E0));
#1052=LINE('',#1051,#1050);
#1053=DIRECTION('',(7.145103848018E-1,0.E0,6.996248351869E-1));
#1054=VECTOR('',#1053,4.020011667037E-1);
#1055=CARTESIAN_POINT('',(5.943082118675E1,3.E1,2.062500178814E0));
#1056=LINE('',#1055,#1054);
#1057=DIRECTION('',(8.981382627794E-1,0.E0,4.397131575602E-1));
#1058=VECTOR('',#1057,4.264139427313E-1);
#1059=CARTESIAN_POINT('',(5.971805519506E1,3.E1,2.343750178814E0));
#1060=LINE('',#1059,#1058);
#1061=DIRECTION('',(1.E0,0.E0,0.E0));
#1062=VECTOR('',#1061,2.872340083122E-1);
#1063=CARTESIAN_POINT('',(6.010103387281E1,3.E1,2.53125E0));
#1064=LINE('',#1063,#1062);
#1065=DIRECTION('',(9.311284234921E-1,0.E0,-3.646914572143E-1));
#1066=VECTOR('',#1065,5.141327483190E-1);
#1067=CARTESIAN_POINT('',(6.038826788113E1,3.E1,2.53125E0));
#1068=LINE('',#1067,#1066);
#1069=DIRECTION('',(7.145103848018E-1,0.E0,-6.996248351869E-1));
#1070=VECTOR('',#1069,4.020011667037E-1);
#1071=CARTESIAN_POINT('',(6.086699149653E1,3.E1,2.343750178814E0));
#1072=LINE('',#1071,#1070);
#1073=DIRECTION('',(5.224766387895E-1,0.E0,-8.526536001913E-1));
#1074=VECTOR('',#1073,5.497547392314E-1);
#1075=CARTESIAN_POINT('',(6.115422550485E1,3.E1,2.062500178814E0));
#1076=LINE('',#1075,#1074);
#1077=DIRECTION('',(2.001234283435E-1,0.E0,-9.797706943097E-1));
#1078=VECTOR('',#1077,4.784280892544E-1);
#1079=CARTESIAN_POINT('',(6.144145951316E1,3.E1,1.593749821186E0));
#1080=LINE('',#1079,#1078);
#1081=DIRECTION('',(0.E0,0.E0,-1.E0));
#1082=VECTOR('',#1081,3.750001788139E-1);
#1083=CARTESIAN_POINT('',(6.153720418260E1,3.E1,1.125E0));
#1084=LINE('',#1083,#1082);
#1085=DIRECTION('',(-2.001234283435E-1,0.E0,-9.797706943097E-1));
#1086=VECTOR('',#1085,4.784280892544E-1);
#1087=CARTESIAN_POINT('',(6.153720418260E1,3.E1,7.499998211861E-1));
#1088=LINE('',#1087,#1086);
#1089=DIRECTION('',(-5.224768561414E-1,0.E0,-8.526534670056E-1));
#1090=VECTOR('',#1089,5.497545105319E-1);
#1091=CARTESIAN_POINT('',(6.144145951316E1,3.E1,2.8125E-1));
#1092=LINE('',#1091,#1090);
#1093=DIRECTION('',(-7.145103848018E-1,0.E0,-6.996248351869E-1));
#1094=VECTOR('',#1093,4.020011667037E-1);
#1095=CARTESIAN_POINT('',(6.115422550485E1,3.E1,-1.875000894070E-1));
#1096=LINE('',#1095,#1094);
#1097=DIRECTION('',(-9.311284234921E-1,0.E0,-3.646914572143E-1));
#1098=VECTOR('',#1097,5.141327483190E-1);
#1099=CARTESIAN_POINT('',(6.086699149653E1,3.E1,-4.687500894070E-1));
#1100=LINE('',#1099,#1098);
#1101=DIRECTION('',(-1.E0,0.E0,0.E0));
#1102=VECTOR('',#1101,2.872340083122E-1);
#1103=CARTESIAN_POINT('',(6.038826788113E1,3.E1,-6.562499105930E-1));
#1104=LINE('',#1103,#1102);
#1105=DIRECTION('',(-8.981382627794E-1,0.E0,4.397131575602E-1));
#1106=VECTOR('',#1105,4.264139427313E-1);
#1107=CARTESIAN_POINT('',(6.010103387281E1,3.E1,-6.562499105930E-1));
#1108=LINE('',#1107,#1106);
#1109=DIRECTION('',(-7.145103848018E-1,0.E0,6.996248351869E-1));
#1110=VECTOR('',#1109,4.020011667037E-1);
#1111=CARTESIAN_POINT('',(5.971805519506E1,3.E1,-4.687500894070E-1));
#1112=LINE('',#1111,#1110);
#1113=DIRECTION('',(-4.547769415434E-1,0.E0,8.906053746977E-1));
#1114=VECTOR('',#1113,2.105310553180E-1);
#1115=CARTESIAN_POINT('',(5.943082118675E1,3.E1,-1.875000894070E-1));
#1116=LINE('',#1115,#1114);
#1117=DIRECTION('',(1.E0,0.E0,0.E0));
#1118=VECTOR('',#1117,1.1E1);
#1119=CARTESIAN_POINT('',(6.57E1,3.E1,1.41E1));
#1120=LINE('',#1119,#1118);
#1121=DIRECTION('',(0.E0,0.E0,1.E0));
#1122=VECTOR('',#1121,2.82E1);
#1123=CARTESIAN_POINT('',(6.57E1,3.E1,-1.41E1));
#1124=LINE('',#1123,#1122);
#1125=DIRECTION('',(-1.E0,0.E0,0.E0));
#1126=VECTOR('',#1125,1.1E1);
#1127=CARTESIAN_POINT('',(7.67E1,3.E1,-1.41E1));
#1128=LINE('',#1127,#1126);
#1129=DIRECTION('',(0.E0,0.E0,1.E0));
#1130=VECTOR('',#1129,2.82E1);
#1131=CARTESIAN_POINT('',(7.67E1,3.E1,-1.41E1));
#1132=LINE('',#1131,#1130);
#1133=DIRECTION('',(1.E0,0.E0,0.E0));
#1134=VECTOR('',#1133,4.5E0);
#1135=CARTESIAN_POINT('',(6.835545460680E1,3.E1,-3.375E0));
#1136=LINE('',#1135,#1134);
#1137=DIRECTION('',(0.E0,0.E0,-1.E0));
#1138=VECTOR('',#1137,5.625E-1);
#1139=CARTESIAN_POINT('',(7.285545460680E1,3.E1,-3.375E0));
#1140=LINE('',#1139,#1138);
#1141=DIRECTION('',(-7.659742160926E-1,0.E0,-6.428712937139E-1));
#1142=VECTOR('',#1141,8.749807395356E-1);
#1143=CARTESIAN_POINT('',(7.285545460680E1,3.E1,-3.9375E0));
#1144=LINE('',#1143,#1142);
#1145=DIRECTION('',(-1.E0,0.E0,0.E0));
#1146=VECTOR('',#1145,7.659576237202E-1);
#1147=CARTESIAN_POINT('',(7.218524192074E1,3.E1,-4.5E0));
#1148=LINE('',#1147,#1146);
#1149=DIRECTION('',(7.659743427825E-1,0.E0,6.428711427642E-1));
#1150=VECTOR('',#1149,8.749809449859E-1);
#1151=CARTESIAN_POINT('',(7.141928429702E1,3.E1,-4.5E0));
#1152=LINE('',#1151,#1150);
#1153=DIRECTION('',(-1.E0,0.E0,0.E0));
#1154=VECTOR('',#1153,3.734042644501E0);
#1155=CARTESIAN_POINT('',(7.208949725130E1,3.E1,-3.9375E0));
#1156=LINE('',#1155,#1154);
#1157=DIRECTION('',(0.E0,0.E0,1.E0));
#1158=VECTOR('',#1157,5.625E-1);
#1159=CARTESIAN_POINT('',(6.835545460680E1,3.E1,-3.9375E0));
#1160=LINE('',#1159,#1158);
#1161=DIRECTION('',(-1.E0,0.E0,0.E0));
#1162=VECTOR('',#1161,8.617020249367E-1);
#1163=CARTESIAN_POINT('',(7.103630561927E1,3.E1,-2.625000044703E0));
#1164=LINE('',#1163,#1162);
#1165=DIRECTION('',(-9.813591273639E-1,0.E0,1.921828898202E-1));
#1166=VECTOR('',#1165,4.878168123666E-1);
#1167=CARTESIAN_POINT('',(7.017460359433E1,3.E1,-2.625000044703E0));
#1168=LINE('',#1167,#1166);
#1169=DIRECTION('',(-9.506451484694E-1,0.E0,3.102801986779E-1));
#1170=VECTOR('',#1169,3.021463989741E-1);
#1171=CARTESIAN_POINT('',(6.969588011304E1,3.E1,-2.53125E0));
#1172=LINE('',#1171,#1170);
#1173=DIRECTION('',(-8.981381689777E-1,0.E0,4.397133491553E-1));
#1174=VECTOR('',#1173,4.264140619263E-1);
#1175=CARTESIAN_POINT('',(6.940864610473E1,3.E1,-2.437499955297E0));
#1176=LINE('',#1175,#1174);
#1177=DIRECTION('',(-7.145104256249E-1,0.E0,6.996247934953E-1));
#1178=VECTOR('',#1177,4.020011906595E-1);
#1179=CARTESIAN_POINT('',(6.902566735992E1,3.E1,-2.25E0));
#1180=LINE('',#1179,#1178);
#1181=DIRECTION('',(-5.224768893951E-1,0.E0,8.526534466288E-1));
#1182=VECTOR('',#1181,5.497545236699E-1);
#1183=CARTESIAN_POINT('',(6.873843331808E1,3.E1,-1.96875E0));
#1184=LINE('',#1183,#1182);
#1185=DIRECTION('',(-1.677993428846E-1,0.E0,9.858211706631E-1));
#1186=VECTOR('',#1185,5.705903025208E-1);
#1187=CARTESIAN_POINT('',(6.845119928462E1,3.E1,-1.499999910593E0));
#1188=LINE('',#1187,#1186);
#1189=DIRECTION('',(1.677993428846E-1,0.E0,9.858211706631E-1));
#1190=VECTOR('',#1189,5.705903025208E-1);
#1191=CARTESIAN_POINT('',(6.835545460680E1,3.E1,-9.374999105930E-1));
#1192=LINE('',#1191,#1190);
#1193=DIRECTION('',(5.224768893951E-1,0.E0,8.526534466288E-1));
#1194=VECTOR('',#1193,5.497545236699E-1);
#1195=CARTESIAN_POINT('',(6.845119928462E1,3.E1,-3.749999105930E-1));
#1196=LINE('',#1195,#1194);
#1197=DIRECTION('',(7.145104256249E-1,0.E0,6.996247934953E-1));
#1198=VECTOR('',#1197,4.020011906595E-1);
#1199=CARTESIAN_POINT('',(6.873843331808E1,3.E1,9.375017881393E-2));
#1200=LINE('',#1199,#1198);
#1201=DIRECTION('',(8.981382931841E-1,0.E0,4.397130954570E-1));
#1202=VECTOR('',#1201,4.264140029562E-1);
#1203=CARTESIAN_POINT('',(6.902566735992E1,3.E1,3.750001788139E-1));
#1204=LINE('',#1203,#1202);
#1205=DIRECTION('',(9.506450175458E-1,0.E0,3.102805998049E-1));
#1206=VECTOR('',#1205,3.021464405859E-1);
#1207=CARTESIAN_POINT('',(6.940864610473E1,3.E1,5.625E-1));
#1208=LINE('',#1207,#1206);
#1209=DIRECTION('',(9.813592829135E-1,0.E0,1.921820955228E-1));
#1210=VECTOR('',#1209,4.878167350455E-1);
#1211=CARTESIAN_POINT('',(6.969588011304E1,3.E1,6.562501788139E-1));
#1212=LINE('',#1211,#1210);
#1213=DIRECTION('',(1.E0,0.E0,0.E0));
#1214=VECTOR('',#1213,8.617020249367E-1);
#1215=CARTESIAN_POINT('',(7.017460359433E1,3.E1,7.499998211861E-1));
#1216=LINE('',#1215,#1214);
#1217=DIRECTION('',(9.813592727596E-1,0.E0,-1.921821473726E-1));
#1218=VECTOR('',#1217,4.878166034350E-1);
#1219=CARTESIAN_POINT('',(7.103630561927E1,3.E1,7.499998211861E-1));
#1220=LINE('',#1219,#1218);
#1221=DIRECTION('',(9.506451030099E-1,0.E0,-3.102803379578E-1));
#1222=VECTOR('',#1221,3.021466955688E-1);
#1223=CARTESIAN_POINT('',(7.151502896646E1,3.E1,6.562501788139E-1));
#1224=LINE('',#1223,#1222);
#1225=DIRECTION('',(8.981382627794E-1,0.E0,-4.397131575602E-1));
#1226=VECTOR('',#1225,4.264139427313E-1);
#1227=CARTESIAN_POINT('',(7.180226324299E1,3.E1,5.625E-1));
#1228=LINE('',#1227,#1226);
#1229=DIRECTION('',(7.145103848018E-1,0.E0,-6.996248351869E-1));
#1230=VECTOR('',#1229,4.020011667037E-1);
#1231=CARTESIAN_POINT('',(7.218524192074E1,3.E1,3.750001788139E-1));
#1232=LINE('',#1231,#1230);
#1233=DIRECTION('',(5.224768561414E-1,0.E0,-8.526534670056E-1));
#1234=VECTOR('',#1233,5.497545105319E-1);
#1235=CARTESIAN_POINT('',(7.247247592905E1,3.E1,9.375017881393E-2));
#1236=LINE('',#1235,#1234);
#1237=DIRECTION('',(1.677993286083E-1,0.E0,-9.858211730931E-1));
#1238=VECTOR('',#1237,5.705903011143E-1);
#1239=CARTESIAN_POINT('',(7.275970993737E1,3.E1,-3.749999105930E-1));
#1240=LINE('',#1239,#1238);
#1241=DIRECTION('',(-1.677993286083E-1,0.E0,-9.858211730931E-1));
#1242=VECTOR('',#1241,5.705903011143E-1);
#1243=CARTESIAN_POINT('',(7.285545460680E1,3.E1,-9.374999105930E-1));
#1244=LINE('',#1243,#1242);
#1245=DIRECTION('',(-5.224768561414E-1,0.E0,-8.526534670056E-1));
#1246=VECTOR('',#1245,5.497545105319E-1);
#1247=CARTESIAN_POINT('',(7.275970993737E1,3.E1,-1.499999910593E0));
#1248=LINE('',#1247,#1246);
#1249=DIRECTION('',(-7.145103848018E-1,0.E0,-6.996248351869E-1));
#1250=VECTOR('',#1249,4.020011667037E-1);
#1251=CARTESIAN_POINT('',(7.247247592905E1,3.E1,-1.96875E0));
#1252=LINE('',#1251,#1250);
#1253=DIRECTION('',(-8.981381385730E-1,0.E0,-4.397134112585E-1));
#1254=VECTOR('',#1253,4.264140017015E-1);
#1255=CARTESIAN_POINT('',(7.218524192074E1,3.E1,-2.25E0));
#1256=LINE('',#1255,#1254);
#1257=DIRECTION('',(-9.506452339333E-1,0.E0,-3.102799368310E-1));
#1258=VECTOR('',#1257,3.021466539570E-1);
#1259=CARTESIAN_POINT('',(7.180226324299E1,3.E1,-2.437499955297E0));
#1260=LINE('',#1259,#1258);
#1261=DIRECTION('',(-9.813591172099E-1,0.E0,-1.921829416702E-1));
#1262=VECTOR('',#1261,4.878166807561E-1);
#1263=CARTESIAN_POINT('',(7.151502896646E1,3.E1,-2.53125E0));
#1264=LINE('',#1263,#1262);
#1265=DIRECTION('',(6.080766493621E-1,0.E0,7.938783209665E-1));
#1266=VECTOR('',#1265,4.723648056763E-1);
#1267=CARTESIAN_POINT('',(7.036609293321E1,3.E1,2.156249821186E0));
#1268=LINE('',#1267,#1266);
#1269=DIRECTION('',(2.473831068378E-1,0.E0,9.689177459678E-1));
#1270=VECTOR('',#1269,3.870299417825E-1);
#1271=CARTESIAN_POINT('',(7.065332694152E1,3.E1,2.53125E0));
#1272=LINE('',#1271,#1270);
#1273=DIRECTION('',(0.E0,0.E0,1.E0));
#1274=VECTOR('',#1273,5.625E-1);
#1275=CARTESIAN_POINT('',(7.074907161096E1,3.E1,2.906250178814E0));
#1276=LINE('',#1275,#1274);
#1277=DIRECTION('',(-2.473834390653E-1,0.E0,9.689176611437E-1));
#1278=VECTOR('',#1277,3.870294220145E-1);
#1279=CARTESIAN_POINT('',(7.074907161096E1,3.E1,3.468750178814E0));
#1280=LINE('',#1279,#1278);
#1281=DIRECTION('',(-5.627909312417E-1,0.E0,8.265992787996E-1));
#1282=VECTOR('',#1281,3.402495105106E-1);
#1283=CARTESIAN_POINT('',(7.065332694152E1,3.E1,3.843749821186E0));
#1284=LINE('',#1283,#1282);
#1285=DIRECTION('',(-8.373786433120E-1,0.E0,5.466232777014E-1));
#1286=VECTOR('',#1285,3.430156842503E-1);
#1287=CARTESIAN_POINT('',(7.046183760265E1,3.E1,4.124999821186E0));
#1288=LINE('',#1287,#1286);
#1289=DIRECTION('',(-9.506455839711E-1,0.E0,3.102788643726E-1));
#1290=VECTOR('',#1289,3.021464016304E-1);
#1291=CARTESIAN_POINT('',(7.017460359433E1,3.E1,4.312500178814E0));
#1292=LINE('',#1291,#1290);
#1293=DIRECTION('',(-1.E0,0.E0,0.E0));
#1294=VECTOR('',#1293,1.914893388748E-1);
#1295=CARTESIAN_POINT('',(6.988736945191E1,3.E1,4.406249821186E0));
#1296=LINE('',#1295,#1294);
#1297=DIRECTION('',(-9.506455412394E-1,0.E0,-3.102789952956E-1));
#1298=VECTOR('',#1297,3.021462741389E-1);
#1299=CARTESIAN_POINT('',(6.969588011304E1,3.E1,4.406249821186E0));
#1300=LINE('',#1299,#1298);
#1301=DIRECTION('',(-8.373787017230E-1,0.E0,-5.466231882208E-1));
#1302=VECTOR('',#1301,3.430157404009E-1);
#1303=CARTESIAN_POINT('',(6.940864610473E1,3.E1,4.312500178814E0));
#1304=LINE('',#1303,#1302);
#1305=DIRECTION('',(-5.627909312417E-1,0.E0,-8.265992787996E-1));
#1306=VECTOR('',#1305,3.402495105106E-1);
#1307=CARTESIAN_POINT('',(6.912141202936E1,3.E1,4.124999821186E0));
#1308=LINE('',#1307,#1306);
#1309=DIRECTION('',(-2.473834390653E-1,0.E0,-9.689176611437E-1));
#1310=VECTOR('',#1309,3.870294220145E-1);
#1311=CARTESIAN_POINT('',(6.892992269048E1,3.E1,3.843749821186E0));
#1312=LINE('',#1311,#1310);
#1313=DIRECTION('',(0.E0,0.E0,-1.E0));
#1314=VECTOR('',#1313,5.625E-1);
#1315=CARTESIAN_POINT('',(6.883417802105E1,3.E1,3.468750178814E0));
#1316=LINE('',#1315,#1314);
#1317=DIRECTION('',(2.473831068378E-1,0.E0,-9.689177459678E-1));
#1318=VECTOR('',#1317,3.870299417825E-1);
#1319=CARTESIAN_POINT('',(6.883417802105E1,3.E1,2.906250178814E0));
#1320=LINE('',#1319,#1318);
#1321=DIRECTION('',(5.627909312417E-1,0.E0,-8.265992787996E-1));
#1322=VECTOR('',#1321,3.402495105106E-1);
#1323=CARTESIAN_POINT('',(6.892992269048E1,3.E1,2.53125E0));
#1324=LINE('',#1323,#1322);
#1325=DIRECTION('',(8.981382931841E-1,0.E0,-4.397130954570E-1));
#1326=VECTOR('',#1325,4.264140029562E-1);
#1327=CARTESIAN_POINT('',(6.912141202936E1,3.E1,2.25E0));
#1328=LINE('',#1327,#1326);
#1329=DIRECTION('',(0.E0,0.E0,-1.E0));
#1330=VECTOR('',#1329,5.625E-1);
#1331=CARTESIAN_POINT('',(6.950439077416E1,3.E1,2.062500178814E0));
#1332=LINE('',#1331,#1330);
#1333=DIRECTION('',(-8.981382931841E-1,0.E0,4.397130954570E-1));
#1334=VECTOR('',#1333,4.264140029562E-1);
#1335=CARTESIAN_POINT('',(6.950439077416E1,3.E1,1.500000178814E0));
#1336=LINE('',#1335,#1334);
#1337=DIRECTION('',(-8.060044205527E-1,0.E0,5.919095150862E-1));
#1338=VECTOR('',#1337,4.751570853850E-1);
#1339=CARTESIAN_POINT('',(6.912141202936E1,3.E1,1.6875E0));
#1340=LINE('',#1339,#1338);
#1341=DIRECTION('',(-5.224771067470E-1,0.E0,8.526533134429E-1));
#1342=VECTOR('',#1341,5.497542949705E-1);
#1343=CARTESIAN_POINT('',(6.873843331808E1,3.E1,1.96875E0));
#1344=LINE('',#1343,#1342);
#1345=DIRECTION('',(-2.001232253108E-1,0.E0,9.797707357802E-1));
#1346=VECTOR('',#1345,4.784286165218E-1);
#1347=CARTESIAN_POINT('',(6.845119928462E1,3.E1,2.437499821186E0));
#1348=LINE('',#1347,#1346);
#1349=DIRECTION('',(0.E0,0.E0,1.E0));
#1350=VECTOR('',#1349,5.625E-1);
#1351=CARTESIAN_POINT('',(6.835545460680E1,3.E1,2.906250178814E0));
#1352=LINE('',#1351,#1350);
#1353=DIRECTION('',(2.001234451615E-1,0.E0,9.797706908745E-1));
#1354=VECTOR('',#1353,4.784280909318E-1);
#1355=CARTESIAN_POINT('',(6.835545460680E1,3.E1,3.468750178814E0));
#1356=LINE('',#1355,#1354);
#1357=DIRECTION('',(5.224771067470E-1,0.E0,8.526533134429E-1));
#1358=VECTOR('',#1357,5.497542949705E-1);
#1359=CARTESIAN_POINT('',(6.845119928462E1,3.E1,3.9375E0));
#1360=LINE('',#1359,#1358);
#1361=DIRECTION('',(8.060038819381E-1,0.E0,5.919102485181E-1));
#1362=VECTOR('',#1361,4.751574029102E-1);
#1363=CARTESIAN_POINT('',(6.873843331808E1,3.E1,4.406249821186E0));
#1364=LINE('',#1363,#1362);
#1365=DIRECTION('',(9.311287257622E-1,0.E0,3.646906854589E-1));
#1366=VECTOR('',#1365,5.141323653724E-1);
#1367=CARTESIAN_POINT('',(6.912141202936E1,3.E1,4.687500357628E0));
#1368=LINE('',#1367,#1366);
#1369=DIRECTION('',(1.E0,0.E0,0.E0));
#1370=VECTOR('',#1369,3.829786777496E-1);
#1371=CARTESIAN_POINT('',(6.960013544360E1,3.E1,4.874999642372E0));
#1372=LINE('',#1371,#1370);
#1373=DIRECTION('',(9.311287431085E-1,0.E0,-3.646906411703E-1));
#1374=VECTOR('',#1373,5.141324278094E-1);
#1375=CARTESIAN_POINT('',(6.998311412135E1,3.E1,4.874999642372E0));
#1376=LINE('',#1375,#1374);
#1377=DIRECTION('',(8.060038572165E-1,0.E0,-5.919102821815E-1));
#1378=VECTOR('',#1377,4.751573758868E-1);
#1379=CARTESIAN_POINT('',(7.046183760265E1,3.E1,4.687500357628E0));
#1380=LINE('',#1379,#1378);
#1381=DIRECTION('',(5.224770734933E-1,0.E0,-8.526533338197E-1));
#1382=VECTOR('',#1381,5.497542818324E-1);
#1383=CARTESIAN_POINT('',(7.084481628040E1,3.E1,4.406249821186E0));
#1384=LINE('',#1383,#1382);
#1385=DIRECTION('',(2.001234283435E-1,0.E0,-9.797706943097E-1));
#1386=VECTOR('',#1385,4.784280892544E-1);
#1387=CARTESIAN_POINT('',(7.113205028871E1,3.E1,3.9375E0));
#1388=LINE('',#1387,#1386);
#1389=DIRECTION('',(0.E0,0.E0,-1.E0));
#1390=VECTOR('',#1389,5.625E-1);
#1391=CARTESIAN_POINT('',(7.122779495815E1,3.E1,3.468750178814E0));
#1392=LINE('',#1391,#1390);
#1393=DIRECTION('',(-2.001232084928E-1,0.E0,-9.797707392153E-1));
#1394=VECTOR('',#1393,4.784286148444E-1);
#1395=CARTESIAN_POINT('',(7.122779495815E1,3.E1,2.906250178814E0));
#1396=LINE('',#1395,#1394);
#1397=DIRECTION('',(-5.224770734933E-1,0.E0,-8.526533338197E-1));
#1398=VECTOR('',#1397,5.497542818324E-1);
#1399=CARTESIAN_POINT('',(7.113205028871E1,3.E1,2.437499821186E0));
#1400=LINE('',#1399,#1398);
#1401=DIRECTION('',(1.E0,0.E0,0.E0));
#1402=VECTOR('',#1401,1.531914979219E0);
#1403=CARTESIAN_POINT('',(7.084481628040E1,3.E1,1.96875E0));
#1404=LINE('',#1403,#1402);
#1405=DIRECTION('',(0.E0,0.E0,1.E0));
#1406=VECTOR('',#1405,2.718750357628E0);
#1407=CARTESIAN_POINT('',(7.237673125962E1,3.E1,1.96875E0));
#1408=LINE('',#1407,#1406);
#1409=DIRECTION('',(1.E0,0.E0,0.E0));
#1410=VECTOR('',#1409,4.787233471870E-1);
#1411=CARTESIAN_POINT('',(7.237673125962E1,3.E1,4.687500357628E0));
#1412=LINE('',#1411,#1410);
#1413=DIRECTION('',(0.E0,0.E0,-1.E0));
#1414=VECTOR('',#1413,3.187500178814E0);
#1415=CARTESIAN_POINT('',(7.285545460680E1,3.E1,4.687500357628E0));
#1416=LINE('',#1415,#1414);
#1417=DIRECTION('',(-1.E0,0.E0,0.E0));
#1418=VECTOR('',#1417,2.489361673594E0);
#1419=CARTESIAN_POINT('',(7.285545460680E1,3.E1,1.500000178814E0));
#1420=LINE('',#1419,#1418);
#1421=DIRECTION('',(0.E0,0.E0,1.E0));
#1422=VECTOR('',#1421,6.562496423721E-1);
#1423=CARTESIAN_POINT('',(7.036609293321E1,3.E1,1.500000178814E0));
#1424=LINE('',#1423,#1422);
#1425=DIRECTION('',(1.E0,0.E0,0.E0));
#1426=VECTOR('',#1425,6.9E0);
#1427=CARTESIAN_POINT('',(5.8E0,3.E1,1.41E1));
#1428=LINE('',#1427,#1426);
#1429=CARTESIAN_POINT('',(5.8E0,3.E1,1.17E1));
#1430=DIRECTION('',(0.E0,1.E0,0.E0));
#1431=DIRECTION('',(-1.E0,0.E0,0.E0));
#1432=AXIS2_PLACEMENT_3D('',#1429,#1430,#1431);
#1434=DIRECTION('',(0.E0,0.E0,1.E0));
#1435=VECTOR('',#1434,2.34E1);
#1436=CARTESIAN_POINT('',(3.4E0,3.E1,-1.17E1));
#1437=LINE('',#1436,#1435);
#1438=CARTESIAN_POINT('',(5.8E0,3.E1,-1.17E1));
#1439=DIRECTION('',(0.E0,1.E0,0.E0));
#1440=DIRECTION('',(0.E0,0.E0,-1.E0));
#1441=AXIS2_PLACEMENT_3D('',#1438,#1439,#1440);
#1443=DIRECTION('',(-1.E0,0.E0,0.E0));
#1444=VECTOR('',#1443,6.9E0);
#1445=CARTESIAN_POINT('',(1.27E1,3.E1,-1.41E1));
#1446=LINE('',#1445,#1444);
#1447=DIRECTION('',(0.E0,0.E0,1.E0));
#1448=VECTOR('',#1447,2.82E1);
#1449=CARTESIAN_POINT('',(1.27E1,3.E1,-1.41E1));
#1450=LINE('',#1449,#1448);
#1451=DIRECTION('',(-9.506452793929E-1,0.E0,-3.102797975506E-1));
#1452=VECTOR('',#1451,3.021463573623E-1);
#1453=CARTESIAN_POINT('',(8.266808502078E1,3.E1,-1.6875E0));
#1454=LINE('',#1453,#1452);
#1455=DIRECTION('',(-8.373790012342E-1,0.E0,-5.466227293958E-1));
#1456=VECTOR('',#1455,3.430155376346E-1);
#1457=CARTESIAN_POINT('',(8.238085101247E1,3.E1,-1.781249910593E0));
#1458=LINE('',#1457,#1456);
#1459=DIRECTION('',(-5.627909312417E-1,0.E0,-8.265992787996E-1));
#1460=VECTOR('',#1459,3.402495105106E-1);
#1461=CARTESIAN_POINT('',(8.209361700416E1,3.E1,-1.96875E0));
#1462=LINE('',#1461,#1460);
#1463=DIRECTION('',(-3.222637633772E-1,0.E0,-9.466499177700E-1));
#1464=VECTOR('',#1463,2.971003268690E-1);
#1465=CARTESIAN_POINT('',(8.190212766528E1,3.E1,-2.25E0));
#1466=LINE('',#1465,#1464);
#1467=DIRECTION('',(0.E0,0.E0,-1.E0));
#1468=VECTOR('',#1467,6.562500447035E-1);
#1469=CARTESIAN_POINT('',(8.180638299584E1,3.E1,-2.53125E0));
#1470=LINE('',#1469,#1468);
#1471=DIRECTION('',(3.222638322314E-1,0.E0,-9.466498943303E-1));
#1472=VECTOR('',#1471,2.971002633912E-1);
#1473=CARTESIAN_POINT('',(8.180638299584E1,3.E1,-3.187500044703E0));
#1474=LINE('',#1473,#1472);
#1475=DIRECTION('',(5.627909312417E-1,0.E0,-8.265992787996E-1));
#1476=VECTOR('',#1475,3.402495105106E-1);
#1477=CARTESIAN_POINT('',(8.190212766528E1,3.E1,-3.468749977648E0));
#1478=LINE('',#1477,#1476);
#1479=DIRECTION('',(8.373790907147E-1,0.E0,-5.466225923193E-1));
#1480=VECTOR('',#1479,3.430155009807E-1);
#1481=CARTESIAN_POINT('',(8.209361700416E1,3.E1,-3.749999977648E0));
#1482=LINE('',#1481,#1480);
#1483=DIRECTION('',(9.506451812003E-1,0.E0,-3.102800983961E-1));
#1484=VECTOR('',#1483,3.021463885711E-1);
#1485=CARTESIAN_POINT('',(8.238085101247E1,3.E1,-3.9375E0));
#1486=LINE('',#1485,#1484);
#1487=DIRECTION('',(1.E0,0.E0,0.E0));
#1488=VECTOR('',#1487,1.914893388748E-1);
#1489=CARTESIAN_POINT('',(8.266808502078E1,3.E1,-4.031250011176E0));
#1490=LINE('',#1489,#1488);
#1491=DIRECTION('',(9.506452666641E-1,0.E0,3.102798365493E-1));
#1492=VECTOR('',#1491,3.021466435541E-1);
#1493=CARTESIAN_POINT('',(8.285957435966E1,3.E1,-4.031250011176E0));
#1494=LINE('',#1493,#1492);
#1495=DIRECTION('',(8.373790907147E-1,0.E0,5.466225923193E-1));
#1496=VECTOR('',#1495,3.430155009807E-1);
#1497=CARTESIAN_POINT('',(8.314680863619E1,3.E1,-3.9375E0));
#1498=LINE('',#1497,#1496);
#1499=DIRECTION('',(5.627909312417E-1,0.E0,8.265992787996E-1));
#1500=VECTOR('',#1499,3.402495105106E-1);
#1501=CARTESIAN_POINT('',(8.343404264450E1,3.E1,-3.749999977648E0));
#1502=LINE('',#1501,#1500);
#1503=DIRECTION('',(3.222638322314E-1,0.E0,9.466498943303E-1));
#1504=VECTOR('',#1503,2.971002633912E-1);
#1505=CARTESIAN_POINT('',(8.362553198338E1,3.E1,-3.468749977648E0));
#1506=LINE('',#1505,#1504);
#1507=DIRECTION('',(0.E0,0.E0,1.E0));
#1508=VECTOR('',#1507,6.562500447035E-1);
#1509=CARTESIAN_POINT('',(8.372127665281E1,3.E1,-3.187500044703E0));
#1510=LINE('',#1509,#1508);
#1511=DIRECTION('',(-3.222637633772E-1,0.E0,9.466499177700E-1));
#1512=VECTOR('',#1511,2.971003268690E-1);
#1513=CARTESIAN_POINT('',(8.372127665281E1,3.E1,-2.53125E0));
#1514=LINE('',#1513,#1512);
#1515=DIRECTION('',(-5.627909312417E-1,0.E0,8.265992787996E-1));
#1516=VECTOR('',#1515,3.402495105106E-1);
#1517=CARTESIAN_POINT('',(8.362553198338E1,3.E1,-2.25E0));
#1518=LINE('',#1517,#1516);
#1519=DIRECTION('',(-8.373790012341E-1,0.E0,5.466227293958E-1));
#1520=VECTOR('',#1519,3.430155376346E-1);
#1521=CARTESIAN_POINT('',(8.343404264450E1,3.E1,-1.96875E0));
#1522=LINE('',#1521,#1520);
#1523=DIRECTION('',(-9.506453648566E-1,0.E0,3.102795357040E-1));
#1524=VECTOR('',#1523,3.021466123452E-1);
#1525=CARTESIAN_POINT('',(8.314680863619E1,3.E1,-1.781249910593E0));
#1526=LINE('',#1525,#1524);
#1527=DIRECTION('',(-1.E0,0.E0,0.E0));
#1528=VECTOR('',#1527,1.914893388748E-1);
#1529=CARTESIAN_POINT('',(8.285957435966E1,3.E1,-1.6875E0));
#1530=LINE('',#1529,#1528);
#1531=DIRECTION('',(9.869439482880E-1,0.E0,1.610640957438E-1));
#1532=VECTOR('',#1531,5.820675202690E-1);
#1533=CARTESIAN_POINT('',(7.094056094983E1,3.E1,-2.156250089407E0));
#1534=LINE('',#1533,#1532);
#1535=DIRECTION('',(8.373792970170E-1,0.E0,5.466222762817E-1));
#1536=VECTOR('',#1535,6.860311532561E-1);
#1537=CARTESIAN_POINT('',(7.151502896646E1,3.E1,-2.062499910593E0));
#1538=LINE('',#1537,#1536);
#1539=DIRECTION('',(5.627909312417E-1,0.E0,8.265992787996E-1));
#1540=VECTOR('',#1539,3.402495105106E-1);
#1541=CARTESIAN_POINT('',(7.208949725130E1,3.E1,-1.6875E0));
#1542=LINE('',#1541,#1540);
#1543=DIRECTION('',(2.001233184181E-1,0.E0,9.797707167625E-1));
#1544=VECTOR('',#1543,4.784283520494E-1);
#1545=CARTESIAN_POINT('',(7.228098659018E1,3.E1,-1.40625E0));
#1546=LINE('',#1545,#1544);
#1547=DIRECTION('',(-2.001234283435E-1,0.E0,9.797706943097E-1));
#1548=VECTOR('',#1547,4.784280892544E-1);
#1549=CARTESIAN_POINT('',(7.237673125962E1,3.E1,-9.374999105930E-1));
#1550=LINE('',#1549,#1548);
#1551=DIRECTION('',(-5.627909312417E-1,0.E0,8.265992787996E-1));
#1552=VECTOR('',#1551,3.402495105106E-1);
#1553=CARTESIAN_POINT('',(7.228098659018E1,3.E1,-4.687500894070E-1));
#1554=LINE('',#1553,#1552);
#1555=DIRECTION('',(-8.373792970170E-1,0.E0,5.466222762817E-1));
#1556=VECTOR('',#1555,6.860311532561E-1);
#1557=CARTESIAN_POINT('',(7.208949725130E1,3.E1,-1.875000894070E-1));
#1558=LINE('',#1557,#1556);
#1559=DIRECTION('',(-9.869439482880E-1,0.E0,1.610640957438E-1));
#1560=VECTOR('',#1559,5.820675202690E-1);
#1561=CARTESIAN_POINT('',(7.151502896646E1,3.E1,1.874998211861E-1));
#1562=LINE('',#1561,#1560);
#1563=DIRECTION('',(-1.E0,0.E0,0.E0));
#1564=VECTOR('',#1563,6.702126860619E-1);
#1565=CARTESIAN_POINT('',(7.094056094983E1,3.E1,2.8125E-1));
#1566=LINE('',#1565,#1564);
#1567=DIRECTION('',(-9.869439542650E-1,0.E0,-1.610640591185E-1));
#1568=VECTOR('',#1567,5.820676526285E-1);
#1569=CARTESIAN_POINT('',(7.027034826377E1,3.E1,2.8125E-1));
#1570=LINE('',#1569,#1568);
#1571=DIRECTION('',(-8.373792094007E-1,0.E0,-5.466224105025E-1));
#1572=VECTOR('',#1571,6.860309848042E-1);
#1573=CARTESIAN_POINT('',(6.969588011304E1,3.E1,1.874998211861E-1));
#1574=LINE('',#1573,#1572);
#1575=DIRECTION('',(-5.627909312417E-1,0.E0,-8.265992787996E-1));
#1576=VECTOR('',#1575,3.402495105106E-1);
#1577=CARTESIAN_POINT('',(6.912141202936E1,3.E1,-1.875000894070E-1));
#1578=LINE('',#1577,#1576);
#1579=DIRECTION('',(-2.001234283435E-1,0.E0,-9.797706943097E-1));
#1580=VECTOR('',#1579,4.784280892544E-1);
#1581=CARTESIAN_POINT('',(6.892992269048E1,3.E1,-4.687500894070E-1));
#1582=LINE('',#1581,#1580);
#1583=DIRECTION('',(2.001233184180E-1,0.E0,-9.797707167625E-1));
#1584=VECTOR('',#1583,4.784283520494E-1);
#1585=CARTESIAN_POINT('',(6.883417802105E1,3.E1,-9.374999105930E-1));
#1586=LINE('',#1585,#1584);
#1587=DIRECTION('',(5.627909312417E-1,0.E0,-8.265992787996E-1));
#1588=VECTOR('',#1587,3.402495105106E-1);
#1589=CARTESIAN_POINT('',(6.892992269048E1,3.E1,-1.40625E0));
#1590=LINE('',#1589,#1588);
#1591=DIRECTION('',(8.373792094007E-1,0.E0,-5.466224105025E-1));
#1592=VECTOR('',#1591,6.860309848042E-1);
#1593=CARTESIAN_POINT('',(6.912141202936E1,3.E1,-1.6875E0));
#1594=LINE('',#1593,#1592);
#1595=DIRECTION('',(9.869439542650E-1,0.E0,-1.610640591185E-1));
#1596=VECTOR('',#1595,5.820676526285E-1);
#1597=CARTESIAN_POINT('',(6.969588011304E1,3.E1,-2.062499910593E0));
#1598=LINE('',#1597,#1596);
#1599=DIRECTION('',(1.E0,0.E0,0.E0));
#1600=VECTOR('',#1599,6.702126860619E-1);
#1601=CARTESIAN_POINT('',(7.027034826377E1,3.E1,-2.156250089407E0));
#1602=LINE('',#1601,#1600);
#1603=DIRECTION('',(2.473834390653E-1,0.E0,-9.689176611437E-1));
#1604=VECTOR('',#1603,3.870294220145E-1);
#1605=CARTESIAN_POINT('',(5.751592759684E1,3.E1,7.499998211861E-1));
#1606=LINE('',#1605,#1604);
#1607=DIRECTION('',(4.547769415434E-1,0.E0,-8.906053746977E-1));
#1608=VECTOR('',#1607,4.210621106359E-1);
#1609=CARTESIAN_POINT('',(5.761167226628E1,3.E1,3.750001788139E-1));
#1610=LINE('',#1609,#1608);
#1611=DIRECTION('',(8.060044452742E-1,0.E0,-5.919094814228E-1));
#1612=VECTOR('',#1611,4.751571124084E-1);
#1613=CARTESIAN_POINT('',(5.780316160515E1,3.E1,0.E0));
#1614=LINE('',#1613,#1612);
#1615=DIRECTION('',(1.E0,0.E0,0.E0));
#1616=VECTOR('',#1615,2.872340083122E-1);
#1617=CARTESIAN_POINT('',(5.818614034996E1,3.E1,-2.8125E-1));
#1618=LINE('',#1617,#1616);
#1619=DIRECTION('',(8.060044947174E-1,0.E0,5.919094140959E-1));
#1620=VECTOR('',#1619,4.751571664552E-1);
#1621=CARTESIAN_POINT('',(5.847337435827E1,3.E1,-2.8125E-1));
#1622=LINE('',#1621,#1620);
#1623=DIRECTION('',(4.547769415434E-1,0.E0,8.906053746977E-1));
#1624=VECTOR('',#1623,4.210621106359E-1);
#1625=CARTESIAN_POINT('',(5.885635317013E1,3.E1,0.E0));
#1626=LINE('',#1625,#1624);
#1627=DIRECTION('',(2.473834390653E-1,0.E0,9.689176611437E-1));
#1628=VECTOR('',#1627,3.870294220145E-1);
#1629=CARTESIAN_POINT('',(5.904784250900E1,3.E1,3.750001788139E-1));
#1630=LINE('',#1629,#1628);
#1631=DIRECTION('',(0.E0,0.E0,1.E0));
#1632=VECTOR('',#1631,3.750001788139E-1);
#1633=CARTESIAN_POINT('',(5.914358717844E1,3.E1,7.499998211861E-1));
#1634=LINE('',#1633,#1632);
#1635=DIRECTION('',(-2.473831068378E-1,0.E0,9.689177459678E-1));
#1636=VECTOR('',#1635,3.870299417825E-1);
#1637=CARTESIAN_POINT('',(5.914358717844E1,3.E1,1.125E0));
#1638=LINE('',#1637,#1636);
#1639=DIRECTION('',(-4.547774575564E-1,0.E0,8.906051112017E-1));
#1640=VECTOR('',#1639,4.210616328781E-1);
#1641=CARTESIAN_POINT('',(5.904784250900E1,3.E1,1.500000178814E0));
#1642=LINE('',#1641,#1640);
#1643=DIRECTION('',(-8.060044947174E-1,0.E0,5.919094140959E-1));
#1644=VECTOR('',#1643,4.751571664552E-1);
#1645=CARTESIAN_POINT('',(5.885635317013E1,3.E1,1.874999821186E0));
#1646=LINE('',#1645,#1644);
#1647=DIRECTION('',(-1.E0,0.E0,0.E0));
#1648=VECTOR('',#1647,2.872340083122E-1);
#1649=CARTESIAN_POINT('',(5.847337435827E1,3.E1,2.156249821186E0));
#1650=LINE('',#1649,#1648);
#1651=DIRECTION('',(-8.060044452742E-1,0.E0,-5.919094814228E-1));
#1652=VECTOR('',#1651,4.751571124084E-1);
#1653=CARTESIAN_POINT('',(5.818614034996E1,3.E1,2.156249821186E0));
#1654=LINE('',#1653,#1652);
#1655=DIRECTION('',(-4.547774575564E-1,0.E0,-8.906051112017E-1));
#1656=VECTOR('',#1655,4.210616328781E-1);
#1657=CARTESIAN_POINT('',(5.780316160515E1,3.E1,1.874999821186E0));
#1658=LINE('',#1657,#1656);
#1659=DIRECTION('',(-2.473831068378E-1,0.E0,-9.689177459678E-1));
#1660=VECTOR('',#1659,3.870299417825E-1);
#1661=CARTESIAN_POINT('',(5.761167226628E1,3.E1,1.500000178814E0));
#1662=LINE('',#1661,#1660);
#1663=DIRECTION('',(0.E0,0.E0,-1.E0));
#1664=VECTOR('',#1663,3.750001788139E-1);
#1665=CARTESIAN_POINT('',(5.751592759684E1,3.E1,1.125E0));
#1666=LINE('',#1665,#1664);
#1667=DIRECTION('',(-2.473831068378E-1,0.E0,9.689177459678E-1));
#1668=VECTOR('',#1667,3.870299417825E-1);
#1669=CARTESIAN_POINT('',(6.105848083541E1,3.E1,1.125E0));
#1670=LINE('',#1669,#1668);
#1671=DIRECTION('',(-6.080771975856E-1,0.E0,7.938779010506E-1));
#1672=VECTOR('',#1671,4.723643798069E-1);
#1673=CARTESIAN_POINT('',(6.096273616597E1,3.E1,1.500000178814E0));
#1674=LINE('',#1673,#1672);
#1675=DIRECTION('',(-8.373788769559E-1,0.E0,5.466229197794E-1));
#1676=VECTOR('',#1675,3.430159088528E-1);
#1677=CARTESIAN_POINT('',(6.067550215766E1,3.E1,1.874999821186E0));
#1678=LINE('',#1677,#1676);
#1679=DIRECTION('',(-1.E0,0.E0,0.E0));
#1680=VECTOR('',#1679,1.914893388748E-1);
#1681=CARTESIAN_POINT('',(6.038826788113E1,3.E1,2.062500178814E0));
#1682=LINE('',#1681,#1680);
#1683=DIRECTION('',(-8.373786433120E-1,0.E0,-5.466232777014E-1));
#1684=VECTOR('',#1683,3.430156842503E-1);
#1685=CARTESIAN_POINT('',(6.019677854225E1,3.E1,2.062500178814E0));
#1686=LINE('',#1685,#1684);
#1687=DIRECTION('',(-6.080771975856E-1,0.E0,-7.938779010506E-1));
#1688=VECTOR('',#1687,4.723643798069E-1);
#1689=CARTESIAN_POINT('',(5.990954453394E1,3.E1,1.874999821186E0));
#1690=LINE('',#1689,#1688);
#1691=DIRECTION('',(-2.473831068378E-1,0.E0,-9.689177459678E-1));
#1692=VECTOR('',#1691,3.870299417825E-1);
#1693=CARTESIAN_POINT('',(5.962231052563E1,3.E1,1.500000178814E0));
#1694=LINE('',#1693,#1692);
#1695=DIRECTION('',(0.E0,0.E0,-1.E0));
#1696=VECTOR('',#1695,3.750001788139E-1);
#1697=CARTESIAN_POINT('',(5.952656585619E1,3.E1,1.125E0));
#1698=LINE('',#1697,#1696);
#1699=DIRECTION('',(2.473834390653E-1,0.E0,-9.689176611437E-1));
#1700=VECTOR('',#1699,3.870294220145E-1);
#1701=CARTESIAN_POINT('',(5.952656585619E1,3.E1,7.499998211861E-1));
#1702=LINE('',#1701,#1700);
#1703=DIRECTION('',(6.080766493621E-1,0.E0,-7.938783209665E-1));
#1704=VECTOR('',#1703,4.723648056763E-1);
#1705=CARTESIAN_POINT('',(5.962231052563E1,3.E1,3.750001788139E-1));
#1706=LINE('',#1705,#1704);
#1707=DIRECTION('',(8.373790012342E-1,0.E0,-5.466227293958E-1));
#1708=VECTOR('',#1707,3.430155376346E-1);
#1709=CARTESIAN_POINT('',(5.990954453394E1,3.E1,0.E0));
#1710=LINE('',#1709,#1708);
#1711=DIRECTION('',(1.E0,0.E0,0.E0));
#1712=VECTOR('',#1711,1.914893388748E-1);
#1713=CARTESIAN_POINT('',(6.019677854225E1,3.E1,-1.875000894070E-1));
#1714=LINE('',#1713,#1712);
#1715=DIRECTION('',(8.373792348777E-1,0.E0,5.466223714738E-1));
#1716=VECTOR('',#1715,3.430157622371E-1);
#1717=CARTESIAN_POINT('',(6.038826788113E1,3.E1,-1.875000894070E-1));
#1718=LINE('',#1717,#1716);
#1719=DIRECTION('',(6.080766493621E-1,0.E0,7.938783209665E-1));
#1720=VECTOR('',#1719,4.723648056763E-1);
#1721=CARTESIAN_POINT('',(6.067550215766E1,3.E1,0.E0));
#1722=LINE('',#1721,#1720);
#1723=DIRECTION('',(2.473834390653E-1,0.E0,9.689176611437E-1));
#1724=VECTOR('',#1723,3.870294220145E-1);
#1725=CARTESIAN_POINT('',(6.096273616597E1,3.E1,3.750001788139E-1));
#1726=LINE('',#1725,#1724);
#1727=DIRECTION('',(0.E0,0.E0,1.E0));
#1728=VECTOR('',#1727,3.750001788139E-1);
#1729=CARTESIAN_POINT('',(6.105848083541E1,3.E1,7.499998211861E-1));
#1730=LINE('',#1729,#1728);
#1731=DIRECTION('',(0.E0,0.E0,-1.E0));
#1732=VECTOR('',#1731,1.706341770313E1);
#1733=CARTESIAN_POINT('',(1.608707569692E2,3.E1,8.531708851566E0));
#1734=LINE('',#1733,#1732);
#1735=DIRECTION('',(-1.E0,0.E0,0.E0));
#1736=VECTOR('',#1735,6.793150998619E1);
#1737=CARTESIAN_POINT('',(1.586207569692E2,3.E1,-1.078170885157E1));
#1738=LINE('',#1737,#1736);
#1739=DIRECTION('',(0.E0,0.E0,1.E0));
#1740=VECTOR('',#1739,1.706341770313E1);
#1741=CARTESIAN_POINT('',(8.843924698303E1,3.E1,-8.531708851566E0));
#1742=LINE('',#1741,#1740);
#1743=DIRECTION('',(1.E0,0.E0,0.E0));
#1744=VECTOR('',#1743,6.793150998619E1);
#1745=CARTESIAN_POINT('',(9.068924698303E1,3.E1,1.078170885157E1));
#1746=LINE('',#1745,#1744);
#1747=DIRECTION('',(-9.506452189317E-1,0.E0,3.102799827934E-1));
#1748=VECTOR('',#1747,3.021464471154E-1);
#1749=CARTESIAN_POINT('',(8.075319149792E1,3.E1,-4.312499994412E0));
#1750=LINE('',#1749,#1748);
#1751=DIRECTION('',(-8.060044205527E-1,0.E0,5.919095150862E-1));
#1752=VECTOR('',#1751,4.751570853850E-1);
#1753=CARTESIAN_POINT('',(8.046595742255E1,3.E1,-4.21875E0));
#1754=LINE('',#1753,#1752);
#1755=DIRECTION('',(-5.224769437331E-1,0.E0,8.526534133324E-1));
#1756=VECTOR('',#1755,5.497544664951E-1);
#1757=CARTESIAN_POINT('',(8.008297871128E1,3.E1,-3.9375E0));
#1758=LINE('',#1757,#1756);
#1759=DIRECTION('',(-2.001233627174E-1,0.E0,9.797707077141E-1));
#1760=VECTOR('',#1759,4.784282880281E-1);
#1761=CARTESIAN_POINT('',(7.979574467782E1,3.E1,-3.468749977648E0));
#1762=LINE('',#1761,#1760);
#1763=DIRECTION('',(0.E0,0.E0,1.E0));
#1764=VECTOR('',#1763,3.749999105930E-1);
#1765=CARTESIAN_POINT('',(7.97E1,3.E1,-2.999999955297E0));
#1766=LINE('',#1765,#1764);
#1767=DIRECTION('',(2.001233901988E-1,0.E0,9.797707021009E-1));
#1768=VECTOR('',#1767,4.784282223293E-1);
#1769=CARTESIAN_POINT('',(7.97E1,3.E1,-2.625000044703E0));
#1770=LINE('',#1769,#1768);
#1771=DIRECTION('',(5.224768893951E-1,0.E0,8.526534466288E-1));
#1772=VECTOR('',#1771,5.497545236699E-1);
#1773=CARTESIAN_POINT('',(7.979574467782E1,3.E1,-2.156250089407E0));
#1774=LINE('',#1773,#1772);
#1775=DIRECTION('',(8.060044205527E-1,0.E0,5.919095150862E-1));
#1776=VECTOR('',#1775,4.751570853850E-1);
#1777=CARTESIAN_POINT('',(8.008297871128E1,3.E1,-1.6875E0));
#1778=LINE('',#1777,#1776);
#1779=DIRECTION('',(9.311281942981E-1,0.E0,3.646920423907E-1));
#1780=VECTOR('',#1779,5.141326588259E-1);
#1781=CARTESIAN_POINT('',(8.046595742255E1,3.E1,-1.40625E0));
#1782=LINE('',#1781,#1780);
#1783=DIRECTION('',(9.903579482543E-1,0.E0,1.385320696791E-1));
#1784=VECTOR('',#1783,6.767379626262E-1);
#1785=CARTESIAN_POINT('',(8.094468083680E1,3.E1,-1.218749910593E0));
#1786=LINE('',#1785,#1784);
#1787=DIRECTION('',(1.E0,0.E0,0.E0));
#1788=VECTOR('',#1787,6.702126860619E-1);
#1789=CARTESIAN_POINT('',(8.161489365697E1,3.E1,-1.125E0));
#1790=LINE('',#1789,#1788);
#1791=DIRECTION('',(9.903579444511E-1,0.E0,-1.385320968676E-1));
#1792=VECTOR('',#1791,6.767378298089E-1);
#1793=CARTESIAN_POINT('',(8.228510634303E1,3.E1,-1.125E0));
#1794=LINE('',#1793,#1792);
#1795=DIRECTION('',(9.311282463374E-1,0.E0,-3.646919095245E-1));
#1796=VECTOR('',#1795,5.141328461369E-1);
#1797=CARTESIAN_POINT('',(8.295531902909E1,3.E1,-1.218749910593E0));
#1798=LINE('',#1797,#1796);
#1799=DIRECTION('',(8.060043958311E-1,0.E0,-5.919095487496E-1));
#1800=VECTOR('',#1799,4.751570583616E-1);
#1801=CARTESIAN_POINT('',(8.343404264450E1,3.E1,-1.40625E0));
#1802=LINE('',#1801,#1800);
#1803=DIRECTION('',(5.224768561414E-1,0.E0,-8.526534670056E-1));
#1804=VECTOR('',#1803,5.497545105319E-1);
#1805=CARTESIAN_POINT('',(8.381702132225E1,3.E1,-1.6875E0));
#1806=LINE('',#1805,#1804);
#1807=DIRECTION('',(2.001233733807E-1,0.E0,-9.797707055361E-1));
#1808=VECTOR('',#1807,4.784282206519E-1);
#1809=CARTESIAN_POINT('',(8.410425533056E1,3.E1,-2.156250089407E0));
#1810=LINE('',#1809,#1808);
#1811=DIRECTION('',(0.E0,0.E0,-1.E0));
#1812=VECTOR('',#1811,4.687499552965E-1);
#1813=CARTESIAN_POINT('',(8.42E1,3.E1,-2.625000044703E0));
#1814=LINE('',#1813,#1812);
#1815=DIRECTION('',(-2.001233458994E-1,0.E0,-9.797707111493E-1));
#1816=VECTOR('',#1815,4.784282863507E-1);
#1817=CARTESIAN_POINT('',(8.42E1,3.E1,-3.09375E0));
#1818=LINE('',#1817,#1816);
#1819=DIRECTION('',(-5.224769376483E-1,0.E0,-8.526534170609E-1));
#1820=VECTOR('',#1819,5.497544247696E-1);
#1821=CARTESIAN_POINT('',(8.410425533056E1,3.E1,-3.562500022352E0));
#1822=LINE('',#1821,#1820);
#1823=DIRECTION('',(-8.060044126628E-1,0.E0,-5.919095258298E-1));
#1824=VECTOR('',#1823,4.751570484390E-1);
#1825=CARTESIAN_POINT('',(8.381702132225E1,3.E1,-4.031250011176E0));
#1826=LINE('',#1825,#1824);
#1827=DIRECTION('',(-9.311283016983E-1,0.E0,-3.646917681776E-1));
#1828=VECTOR('',#1827,5.141328155688E-1);
#1829=CARTESIAN_POINT('',(8.343404264450E1,3.E1,-4.312499994412E0));
#1830=LINE('',#1829,#1828);
#1831=DIRECTION('',(-1.E0,0.E0,0.E0));
#1832=VECTOR('',#1831,3.829786777496E-1);
#1833=CARTESIAN_POINT('',(8.295531902909E1,3.E1,-4.5E0));
#1834=LINE('',#1833,#1832);
#1835=DIRECTION('',(-9.311282323126E-1,0.E0,3.646919453324E-1));
#1836=VECTOR('',#1835,5.141325658208E-1);
#1837=CARTESIAN_POINT('',(8.257234035134E1,3.E1,-4.5E0));
#1838=LINE('',#1837,#1836);
#1839=DIRECTION('',(-8.060044126628E-1,0.E0,5.919095258298E-1));
#1840=VECTOR('',#1839,4.751570484390E-1);
#1841=CARTESIAN_POINT('',(8.209361700416E1,3.E1,-4.312499994412E0));
#1842=LINE('',#1841,#1840);
#1843=DIRECTION('',(-5.224769376483E-1,0.E0,8.526534170609E-1));
#1844=VECTOR('',#1843,5.497544247696E-1);
#1845=CARTESIAN_POINT('',(8.171063832641E1,3.E1,-4.031250011176E0));
#1846=LINE('',#1845,#1844);
#1847=DIRECTION('',(-2.001236149876E-1,0.E0,9.797706561866E-1));
#1848=VECTOR('',#1847,4.784283131893E-1);
#1849=CARTESIAN_POINT('',(8.142340431809E1,3.E1,-3.562500022352E0));
#1850=LINE('',#1849,#1848);
#1851=DIRECTION('',(0.E0,0.E0,1.E0));
#1852=VECTOR('',#1851,4.687499552965E-1);
#1853=CARTESIAN_POINT('',(8.132765951455E1,3.E1,-3.09375E0));
#1854=LINE('',#1853,#1852);
#1855=DIRECTION('',(2.001236424690E-1,0.E0,9.797706505734E-1));
#1856=VECTOR('',#1855,4.784282474906E-1);
#1857=CARTESIAN_POINT('',(8.132765951455E1,3.E1,-2.625000044703E0));
#1858=LINE('',#1857,#1856);
#1859=DIRECTION('',(5.627909312417E-1,0.E0,8.265992787996E-1));
#1860=VECTOR('',#1859,6.804990210212E-1);
#1861=CARTESIAN_POINT('',(8.142340431809E1,3.E1,-2.156250089407E0));
#1862=LINE('',#1861,#1860);
#1863=DIRECTION('',(-1.E0,0.E0,0.E0));
#1864=VECTOR('',#1863,1.914893388748E-1);
#1865=CARTESIAN_POINT('',(8.180638299584E1,3.E1,-1.593750089407E0));
#1866=LINE('',#1865,#1864);
#1867=DIRECTION('',(-9.869440275154E-1,0.E0,-1.610636102655E-1));
#1868=VECTOR('',#1867,5.820676094278E-1);
#1869=CARTESIAN_POINT('',(8.161489365697E1,3.E1,-1.593750089407E0));
#1870=LINE('',#1869,#1868);
#1871=DIRECTION('',(-9.506452793929E-1,0.E0,-3.102797975506E-1));
#1872=VECTOR('',#1871,3.021463573623E-1);
#1873=CARTESIAN_POINT('',(8.104042550623E1,3.E1,-1.6875E0));
#1874=LINE('',#1873,#1872);
#1875=DIRECTION('',(-8.373790596451E-1,0.E0,-5.466226399153E-1));
#1876=VECTOR('',#1875,3.430155937852E-1);
#1877=CARTESIAN_POINT('',(8.075319149792E1,3.E1,-1.781249910593E0));
#1878=LINE('',#1877,#1876);
#1879=DIRECTION('',(-5.627909312417E-1,0.E0,-8.265992787996E-1));
#1880=VECTOR('',#1879,3.402495105106E-1);
#1881=CARTESIAN_POINT('',(8.046595742255E1,3.E1,-1.96875E0));
#1882=LINE('',#1881,#1880);
#1883=DIRECTION('',(-3.222637633772E-1,0.E0,-9.466499177700E-1));
#1884=VECTOR('',#1883,2.971003268690E-1);
#1885=CARTESIAN_POINT('',(8.027446808368E1,3.E1,-2.25E0));
#1886=LINE('',#1885,#1884);
#1887=DIRECTION('',(0.E0,0.E0,-1.E0));
#1888=VECTOR('',#1887,5.625E-1);
#1889=CARTESIAN_POINT('',(8.017872341424E1,3.E1,-2.53125E0));
#1890=LINE('',#1889,#1888);
#1891=DIRECTION('',(3.222637633772E-1,0.E0,-9.466499177700E-1));
#1892=VECTOR('',#1891,2.971003268690E-1);
#1893=CARTESIAN_POINT('',(8.017872341424E1,3.E1,-3.09375E0));
#1894=LINE('',#1893,#1892);
#1895=DIRECTION('',(5.627909312417E-1,0.E0,-8.265992787996E-1));
#1896=VECTOR('',#1895,3.402495105106E-1);
#1897=CARTESIAN_POINT('',(8.027446808368E1,3.E1,-3.375E0));
#1898=LINE('',#1897,#1896);
#1899=DIRECTION('',(8.373791491256E-1,0.E0,-5.466225028388E-1));
#1900=VECTOR('',#1899,3.430155571313E-1);
#1901=CARTESIAN_POINT('',(8.046595742255E1,3.E1,-3.65625E0));
#1902=LINE('',#1901,#1900);
#1903=DIRECTION('',(0.E0,0.E0,-1.E0));
#1904=VECTOR('',#1903,4.687499720603E-1);
#1905=CARTESIAN_POINT('',(8.075319149792E1,3.E1,-3.843750022352E0));
#1906=LINE('',#1905,#1904);
#1907=DIRECTION('',(8.373786433120E-1,0.E0,5.466232777014E-1));
#1908=VECTOR('',#1907,3.430156842503E-1);
#1909=CARTESIAN_POINT('',(8.017872341424E1,3.E1,2.718749821186E0));
#1910=LINE('',#1909,#1908);
#1911=DIRECTION('',(9.506455626052E-1,0.E0,3.102789298341E-1));
#1912=VECTOR('',#1911,3.021463378846E-1);
#1913=CARTESIAN_POINT('',(8.046595742255E1,3.E1,2.906250178814E0));
#1914=LINE('',#1913,#1912);
#1915=DIRECTION('',(1.E0,0.E0,0.E0));
#1916=VECTOR('',#1915,3.829786777496E-1);
#1917=CARTESIAN_POINT('',(8.075319149792E1,3.E1,2.999999821186E0));
#1918=LINE('',#1917,#1916);
#1919=DIRECTION('',(9.713213825738E-1,0.E0,-2.377704181660E-1));
#1920=VECTOR('',#1919,3.942864007022E-1);
#1921=CARTESIAN_POINT('',(8.113617017567E1,3.E1,2.999999821186E0));
#1922=LINE('',#1921,#1920);
#1923=DIRECTION('',(8.373786433120E-1,0.E0,-5.466232777014E-1));
#1924=VECTOR('',#1923,3.430156842503E-1);
#1925=CARTESIAN_POINT('',(8.151914898753E1,3.E1,2.906250178814E0));
#1926=LINE('',#1925,#1924);
#1927=DIRECTION('',(3.781727181043E-1,0.E0,-9.257350567423E-1));
#1928=VECTOR('',#1927,5.063541860839E-1);
#1929=CARTESIAN_POINT('',(8.180638299584E1,3.E1,2.718749821186E0));
#1930=LINE('',#1929,#1928);
#1931=DIRECTION('',(6.080766493621E-1,0.E0,7.938783209665E-1));
#1932=VECTOR('',#1931,4.723648056763E-1);
#1933=CARTESIAN_POINT('',(8.199787233472E1,3.E1,2.25E0));
#1934=LINE('',#1933,#1932);
#1935=DIRECTION('',(8.373793591563E-1,0.E0,5.466221810895E-1));
#1936=VECTOR('',#1935,3.430153910190E-1);
#1937=CARTESIAN_POINT('',(8.228510634303E1,3.E1,2.625000178814E0));
#1938=LINE('',#1937,#1936);
#1939=DIRECTION('',(9.713210491251E-1,0.E0,2.377717803411E-1));
#1940=VECTOR('',#1939,3.942863979882E-1);
#1941=CARTESIAN_POINT('',(8.257234035134E1,3.E1,2.8125E0));
#1942=LINE('',#1941,#1940);
#1943=DIRECTION('',(1.E0,0.E0,0.E0));
#1944=VECTOR('',#1943,1.914896070957E-1);
#1945=CARTESIAN_POINT('',(8.295531902909E1,3.E1,2.906250178814E0));
#1946=LINE('',#1945,#1944);
#1947=DIRECTION('',(9.713210491251E-1,0.E0,-2.377717803411E-1));
#1948=VECTOR('',#1947,3.942863979882E-1);
#1949=CARTESIAN_POINT('',(8.314680863619E1,3.E1,2.906250178814E0));
#1950=LINE('',#1949,#1948);
#1951=DIRECTION('',(7.145102180353E-1,0.E0,-6.996250055017E-1));
#1952=VECTOR('',#1951,5.360016807076E-1);
#1953=CARTESIAN_POINT('',(8.352978731394E1,3.E1,2.8125E0));
#1954=LINE('',#1953,#1952);
#1955=DIRECTION('',(4.547774575564E-1,0.E0,-8.906051112017E-1));
#1956=VECTOR('',#1955,4.210616328781E-1);
#1957=CARTESIAN_POINT('',(8.391276599169E1,3.E1,2.437499821186E0));
#1958=LINE('',#1957,#1956);
#1959=DIRECTION('',(1.443681923971E-1,0.E0,-9.895240396393E-1));
#1960=VECTOR('',#1959,6.631978128123E-1);
#1961=CARTESIAN_POINT('',(8.410425533056E1,3.E1,2.062500178814E0));
#1962=LINE('',#1961,#1960);
#1963=DIRECTION('',(0.E0,0.E0,-1.E0));
#1964=VECTOR('',#1963,1.874998211861E-1);
#1965=CARTESIAN_POINT('',(8.42E1,3.E1,1.40625E0));
#1966=LINE('',#1965,#1964);
#1967=DIRECTION('',(-1.443681923971E-1,0.E0,-9.895240396393E-1));
#1968=VECTOR('',#1967,6.631978128123E-1);
#1969=CARTESIAN_POINT('',(8.42E1,3.E1,1.218750178814E0));
#1970=LINE('',#1969,#1968);
#1971=DIRECTION('',(-4.547769415434E-1,0.E0,-8.906053746977E-1));
#1972=VECTOR('',#1971,4.210621106359E-1);
#1973=CARTESIAN_POINT('',(8.410425533056E1,3.E1,5.625E-1));
#1974=LINE('',#1973,#1972);
#1975=DIRECTION('',(-7.145104681852E-1,0.E0,-6.996247500295E-1));
#1976=VECTOR('',#1975,5.360014930535E-1);
#1977=CARTESIAN_POINT('',(8.391276599169E1,3.E1,1.874998211861E-1));
#1978=LINE('',#1977,#1976);
#1979=DIRECTION('',(-9.713212062349E-1,0.E0,-2.377711385310E-1));
#1980=VECTOR('',#1979,3.942863342129E-1);
#1981=CARTESIAN_POINT('',(8.352978731394E1,3.E1,-1.875000894070E-1));
#1982=LINE('',#1981,#1980);
#1983=DIRECTION('',(0.E0,0.E0,1.E0));
#1984=VECTOR('',#1983,4.687498211861E-1);
#1985=CARTESIAN_POINT('',(8.314680863619E1,3.E1,-2.8125E-1));
#1986=LINE('',#1985,#1984);
#1987=DIRECTION('',(8.373786433120E-1,0.E0,5.466232777014E-1));
#1988=VECTOR('',#1987,3.430156842503E-1);
#1989=CARTESIAN_POINT('',(8.314680863619E1,3.E1,1.874998211861E-1));
#1990=LINE('',#1989,#1988);
#1991=DIRECTION('',(5.627909312417E-1,0.E0,8.265992787996E-1));
#1992=VECTOR('',#1991,3.402495105106E-1);
#1993=CARTESIAN_POINT('',(8.343404264450E1,3.E1,3.750001788139E-1));
#1994=LINE('',#1993,#1992);
#1995=DIRECTION('',(2.001234283435E-1,0.E0,9.797706943097E-1));
#1996=VECTOR('',#1995,4.784280892544E-1);
#1997=CARTESIAN_POINT('',(8.362553198338E1,3.E1,6.562501788139E-1));
#1998=LINE('',#1997,#1996);
#1999=DIRECTION('',(0.E0,0.E0,1.E0));
#2000=VECTOR('',#1999,3.750001788139E-1);
#2001=CARTESIAN_POINT('',(8.372127665281E1,3.E1,1.125E0));
#2002=LINE('',#2001,#2000);
#2003=DIRECTION('',(-2.001234283435E-1,0.E0,9.797706943097E-1));
#2004=VECTOR('',#2003,4.784280892544E-1);
#2005=CARTESIAN_POINT('',(8.372127665281E1,3.E1,1.500000178814E0));
#2006=LINE('',#2005,#2004);
#2007=DIRECTION('',(-5.627909312417E-1,0.E0,8.265992787996E-1));
#2008=VECTOR('',#2007,3.402495105106E-1);
#2009=CARTESIAN_POINT('',(8.362553198338E1,3.E1,1.96875E0));
#2010=LINE('',#2009,#2008);
#2011=DIRECTION('',(-8.373793591563E-1,0.E0,5.466221810895E-1));
#2012=VECTOR('',#2011,3.430153910190E-1);
#2013=CARTESIAN_POINT('',(8.343404264450E1,3.E1,2.25E0));
#2014=LINE('',#2013,#2012);
#2015=DIRECTION('',(-1.E0,0.E0,0.E0));
#2016=VECTOR('',#2015,1.914896070957E-1);
#2017=CARTESIAN_POINT('',(8.314680863619E1,3.E1,2.437499821186E0));
#2018=LINE('',#2017,#2016);
#2019=DIRECTION('',(-8.981382627794E-1,0.E0,-4.397131575602E-1));
#2020=VECTOR('',#2019,4.264139427313E-1);
#2021=CARTESIAN_POINT('',(8.295531902909E1,3.E1,2.437499821186E0));
#2022=LINE('',#2021,#2020);
#2023=DIRECTION('',(-7.145107183351E-1,0.E0,-6.996244945571E-1));
#2024=VECTOR('',#2023,2.680006526998E-1);
#2025=CARTESIAN_POINT('',(8.257234035134E1,3.E1,2.25E0));
#2026=LINE('',#2025,#2024);
#2027=DIRECTION('',(-3.222637633772E-1,0.E0,-9.466499177700E-1));
#2028=VECTOR('',#2027,5.942006537380E-1);
#2029=CARTESIAN_POINT('',(8.238085101247E1,3.E1,2.062500178814E0));
#2030=LINE('',#2029,#2028);
#2031=DIRECTION('',(0.E0,0.E0,-1.E0));
#2032=VECTOR('',#2031,3.750001788139E-1);
#2033=CARTESIAN_POINT('',(8.218936167359E1,3.E1,1.500000178814E0));
#2034=LINE('',#2033,#2032);
#2035=DIRECTION('',(-1.E0,0.E0,0.E0));
#2036=VECTOR('',#2035,3.829786777496E-1);
#2037=CARTESIAN_POINT('',(8.218936167359E1,3.E1,1.125E0));
#2038=LINE('',#2037,#2036);
#2039=DIRECTION('',(0.E0,0.E0,1.E0));
#2040=VECTOR('',#2039,3.750001788139E-1);
#2041=CARTESIAN_POINT('',(8.180638299584E1,3.E1,1.125E0));
#2042=LINE('',#2041,#2040);
#2043=DIRECTION('',(-1.677993286083E-1,0.E0,9.858211730931E-1));
#2044=VECTOR('',#2043,5.705903011143E-1);
#2045=CARTESIAN_POINT('',(8.180638299584E1,3.E1,1.500000178814E0));
#2046=LINE('',#2045,#2044);
#2047=DIRECTION('',(-5.627909312417E-1,0.E0,8.265992787996E-1));
#2048=VECTOR('',#2047,3.402495105106E-1);
#2049=CARTESIAN_POINT('',(8.171063832641E1,3.E1,2.062500178814E0));
#2050=LINE('',#2049,#2048);
#2051=DIRECTION('',(-8.981383235887E-1,0.E0,4.397130333538E-1));
#2052=VECTOR('',#2051,4.264140631810E-1);
#2053=CARTESIAN_POINT('',(8.151914898753E1,3.E1,2.343750178814E0));
#2054=LINE('',#2053,#2052);
#2055=DIRECTION('',(-1.E0,0.E0,0.E0));
#2056=VECTOR('',#2055,3.829786777496E-1);
#2057=CARTESIAN_POINT('',(8.113617017567E1,3.E1,2.53125E0));
#2058=LINE('',#2057,#2056);
#2059=DIRECTION('',(-8.981377659536E-1,0.E0,-4.397141723527E-1));
#2060=VECTOR('',#2059,2.132070893061E-1);
#2061=CARTESIAN_POINT('',(8.075319149792E1,3.E1,2.53125E0));
#2062=LINE('',#2061,#2060);
#2063=DIRECTION('',(-7.145108408043E-1,0.E0,-6.996243694821E-1));
#2064=VECTOR('',#2063,2.680007006115E-1);
#2065=CARTESIAN_POINT('',(8.056170215905E1,3.E1,2.437499821186E0));
#2066=LINE('',#2065,#2064);
#2067=DIRECTION('',(-4.547774575564E-1,0.E0,-8.906051112017E-1));
#2068=VECTOR('',#2067,2.105308164390E-1);
#2069=CARTESIAN_POINT('',(8.037021275312E1,3.E1,2.25E0));
#2070=LINE('',#2069,#2068);
#2071=DIRECTION('',(-2.001232084928E-1,0.E0,-9.797707392153E-1));
#2072=VECTOR('',#2071,4.784286148444E-1);
#2073=CARTESIAN_POINT('',(8.027446808368E1,3.E1,2.062500178814E0));
#2074=LINE('',#2073,#2072);
#2075=DIRECTION('',(0.E0,0.E0,-1.E0));
#2076=VECTOR('',#2075,5.625E-1);
#2077=CARTESIAN_POINT('',(8.017872341424E1,3.E1,1.593749821186E0));
#2078=LINE('',#2077,#2076);
#2079=DIRECTION('',(2.001234283435E-1,0.E0,-9.797706943097E-1));
#2080=VECTOR('',#2079,4.784280892544E-1);
#2081=CARTESIAN_POINT('',(8.017872341424E1,3.E1,1.031249821186E0));
#2082=LINE('',#2081,#2080);
#2083=DIRECTION('',(4.547774575564E-1,0.E0,-8.906051112017E-1));
#2084=VECTOR('',#2083,2.105308164390E-1);
#2085=CARTESIAN_POINT('',(8.027446808368E1,3.E1,5.625E-1));
#2086=LINE('',#2085,#2084);
#2087=DIRECTION('',(7.145098402051E-1,0.E0,-6.996253913704E-1));
#2088=VECTOR('',#2087,2.680010759195E-1);
#2089=CARTESIAN_POINT('',(8.037021275312E1,3.E1,3.750001788139E-1));
#2090=LINE('',#2089,#2088);
#2091=DIRECTION('',(8.981387596046E-1,0.E0,-4.397121427660E-1));
#2092=VECTOR('',#2091,2.132068534255E-1);
#2093=CARTESIAN_POINT('',(8.056170215905E1,3.E1,1.874998211861E-1));
#2094=LINE('',#2093,#2092);
#2095=DIRECTION('',(0.E0,0.E0,-1.E0));
#2096=VECTOR('',#2095,4.687500894070E-1);
#2097=CARTESIAN_POINT('',(8.075319149792E1,3.E1,9.375017881393E-2));
#2098=LINE('',#2097,#2096);
#2099=DIRECTION('',(-9.506453007588E-1,0.E0,3.102797320889E-1));
#2100=VECTOR('',#2099,3.021464211080E-1);
#2101=CARTESIAN_POINT('',(8.075319149792E1,3.E1,-3.749999105930E-1));
#2102=LINE('',#2101,#2100);
#2103=DIRECTION('',(-8.373790012342E-1,0.E0,5.466227293958E-1));
#2104=VECTOR('',#2103,3.430155376346E-1);
#2105=CARTESIAN_POINT('',(8.046595742255E1,3.E1,-2.8125E-1));
#2106=LINE('',#2105,#2104);
#2107=DIRECTION('',(-5.627913652921E-1,0.E0,8.265989832759E-1));
#2108=VECTOR('',#2107,3.402493076685E-1);
#2109=CARTESIAN_POINT('',(8.017872341424E1,3.E1,-9.374991059303E-2));
#2110=LINE('',#2109,#2108);
#2111=DIRECTION('',(-4.547769889117E-1,0.E0,8.906053505096E-1));
#2112=VECTOR('',#2111,4.210621220716E-1);
#2113=CARTESIAN_POINT('',(7.998723404184E1,3.E1,1.874998211861E-1));
#2114=LINE('',#2113,#2112);
#2115=DIRECTION('',(-2.473831271694E-1,0.E0,9.689177407767E-1));
#2116=VECTOR('',#2115,3.870299438560E-1);
#2117=CARTESIAN_POINT('',(7.979574467782E1,3.E1,5.625E-1));
#2118=LINE('',#2117,#2116);
#2119=DIRECTION('',(0.E0,0.E0,1.E0));
#2120=VECTOR('',#2119,7.499998211861E-1);
#2121=CARTESIAN_POINT('',(7.97E1,3.E1,9.375001788139E-1));
#2122=LINE('',#2121,#2120);
#2123=DIRECTION('',(2.473831271694E-1,0.E0,9.689177407767E-1));
#2124=VECTOR('',#2123,3.870299438560E-1);
#2125=CARTESIAN_POINT('',(7.97E1,3.E1,1.6875E0));
#2126=LINE('',#2125,#2124);
#2127=DIRECTION('',(4.547775049247E-1,0.E0,8.906050870136E-1));
#2128=VECTOR('',#2127,4.210616443138E-1);
#2129=CARTESIAN_POINT('',(7.979574467782E1,3.E1,2.062500178814E0));
#2130=LINE('',#2129,#2128);
#2131=DIRECTION('',(5.627909985697E-1,0.E0,8.265992329593E-1));
#2132=VECTOR('',#2131,3.402495293797E-1);
#2133=CARTESIAN_POINT('',(7.998723404184E1,3.E1,2.437499821186E0));
#2134=LINE('',#2133,#2132);
#2135=CARTESIAN_POINT('',(1.706087361687E2,3.E1,1.25E1));
#2136=DIRECTION('',(0.E0,1.E0,0.E0));
#2137=DIRECTION('',(-1.E0,0.E0,0.E0));
#2138=AXIS2_PLACEMENT_3D('',#2135,#2136,#2137);
#2140=CARTESIAN_POINT('',(1.706087361687E2,3.E1,1.25E1));
#2141=DIRECTION('',(0.E0,1.E0,0.E0));
#2142=DIRECTION('',(1.E0,0.E0,0.E0));
#2143=AXIS2_PLACEMENT_3D('',#2140,#2141,#2142);
#2145=DIRECTION('',(-1.E0,-2.974799199860E-9,2.953491923145E-8));
#2146=VECTOR('',#2145,2.181021402605E0);
#2147=CARTESIAN_POINT('',(1.748087361687E2,3.E1,-1.41E1));
#2148=LINE('',#2147,#2146);
#2149=CARTESIAN_POINT('',(1.748087361687E2,3.E1,-1.17E1));
#2150=DIRECTION('',(0.E0,1.E0,0.E0));
#2151=DIRECTION('',(1.E0,0.E0,0.E0));
#2152=AXIS2_PLACEMENT_3D('',#2149,#2150,#2151);
#2154=CARTESIAN_POINT('',(1.737658052534E2,3.000000591256E1,1.582011322775E1));
#2155=CARTESIAN_POINT('',(1.738391639352E2,3.000000591256E1,1.579061350694E1));
#2156=CARTESIAN_POINT('',(1.739920656237E2,2.999999725597E1,1.572874105187E1));
#2157=CARTESIAN_POINT('',(1.742372592178E2,3.000000073526E1,1.562649208593E1));
#2158=CARTESIAN_POINT('',(1.745032836527E2,2.999999980299E1,1.550947444068E1));
#2159=CARTESIAN_POINT('',(1.747927904077E2,3.000000005279E1,1.537203041168E1));
#2160=CARTESIAN_POINT('',(1.751073529946E2,2.999999998586E1,1.520675805182E1));
#2161=CARTESIAN_POINT('',(1.754471683974E2,3.000000000379E1,1.500376764785E1));
#2162=CARTESIAN_POINT('',(1.758094724177E2,2.999999999898E1,1.475095207475E1));
#2163=CARTESIAN_POINT('',(1.761883156906E2,3.000000000027E1,1.443094922695E1));
#2164=CARTESIAN_POINT('',(1.765719510709E2,2.999999999993E1,1.402637127278E1));
#2165=CARTESIAN_POINT('',(1.769506609475E2,3.000000000002E1,1.348030563650E1));
#2166=CARTESIAN_POINT('',(1.771348535757E2,3.E1,1.307175116396E1));
#2167=CARTESIAN_POINT('',(1.772087354712E2,3.E1,1.284995342321E1));
#2169=CARTESIAN_POINT('',(1.724356500927E2,3.000000347497E1,1.639261803433E1));
#2170=CARTESIAN_POINT('',(1.725664733044E2,3.000000328885E1,1.633121857069E1));
#2171=CARTESIAN_POINT('',(1.728187721050E2,2.999999828718E1,1.621671253800E1));
#2172=CARTESIAN_POINT('',(1.731672972033E2,3.000000106159E1,1.606606908307E1));
#2173=CARTESIAN_POINT('',(1.734849445857E2,2.999999746646E1,1.593375813801E1));
#2174=CARTESIAN_POINT('',(1.736757424873E2,3.000000520387E1,1.585633038461E1));
#2175=CARTESIAN_POINT('',(1.737658052534E2,3.000000591256E1,1.582011322775E1));
#2177=CARTESIAN_POINT('',(1.706087361687E2,3.E1,1.25E1));
#2178=DIRECTION('',(0.E0,1.E0,0.E0));
#2179=DIRECTION('',(-4.248533322628E-1,0.E0,9.052621974131E-1));
#2180=AXIS2_PLACEMENT_3D('',#2177,#2178,#2179);
#2182=CARTESIAN_POINT('',(1.635375311949E2,3.000000269570E1,1.410002650163E1));
#2183=CARTESIAN_POINT('',(1.636093594287E2,3.000000269478E1,1.414639116048E1));
#2184=CARTESIAN_POINT('',(1.637586994513E2,2.999999874935E1,1.423669264154E1));
#2185=CARTESIAN_POINT('',(1.639848491761E2,3.000000033511E1,1.436367413238E1));
#2186=CARTESIAN_POINT('',(1.642488346625E2,2.999999991021E1,1.450142581808E1));
#2187=CARTESIAN_POINT('',(1.645378136523E2,3.000000002406E1,1.464089463826E1));
#2188=CARTESIAN_POINT('',(1.648554565609E2,2.999999999355E1,1.478441579171E1));
#2189=CARTESIAN_POINT('',(1.652030136346E2,3.000000000173E1,1.493275166233E1));
#2190=CARTESIAN_POINT('',(1.655871321127E2,2.999999999954E1,1.508931284622E1));
#2191=CARTESIAN_POINT('',(1.660104350784E2,3.000000000012E1,1.525639976908E1));
#2192=CARTESIAN_POINT('',(1.664725638241E2,2.999999999997E1,1.543564656097E1));
#2193=CARTESIAN_POINT('',(1.669757721110E2,3.000000000001E1,1.563082990020E1));
#2194=CARTESIAN_POINT('',(1.675226749742E2,2.999999999999E1,1.584717029905E1));
#2195=CARTESIAN_POINT('',(1.681168361611E2,3.000000000002E1,1.609220098782E1));
#2196=CARTESIAN_POINT('',(1.685547192409E2,2.999999999996E1,1.628605544793E1));
#2197=CARTESIAN_POINT('',(1.687818621130E2,2.999999999996E1,1.639263908814E1));
#2199=DIRECTION('',(1.E0,3.140467102778E-8,3.087417104303E-7));
#2200=VECTOR('',#2199,8.583753119487E1);
#2201=CARTESIAN_POINT('',(7.77E1,3.E1,1.41E1));
#2202=LINE('',#2201,#2200);
#2203=DIRECTION('',(0.E0,0.E0,1.E0));
#2204=VECTOR('',#2203,2.82E1);
#2205=CARTESIAN_POINT('',(7.77E1,3.E1,-1.41E1));
#2206=LINE('',#2205,#2204);
#2207=DIRECTION('',(-1.E0,3.098925214497E-11,-1.861704522748E-10));
#2208=VECTOR('',#2207,9.088975759180E1);
#2209=CARTESIAN_POINT('',(1.685897575918E2,2.999999999718E1,-1.409999998308E1));
#2210=LINE('',#2209,#2208);
#2211=CARTESIAN_POINT('',(3.62E1,2.66E1,1.41E1));
#2212=DIRECTION('',(1.E0,0.E0,0.E0));
#2213=DIRECTION('',(0.E0,1.E0,0.E0));
#2214=AXIS2_PLACEMENT_3D('',#2211,#2212,#2213);
#2216=CARTESIAN_POINT('',(3.62E1,2.66E1,-1.41E1));
#2217=DIRECTION('',(1.E0,0.E0,0.E0));
#2218=DIRECTION('',(0.E0,0.E0,-1.E0));
#2219=AXIS2_PLACEMENT_3D('',#2216,#2217,#2218);
#2221=CARTESIAN_POINT('',(1.27E1,1.2E1,0.E0));
#2222=DIRECTION('',(-1.E0,0.E0,0.E0));
#2223=DIRECTION('',(0.E0,0.E0,1.E0));
#2224=AXIS2_PLACEMENT_3D('',#2221,#2222,#2223);
#2226=DIRECTION('',(1.E0,0.E0,0.E0));
#2227=VECTOR('',#2226,1.27E1);
#2228=CARTESIAN_POINT('',(0.E0,1.2E1,5.7E0));
#2229=LINE('',#2228,#2227);
#2230=CARTESIAN_POINT('',(1.37E1,1.2E1,0.E0));
#2231=DIRECTION('',(-1.E0,0.E0,0.E0));
#2232=DIRECTION('',(0.E0,0.E0,1.E0));
#2233=AXIS2_PLACEMENT_3D('',#2230,#2231,#2232);
#2235=DIRECTION('',(1.E0,0.E0,0.E0));
#2236=VECTOR('',#2235,2.25E1);
#2237=CARTESIAN_POINT('',(1.37E1,1.2E1,5.7E0));
#2238=LINE('',#2237,#2236);
#2239=CARTESIAN_POINT('',(3.62E1,1.2E1,0.E0));
#2240=DIRECTION('',(-1.E0,0.E0,0.E0));
#2241=DIRECTION('',(0.E0,0.E0,1.E0));
#2242=AXIS2_PLACEMENT_3D('',#2239,#2240,#2241);
#2244=CARTESIAN_POINT('',(3.72E1,1.2E1,0.E0));
#2245=DIRECTION('',(-1.E0,0.E0,0.E0));
#2246=DIRECTION('',(0.E0,0.E0,1.E0));
#2247=AXIS2_PLACEMENT_3D('',#2244,#2245,#2246);
#2249=DIRECTION('',(1.E0,0.E0,0.E0));
#2250=VECTOR('',#2249,1.45E1);
#2251=CARTESIAN_POINT('',(3.72E1,1.2E1,5.7E0));
#2252=LINE('',#2251,#2250);
#2253=CARTESIAN_POINT('',(5.17E1,1.2E1,0.E0));
#2254=DIRECTION('',(-1.E0,0.E0,0.E0));
#2255=DIRECTION('',(0.E0,0.E0,1.E0));
#2256=AXIS2_PLACEMENT_3D('',#2253,#2254,#2255);
#2258=CARTESIAN_POINT('',(5.27E1,1.2E1,0.E0));
#2259=DIRECTION('',(-1.E0,0.E0,0.E0));
#2260=DIRECTION('',(0.E0,0.E0,1.E0));
#2261=AXIS2_PLACEMENT_3D('',#2258,#2259,#2260);
#2263=DIRECTION('',(1.E0,0.E0,0.E0));
#2264=VECTOR('',#2263,1.2E1);
#2265=CARTESIAN_POINT('',(5.27E1,1.2E1,5.7E0));
#2266=LINE('',#2265,#2264);
#2267=CARTESIAN_POINT('',(6.47E1,1.2E1,0.E0));
#2268=DIRECTION('',(-1.E0,0.E0,0.E0));
#2269=DIRECTION('',(0.E0,0.E0,1.E0));
#2270=AXIS2_PLACEMENT_3D('',#2267,#2268,#2269);
#2272=CARTESIAN_POINT('',(6.57E1,1.2E1,0.E0));
#2273=DIRECTION('',(-1.E0,0.E0,0.E0));
#2274=DIRECTION('',(0.E0,0.E0,1.E0));
#2275=AXIS2_PLACEMENT_3D('',#2272,#2273,#2274);
#2277=DIRECTION('',(1.E0,0.E0,0.E0));
#2278=VECTOR('',#2277,1.1E1);
#2279=CARTESIAN_POINT('',(6.57E1,1.2E1,5.7E0));
#2280=LINE('',#2279,#2278);
#2281=CARTESIAN_POINT('',(7.67E1,1.2E1,0.E0));
#2282=DIRECTION('',(-1.E0,0.E0,0.E0));
#2283=DIRECTION('',(0.E0,0.E0,1.E0));
#2284=AXIS2_PLACEMENT_3D('',#2281,#2282,#2283);
#2286=CARTESIAN_POINT('',(8.843924698303E1,1.2E1,0.E0));
#2287=DIRECTION('',(-1.E0,0.E0,0.E0));
#2288=DIRECTION('',(0.E0,0.E0,1.E0));
#2289=AXIS2_PLACEMENT_3D('',#2286,#2287,#2288);
#2291=CARTESIAN_POINT('',(7.77E1,1.2E1,0.E0));
#2292=DIRECTION('',(-1.E0,0.E0,0.E0));
#2293=DIRECTION('',(0.E0,0.E0,1.E0));
#2294=AXIS2_PLACEMENT_3D('',#2291,#2292,#2293);
#2296=DIRECTION('',(1.E0,0.E0,0.E0));
#2297=VECTOR('',#2296,1.073924698303E1);
#2298=CARTESIAN_POINT('',(7.77E1,1.2E1,5.7E0));
#2299=LINE('',#2298,#2297);
#2300=CARTESIAN_POINT('',(1.27E1,2.66E1,1.41E1));
#2301=DIRECTION('',(1.E0,0.E0,0.E0));
#2302=DIRECTION('',(0.E0,1.E0,0.E0));
#2303=AXIS2_PLACEMENT_3D('',#2300,#2301,#2302);
#2305=CARTESIAN_POINT('',(1.27E1,2.66E1,-1.41E1));
#2306=DIRECTION('',(1.E0,0.E0,0.E0));
#2307=DIRECTION('',(0.E0,0.E0,-1.E0));
#2308=AXIS2_PLACEMENT_3D('',#2305,#2306,#2307);
#2310=DIRECTION('',(-1.E0,0.E0,0.E0));
#2311=VECTOR('',#2310,9.329243030781E0);
#2312=CARTESIAN_POINT('',(1.702E2,1.299067856024E1,5.613248256606E0));
#2313=LINE('',#2312,#2311);
#2314=DIRECTION('',(-1.E0,0.E0,0.E0));
#2315=VECTOR('',#2314,9.329243030781E0);
#2316=CARTESIAN_POINT('',(1.702E2,1.299067856024E1,-5.613248256606E0));
#2317=LINE('',#2316,#2315);
#2318=CARTESIAN_POINT('',(1.608707569692E2,1.2E1,0.E0));
#2319=DIRECTION('',(-1.E0,0.E0,0.E0));
#2320=DIRECTION('',(0.E0,1.738032561817E-1,9.847803958958E-1));
#2321=AXIS2_PLACEMENT_3D('',#2318,#2319,#2320);
#2323=DIRECTION('',(-1.E0,0.E0,0.E0));
#2324=VECTOR('',#2323,9.329243030781E0);
#2325=CARTESIAN_POINT('',(1.702E2,1.100932143976E1,-5.613248256606E0));
#2326=LINE('',#2325,#2324);
#2327=DIRECTION('',(-1.E0,0.E0,0.E0));
#2328=VECTOR('',#2327,9.329243030781E0);
#2329=CARTESIAN_POINT('',(1.702E2,1.100932143976E1,5.613248256606E0));
#2330=LINE('',#2329,#2328);
#2331=CARTESIAN_POINT('',(1.608707569692E2,1.2E1,0.E0));
#2332=DIRECTION('',(-1.E0,0.E0,0.E0));
#2333=DIRECTION('',(0.E0,-1.738032561817E-1,-9.847803958958E-1));
#2334=AXIS2_PLACEMENT_3D('',#2331,#2332,#2333);
#2336=CARTESIAN_POINT('',(1.27E1,1.2E1,0.E0));
#2337=DIRECTION('',(-1.E0,0.E0,0.E0));
#2338=DIRECTION('',(0.E0,0.E0,-1.E0));
#2339=AXIS2_PLACEMENT_3D('',#2336,#2337,#2338);
#2341=DIRECTION('',(1.E0,0.E0,0.E0));
#2342=VECTOR('',#2341,1.27E1);
#2343=CARTESIAN_POINT('',(0.E0,1.2E1,-5.7E0));
#2344=LINE('',#2343,#2342);
#2345=CARTESIAN_POINT('',(1.37E1,1.2E1,0.E0));
#2346=DIRECTION('',(-1.E0,0.E0,0.E0));
#2347=DIRECTION('',(0.E0,0.E0,-1.E0));
#2348=AXIS2_PLACEMENT_3D('',#2345,#2346,#2347);
#2350=DIRECTION('',(1.E0,0.E0,0.E0));
#2351=VECTOR('',#2350,2.25E1);
#2352=CARTESIAN_POINT('',(1.37E1,1.2E1,-5.7E0));
#2353=LINE('',#2352,#2351);
#2354=CARTESIAN_POINT('',(3.62E1,1.2E1,0.E0));
#2355=DIRECTION('',(-1.E0,0.E0,0.E0));
#2356=DIRECTION('',(0.E0,0.E0,-1.E0));
#2357=AXIS2_PLACEMENT_3D('',#2354,#2355,#2356);
#2359=CARTESIAN_POINT('',(3.72E1,1.2E1,0.E0));
#2360=DIRECTION('',(-1.E0,0.E0,0.E0));
#2361=DIRECTION('',(0.E0,0.E0,-1.E0));
#2362=AXIS2_PLACEMENT_3D('',#2359,#2360,#2361);
#2364=DIRECTION('',(1.E0,0.E0,0.E0));
#2365=VECTOR('',#2364,1.45E1);
#2366=CARTESIAN_POINT('',(3.72E1,1.2E1,-5.7E0));
#2367=LINE('',#2366,#2365);
#2368=CARTESIAN_POINT('',(5.17E1,1.2E1,0.E0));
#2369=DIRECTION('',(-1.E0,0.E0,0.E0));
#2370=DIRECTION('',(0.E0,0.E0,-1.E0));
#2371=AXIS2_PLACEMENT_3D('',#2368,#2369,#2370);
#2373=CARTESIAN_POINT('',(5.27E1,1.2E1,0.E0));
#2374=DIRECTION('',(-1.E0,0.E0,0.E0));
#2375=DIRECTION('',(0.E0,0.E0,-1.E0));
#2376=AXIS2_PLACEMENT_3D('',#2373,#2374,#2375);
#2378=DIRECTION('',(1.E0,0.E0,0.E0));
#2379=VECTOR('',#2378,1.2E1);
#2380=CARTESIAN_POINT('',(5.27E1,1.2E1,-5.7E0));
#2381=LINE('',#2380,#2379);
#2382=CARTESIAN_POINT('',(6.47E1,1.2E1,0.E0));
#2383=DIRECTION('',(-1.E0,0.E0,0.E0));
#2384=DIRECTION('',(0.E0,0.E0,-1.E0));
#2385=AXIS2_PLACEMENT_3D('',#2382,#2383,#2384);
#2387=CARTESIAN_POINT('',(6.57E1,1.2E1,0.E0));
#2388=DIRECTION('',(-1.E0,0.E0,0.E0));
#2389=DIRECTION('',(0.E0,0.E0,-1.E0));
#2390=AXIS2_PLACEMENT_3D('',#2387,#2388,#2389);
#2392=DIRECTION('',(1.E0,0.E0,0.E0));
#2393=VECTOR('',#2392,1.1E1);
#2394=CARTESIAN_POINT('',(6.57E1,1.2E1,-5.7E0));
#2395=LINE('',#2394,#2393);
#2396=CARTESIAN_POINT('',(7.67E1,1.2E1,0.E0));
#2397=DIRECTION('',(-1.E0,0.E0,0.E0));
#2398=DIRECTION('',(0.E0,0.E0,-1.E0));
#2399=AXIS2_PLACEMENT_3D('',#2396,#2397,#2398);
#2401=CARTESIAN_POINT('',(8.843924698303E1,1.2E1,0.E0));
#2402=DIRECTION('',(-1.E0,0.E0,0.E0));
#2403=DIRECTION('',(0.E0,0.E0,-1.E0));
#2404=AXIS2_PLACEMENT_3D('',#2401,#2402,#2403);
#2406=CARTESIAN_POINT('',(7.77E1,1.2E1,0.E0));
#2407=DIRECTION('',(-1.E0,0.E0,0.E0));
#2408=DIRECTION('',(0.E0,0.E0,-1.E0));
#2409=AXIS2_PLACEMENT_3D('',#2406,#2407,#2408);
#2411=DIRECTION('',(1.E0,0.E0,0.E0));
#2412=VECTOR('',#2411,1.073924698303E1);
#2413=CARTESIAN_POINT('',(7.77E1,1.2E1,-5.7E0));
#2414=LINE('',#2413,#2412);
#2415=CARTESIAN_POINT('',(1.706087361687E2,1.299067856024E1,1.25E1));
#2416=DIRECTION('',(0.E0,1.E0,0.E0));
#2417=DIRECTION('',(-1.E0,0.E0,0.E0));
#2418=AXIS2_PLACEMENT_3D('',#2415,#2416,#2417);
#2420=CARTESIAN_POINT('',(1.706087361687E2,1.299067856024E1,1.25E1));
#2421=DIRECTION('',(0.E0,1.E0,0.E0));
#2422=DIRECTION('',(1.E0,0.E0,0.E0));
#2423=AXIS2_PLACEMENT_3D('',#2420,#2421,#2422);
#2425=DIRECTION('',(0.E0,-1.E0,-4.788878407433E-12));
#2426=VECTOR('',#2425,3.56E1);
#2427=CARTESIAN_POINT('',(1.806087361687E2,2.66E1,-1.169999999983E1));
#2428=LINE('',#2427,#2426);
#2429=DIRECTION('',(0.E0,0.E0,-1.E0));
#2430=VECTOR('',#2429,1.97E1);
#2431=CARTESIAN_POINT('',(1.806087361687E2,1.100932143976E1,1.17E1));
#2432=LINE('',#2431,#2430);
#2433=DIRECTION('',(0.E0,1.E0,0.E0));
#2434=VECTOR('',#2433,1.981357120471E0);
#2435=CARTESIAN_POINT('',(1.806087361687E2,1.100932143976E1,-8.E0));
#2436=LINE('',#2435,#2434);
#2437=DIRECTION('',(0.E0,0.E0,-1.E0));
#2438=VECTOR('',#2437,1.97E1);
#2439=CARTESIAN_POINT('',(1.806087361687E2,1.299067856024E1,1.17E1));
#2440=LINE('',#2439,#2438);
#2441=DIRECTION('',(0.E0,1.E0,1.159869792176E-9));
#2442=VECTOR('',#2441,1.360932143976E1);
#2443=CARTESIAN_POINT('',(1.806087361687E2,1.299067856024E1,1.17E1));
#2444=LINE('',#2443,#2442);
#2445=DIRECTION('',(0.E0,0.E0,-1.E0));
#2446=VECTOR('',#2445,2.340000001561E1);
#2447=CARTESIAN_POINT('',(1.806087361687E2,2.66E1,1.170000001579E1));
#2448=LINE('',#2447,#2446);
#2449=DIRECTION('',(-4.433994245425E-10,-1.E0,0.E0));
#2450=VECTOR('',#2449,3.56E1);
#2451=CARTESIAN_POINT('',(1.748087361845E2,2.66E1,-1.75E1));
#2452=LINE('',#2451,#2450);
#2453=CARTESIAN_POINT('',(1.748087361687E2,2.66E1,-1.17E1));
#2454=DIRECTION('',(0.E0,1.E0,0.E0));
#2455=DIRECTION('',(1.E0,0.E0,0.E0));
#2456=AXIS2_PLACEMENT_3D('',#2453,#2454,#2455);
#2458=DIRECTION('',(4.906608702359E-10,-1.E0,0.E0));
#2459=VECTOR('',#2458,3.56E1);
#2460=CARTESIAN_POINT('',(5.799999982532E0,2.66E1,-1.75E1));
#2461=LINE('',#2460,#2459);
#2462=DIRECTION('',(-1.E0,0.E0,0.E0));
#2463=VECTOR('',#2462,9.710873618451E1);
#2464=CARTESIAN_POINT('',(1.748087361845E2,2.66E1,-1.75E1));
#2465=LINE('',#2464,#2463);
#2466=DIRECTION('',(0.E0,-1.E0,0.E0));
#2467=VECTOR('',#2466,2.08E1);
#2468=CARTESIAN_POINT('',(7.77E1,2.66E1,-1.75E1));
#2469=LINE('',#2468,#2467);
#2470=DIRECTION('',(-1.E0,0.E0,0.E0));
#2471=VECTOR('',#2470,1.E0);
#2472=CARTESIAN_POINT('',(7.77E1,5.8E0,-1.75E1));
#2473=LINE('',#2472,#2471);
#2474=DIRECTION('',(0.E0,-1.E0,0.E0));
#2475=VECTOR('',#2474,2.08E1);
#2476=CARTESIAN_POINT('',(7.67E1,2.66E1,-1.75E1));
#2477=LINE('',#2476,#2475);
#2478=DIRECTION('',(-1.E0,0.E0,0.E0));
#2479=VECTOR('',#2478,1.1E1);
#2480=CARTESIAN_POINT('',(7.67E1,2.66E1,-1.75E1));
#2481=LINE('',#2480,#2479);
#2482=DIRECTION('',(0.E0,-1.E0,0.E0));
#2483=VECTOR('',#2482,2.08E1);
#2484=CARTESIAN_POINT('',(6.57E1,2.66E1,-1.75E1));
#2485=LINE('',#2484,#2483);
#2486=DIRECTION('',(-1.E0,0.E0,0.E0));
#2487=VECTOR('',#2486,1.E0);
#2488=CARTESIAN_POINT('',(6.57E1,5.8E0,-1.75E1));
#2489=LINE('',#2488,#2487);
#2490=DIRECTION('',(0.E0,-1.E0,0.E0));
#2491=VECTOR('',#2490,2.08E1);
#2492=CARTESIAN_POINT('',(6.47E1,2.66E1,-1.75E1));
#2493=LINE('',#2492,#2491);
#2494=DIRECTION('',(-1.E0,0.E0,0.E0));
#2495=VECTOR('',#2494,1.2E1);
#2496=CARTESIAN_POINT('',(6.47E1,2.66E1,-1.75E1));
#2497=LINE('',#2496,#2495);
#2498=DIRECTION('',(0.E0,-1.E0,0.E0));
#2499=VECTOR('',#2498,2.08E1);
#2500=CARTESIAN_POINT('',(5.27E1,2.66E1,-1.75E1));
#2501=LINE('',#2500,#2499);
#2502=DIRECTION('',(-1.E0,0.E0,0.E0));
#2503=VECTOR('',#2502,1.E0);
#2504=CARTESIAN_POINT('',(5.27E1,5.8E0,-1.75E1));
#2505=LINE('',#2504,#2503);
#2506=DIRECTION('',(0.E0,-1.E0,0.E0));
#2507=VECTOR('',#2506,2.08E1);
#2508=CARTESIAN_POINT('',(5.17E1,2.66E1,-1.75E1));
#2509=LINE('',#2508,#2507);
#2510=DIRECTION('',(-1.E0,0.E0,0.E0));
#2511=VECTOR('',#2510,1.45E1);
#2512=CARTESIAN_POINT('',(5.17E1,2.66E1,-1.75E1));
#2513=LINE('',#2512,#2511);
#2514=DIRECTION('',(0.E0,-1.E0,0.E0));
#2515=VECTOR('',#2514,2.08E1);
#2516=CARTESIAN_POINT('',(3.72E1,2.66E1,-1.75E1));
#2517=LINE('',#2516,#2515);
#2518=DIRECTION('',(-1.E0,0.E0,0.E0));
#2519=VECTOR('',#2518,1.E0);
#2520=CARTESIAN_POINT('',(3.72E1,5.8E0,-1.75E1));
#2521=LINE('',#2520,#2519);
#2522=DIRECTION('',(0.E0,-1.E0,0.E0));
#2523=VECTOR('',#2522,2.08E1);
#2524=CARTESIAN_POINT('',(3.62E1,2.66E1,-1.75E1));
#2525=LINE('',#2524,#2523);
#2526=DIRECTION('',(-1.E0,0.E0,0.E0));
#2527=VECTOR('',#2526,2.25E1);
#2528=CARTESIAN_POINT('',(3.62E1,2.66E1,-1.75E1));
#2529=LINE('',#2528,#2527);
#2530=DIRECTION('',(0.E0,-1.E0,0.E0));
#2531=VECTOR('',#2530,2.08E1);
#2532=CARTESIAN_POINT('',(1.37E1,2.66E1,-1.75E1));
#2533=LINE('',#2532,#2531);
#2534=DIRECTION('',(-1.E0,0.E0,0.E0));
#2535=VECTOR('',#2534,1.E0);
#2536=CARTESIAN_POINT('',(1.37E1,5.8E0,-1.75E1));
#2537=LINE('',#2536,#2535);
#2538=DIRECTION('',(0.E0,-1.E0,0.E0));
#2539=VECTOR('',#2538,2.08E1);
#2540=CARTESIAN_POINT('',(1.27E1,2.66E1,-1.75E1));
#2541=LINE('',#2540,#2539);
#2542=DIRECTION('',(-1.E0,0.E0,0.E0));
#2543=VECTOR('',#2542,6.900000017468E0);
#2544=CARTESIAN_POINT('',(1.27E1,2.66E1,-1.75E1));
#2545=LINE('',#2544,#2543);
#2546=DIRECTION('',(0.E0,-1.E0,4.433995742355E-10));
#2547=VECTOR('',#2546,3.56E1);
#2548=CARTESIAN_POINT('',(0.E0,2.66E1,-1.170000001579E1));
#2549=LINE('',#2548,#2547);
#2550=CARTESIAN_POINT('',(5.8E0,2.66E1,-1.17E1));
#2551=DIRECTION('',(0.E0,1.E0,0.E0));
#2552=DIRECTION('',(0.E0,0.E0,-1.E0));
#2553=AXIS2_PLACEMENT_3D('',#2550,#2551,#2552);
#2555=CARTESIAN_POINT('',(0.E0,1.2E1,0.E0));
#2556=DIRECTION('',(-1.E0,0.E0,0.E0));
#2557=DIRECTION('',(0.E0,0.E0,1.E0));
#2558=AXIS2_PLACEMENT_3D('',#2555,#2556,#2557);
#2560=CARTESIAN_POINT('',(0.E0,1.2E1,0.E0));
#2561=DIRECTION('',(-1.E0,0.E0,0.E0));
#2562=DIRECTION('',(0.E0,0.E0,-1.E0));
#2563=AXIS2_PLACEMENT_3D('',#2560,#2561,#2562);
#2565=DIRECTION('',(0.E0,0.E0,1.E0));
#2566=VECTOR('',#2565,2.340000001561E1);
#2567=CARTESIAN_POINT('',(0.E0,2.66E1,-1.170000001579E1));
#2568=LINE('',#2567,#2566);
#2569=DIRECTION('',(4.433999983657E-10,-1.E0,0.E0));
#2570=VECTOR('',#2569,3.56E1);
#2571=CARTESIAN_POINT('',(5.799999984215E0,2.66E1,1.75E1));
#2572=LINE('',#2571,#2570);
#2573=DIRECTION('',(0.E0,1.E0,-4.788878407433E-12));
#2574=VECTOR('',#2573,3.56E1);
#2575=CARTESIAN_POINT('',(0.E0,-9.E0,1.17E1));
#2576=LINE('',#2575,#2574);
#2577=CARTESIAN_POINT('',(5.8E0,2.66E1,1.17E1));
#2578=DIRECTION('',(0.E0,1.E0,0.E0));
#2579=DIRECTION('',(-1.E0,0.E0,0.E0));
#2580=AXIS2_PLACEMENT_3D('',#2577,#2578,#2579);
#2582=DIRECTION('',(0.E0,-1.E0,0.E0));
#2583=VECTOR('',#2582,2.000932143976E1);
#2584=CARTESIAN_POINT('',(1.748087361687E2,1.100932143976E1,1.75E1));
#2585=LINE('',#2584,#2583);
#2586=DIRECTION('',(1.E0,0.E0,0.E0));
#2587=VECTOR('',#2586,6.900000015785E0);
#2588=CARTESIAN_POINT('',(5.799999984215E0,2.66E1,1.75E1));
#2589=LINE('',#2588,#2587);
#2590=DIRECTION('',(0.E0,-1.E0,0.E0));
#2591=VECTOR('',#2590,2.08E1);
#2592=CARTESIAN_POINT('',(1.27E1,2.66E1,1.75E1));
#2593=LINE('',#2592,#2591);
#2594=DIRECTION('',(-1.E0,0.E0,0.E0));
#2595=VECTOR('',#2594,1.E0);
#2596=CARTESIAN_POINT('',(1.37E1,5.8E0,1.75E1));
#2597=LINE('',#2596,#2595);
#2598=DIRECTION('',(0.E0,-1.E0,0.E0));
#2599=VECTOR('',#2598,2.08E1);
#2600=CARTESIAN_POINT('',(1.37E1,2.66E1,1.75E1));
#2601=LINE('',#2600,#2599);
#2602=DIRECTION('',(1.E0,0.E0,0.E0));
#2603=VECTOR('',#2602,2.25E1);
#2604=CARTESIAN_POINT('',(1.37E1,2.66E1,1.75E1));
#2605=LINE('',#2604,#2603);
#2606=DIRECTION('',(0.E0,-1.E0,0.E0));
#2607=VECTOR('',#2606,2.08E1);
#2608=CARTESIAN_POINT('',(3.62E1,2.66E1,1.75E1));
#2609=LINE('',#2608,#2607);
#2610=DIRECTION('',(-1.E0,0.E0,0.E0));
#2611=VECTOR('',#2610,1.E0);
#2612=CARTESIAN_POINT('',(3.72E1,5.8E0,1.75E1));
#2613=LINE('',#2612,#2611);
#2614=DIRECTION('',(0.E0,-1.E0,0.E0));
#2615=VECTOR('',#2614,2.08E1);
#2616=CARTESIAN_POINT('',(3.72E1,2.66E1,1.75E1));
#2617=LINE('',#2616,#2615);
#2618=DIRECTION('',(1.E0,0.E0,0.E0));
#2619=VECTOR('',#2618,1.45E1);
#2620=CARTESIAN_POINT('',(3.72E1,2.66E1,1.75E1));
#2621=LINE('',#2620,#2619);
#2622=DIRECTION('',(0.E0,-1.E0,0.E0));
#2623=VECTOR('',#2622,2.08E1);
#2624=CARTESIAN_POINT('',(5.17E1,2.66E1,1.75E1));
#2625=LINE('',#2624,#2623);
#2626=DIRECTION('',(-1.E0,0.E0,0.E0));
#2627=VECTOR('',#2626,1.E0);
#2628=CARTESIAN_POINT('',(5.27E1,5.8E0,1.75E1));
#2629=LINE('',#2628,#2627);
#2630=DIRECTION('',(0.E0,-1.E0,0.E0));
#2631=VECTOR('',#2630,2.08E1);
#2632=CARTESIAN_POINT('',(5.27E1,2.66E1,1.75E1));
#2633=LINE('',#2632,#2631);
#2634=DIRECTION('',(1.E0,0.E0,0.E0));
#2635=VECTOR('',#2634,1.2E1);
#2636=CARTESIAN_POINT('',(5.27E1,2.66E1,1.75E1));
#2637=LINE('',#2636,#2635);
#2638=DIRECTION('',(0.E0,-1.E0,0.E0));
#2639=VECTOR('',#2638,2.08E1);
#2640=CARTESIAN_POINT('',(6.47E1,2.66E1,1.75E1));
#2641=LINE('',#2640,#2639);
#2642=DIRECTION('',(-1.E0,0.E0,0.E0));
#2643=VECTOR('',#2642,1.E0);
#2644=CARTESIAN_POINT('',(6.57E1,5.8E0,1.75E1));
#2645=LINE('',#2644,#2643);
#2646=DIRECTION('',(0.E0,-1.E0,0.E0));
#2647=VECTOR('',#2646,2.08E1);
#2648=CARTESIAN_POINT('',(6.57E1,2.66E1,1.75E1));
#2649=LINE('',#2648,#2647);
#2650=DIRECTION('',(1.E0,0.E0,0.E0));
#2651=VECTOR('',#2650,1.1E1);
#2652=CARTESIAN_POINT('',(6.57E1,2.66E1,1.75E1));
#2653=LINE('',#2652,#2651);
#2654=DIRECTION('',(0.E0,-1.E0,0.E0));
#2655=VECTOR('',#2654,2.08E1);
#2656=CARTESIAN_POINT('',(7.67E1,2.66E1,1.75E1));
#2657=LINE('',#2656,#2655);
#2658=DIRECTION('',(-1.E0,0.E0,0.E0));
#2659=VECTOR('',#2658,1.E0);
#2660=CARTESIAN_POINT('',(7.77E1,5.8E0,1.75E1));
#2661=LINE('',#2660,#2659);
#2662=DIRECTION('',(0.E0,-1.E0,0.E0));
#2663=VECTOR('',#2662,2.08E1);
#2664=CARTESIAN_POINT('',(7.77E1,2.66E1,1.75E1));
#2665=LINE('',#2664,#2663);
#2666=DIRECTION('',(1.E0,0.E0,0.E0));
#2667=VECTOR('',#2666,9.290873616873E1);
#2668=CARTESIAN_POINT('',(7.77E1,2.66E1,1.75E1));
#2669=LINE('',#2668,#2667);
#2670=DIRECTION('',(1.E0,0.E0,0.E0));
#2671=VECTOR('',#2670,4.200000017468E0);
#2672=CARTESIAN_POINT('',(1.706087361687E2,2.66E1,1.75E1));
#2673=LINE('',#2672,#2671);
#2674=DIRECTION('',(1.283497340105E-9,1.E0,0.E0));
#2675=VECTOR('',#2674,1.360932143976E1);
#2676=CARTESIAN_POINT('',(1.748087361687E2,1.299067856024E1,1.75E1));
#2677=LINE('',#2676,#2675);
#2678=DIRECTION('',(-1.E0,0.E0,0.E0));
#2679=VECTOR('',#2678,2.819891237125E1);
#2680=CARTESIAN_POINT('',(1.748087361687E2,1.299067856024E1,1.75E1));
#2681=LINE('',#2680,#2679);
#2682=DIRECTION('',(0.E0,-1.E0,0.E0));
#2683=VECTOR('',#2682,1.981357120471E0);
#2684=CARTESIAN_POINT('',(1.466098237975E2,1.299067856024E1,1.75E1));
#2685=LINE('',#2684,#2683);
#2686=DIRECTION('',(-1.E0,0.E0,0.E0));
#2687=VECTOR('',#2686,2.819891237125E1);
#2688=CARTESIAN_POINT('',(1.748087361687E2,1.100932143976E1,1.75E1));
#2689=LINE('',#2688,#2687);
#2690=CARTESIAN_POINT('',(1.748087361687E2,1.299067856024E1,1.17E1));
#2691=DIRECTION('',(0.E0,1.E0,0.E0));
#2692=DIRECTION('',(0.E0,0.E0,1.E0));
#2693=AXIS2_PLACEMENT_3D('',#2690,#2691,#2692);
#2695=CARTESIAN_POINT('',(1.748087361687E2,2.66E1,1.17E1));
#2696=DIRECTION('',(0.E0,1.E0,0.E0));
#2697=DIRECTION('',(0.E0,0.E0,1.E0));
#2698=AXIS2_PLACEMENT_3D('',#2695,#2696,#2697);
#2700=DIRECTION('',(0.E0,-1.E0,0.E0));
#2701=VECTOR('',#2700,2.000932143976E1);
#2702=CARTESIAN_POINT('',(1.806087361687E2,1.100932143976E1,1.17E1));
#2703=LINE('',#2702,#2701);
#2704=CARTESIAN_POINT('',(1.748087361687E2,1.100932143976E1,1.17E1));
#2705=DIRECTION('',(0.E0,1.E0,0.E0));
#2706=DIRECTION('',(0.E0,0.E0,1.E0));
#2707=AXIS2_PLACEMENT_3D('',#2704,#2705,#2706);
#2709=CARTESIAN_POINT('',(1.748087361675E2,2.879876184137E1,1.669333854276E1));
#2710=CARTESIAN_POINT('',(1.749917162190E2,2.892276513076E1,1.658818258320E1));
#2711=CARTESIAN_POINT('',(1.753605475325E2,2.914685795299E1,1.634741662240E1));
#2712=CARTESIAN_POINT('',(1.758896713871E2,2.941524247913E1,1.589903430203E1));
#2713=CARTESIAN_POINT('',(1.763702681831E2,2.962078204876E1,1.537550369039E1));
#2714=CARTESIAN_POINT('',(1.768000728855E2,2.977414215822E1,1.476710695866E1));
#2715=CARTESIAN_POINT('',(1.771636836244E2,2.987935328539E1,1.407565055565E1));
#2716=CARTESIAN_POINT('',(1.774444744811E2,2.994315948501E1,1.327582427507E1));
#2717=CARTESIAN_POINT('',(1.775866280286E2,2.997144621197E1,1.246645370366E1));
#2718=CARTESIAN_POINT('',(1.775917100902E2,2.997841886087E1,1.195430687098E1));
#2719=CARTESIAN_POINT('',(1.775732444286E2,2.998040478058E1,1.169999999998E1));
#2721=CARTESIAN_POINT('',(1.748087361687E2,2.66E1,1.41E1));
#2722=DIRECTION('',(1.E0,0.E0,0.E0));
#2723=DIRECTION('',(0.E0,6.466958221648E-1,7.627480013704E-1));
#2724=AXIS2_PLACEMENT_3D('',#2721,#2722,#2723);
#2726=CARTESIAN_POINT('',(1.773578491152E2,2.998212821247E1,1.289961477867E1));
#2727=CARTESIAN_POINT('',(1.773891600514E2,2.998406037364E1,1.277907632736E1));
#2728=CARTESIAN_POINT('',(1.774475797523E2,2.998608289683E1,1.252966064473E1));
#2729=CARTESIAN_POINT('',(1.775196065333E2,2.998489702063E1,1.213822177752E1));
#2730=CARTESIAN_POINT('',(1.775580039097E2,2.998205475294E1,1.184975375388E1));
#2731=CARTESIAN_POINT('',(1.775732444286E2,2.998040478058E1,1.169999999998E1));
#2733=CARTESIAN_POINT('',(1.740137500252E2,2.952622009648E1,1.643440532818E1));
#2734=CARTESIAN_POINT('',(1.740854298547E2,2.953993886611E1,1.640053010474E1));
#2735=CARTESIAN_POINT('',(1.742373437056E2,2.956877814354E1,1.632739113479E1));
#2736=CARTESIAN_POINT('',(1.744832842315E2,2.961449892820E1,1.620228387144E1));
#2737=CARTESIAN_POINT('',(1.747523127358E2,2.966304243753E1,1.605481640376E1));
#2738=CARTESIAN_POINT('',(1.750457704267E2,2.971338730219E1,1.587860606107E1));
#2739=CARTESIAN_POINT('',(1.753644996912E2,2.976486779948E1,1.566459265299E1));
#2740=CARTESIAN_POINT('',(1.757061000133E2,2.981552450616E1,1.540296609126E1));
#2741=CARTESIAN_POINT('',(1.760654501885E2,2.986349246136E1,1.508172269764E1));
#2742=CARTESIAN_POINT('',(1.764329988400E2,2.990617297578E1,1.468642835755E1));
#2743=CARTESIAN_POINT('',(1.767947513706E2,2.994160003295E1,1.420349714920E1));
#2744=CARTESIAN_POINT('',(1.771375107889E2,2.996846398751E1,1.358253512632E1));
#2745=CARTESIAN_POINT('',(1.772967447519E2,2.997835610342E1,1.313486892151E1));
#2746=CARTESIAN_POINT('',(1.773578491152E2,2.998212821247E1,1.289961477867E1));
#2748=CARTESIAN_POINT('',(1.772087361887E2,2.93E1,1.284995154362E1));
#2749=DIRECTION('',(3.160083069198E-1,-2.333603730946E-9,-9.487564228809E-1));
#2750=DIRECTION('',(-4.693336563833E-7,9.999999999999E-1,-1.587835742255E-7));
#2751=AXIS2_PLACEMENT_3D('',#2748,#2749,#2750);
#2753=CARTESIAN_POINT('',(1.737658073340E2,2.929999999996E1,1.582011239137E1));
#2754=DIRECTION('',(9.277977308984E-1,0.E0,-3.730835972537E-1));
#2755=DIRECTION('',(3.215713409677E-11,1.E0,7.996143429523E-11));
#2756=AXIS2_PLACEMENT_3D('',#2753,#2754,#2755);
#2758=CARTESIAN_POINT('',(1.724356464537E2,2.930000000020E1,1.639261974309E1));
#2759=DIRECTION('',(9.052533227374E-1,0.E0,-4.248722415891E-1));
#2760=DIRECTION('',(2.216860320825E-11,1.E0,4.72250121E-11));
#2761=AXIS2_PLACEMENT_3D('',#2758,#2759,#2760);
#2763=CARTESIAN_POINT('',(1.727330573076E2,2.930000396508E1,1.702629693532E1));
#2764=CARTESIAN_POINT('',(1.728588545872E2,2.932231795967E1,1.696725534356E1));
#2765=CARTESIAN_POINT('',(1.731010455700E2,2.936530021116E1,1.685499214163E1));
#2766=CARTESIAN_POINT('',(1.734363862563E2,2.942463849418E1,1.670104047901E1));
#2767=CARTESIAN_POINT('',(1.737423950239E2,2.947865363907E1,1.656045394520E1));
#2768=CARTESIAN_POINT('',(1.739260515525E2,2.951089562058E1,1.647530832035E1));
#2769=CARTESIAN_POINT('',(1.740137500252E2,2.952622009648E1,1.643440532818E1));
#2771=CARTESIAN_POINT('',(1.748087351597E2,3.025383475088E1,1.840954107008E1));
#2772=DIRECTION('',(-6.730092009578E-1,-5.641569323576E-1,4.783153469198E-1));
#2773=DIRECTION('',(-3.529676147155E-1,-3.233275369584E-1,-8.779938307337E-1));
#2774=AXIS2_PLACEMENT_3D('',#2771,#2772,#2773);
#2776=CARTESIAN_POINT('',(1.706087361687E2,2.66E1,1.75E1));
#2777=CARTESIAN_POINT('',(1.710547203901E2,2.683669394268E1,1.749995001335E1));
#2778=CARTESIAN_POINT('',(1.718994951003E2,2.728574212479E1,1.745076073565E1));
#2779=CARTESIAN_POINT('',(1.730138424936E2,2.787349851127E1,1.727066445465E1));
#2780=CARTESIAN_POINT('',(1.739857206934E2,2.837992928842E1,1.701417913406E1));
#2781=CARTESIAN_POINT('',(1.745492052282E2,2.866782231617E1,1.680435713824E1));
#2782=CARTESIAN_POINT('',(1.748087361675E2,2.879876184137E1,1.669333854276E1));
#2784=CARTESIAN_POINT('',(1.635375311949E2,3.000000269570E1,1.410002650163E1));
#2785=CARTESIAN_POINT('',(1.635948311977E2,3.000001167090E1,1.425233743661E1));
#2786=CARTESIAN_POINT('',(1.637423746936E2,2.997920847286E1,1.456770320649E1));
#2787=CARTESIAN_POINT('',(1.640734886321E2,2.987722117932E1,1.505223719723E1));
#2788=CARTESIAN_POINT('',(1.645393933790E2,2.969230750978E1,1.554767402872E1));
#2789=CARTESIAN_POINT('',(1.651500665818E2,2.941762121884E1,1.603105245176E1));
#2790=CARTESIAN_POINT('',(1.659156991520E2,2.904800016622E1,1.648481352098E1));
#2791=CARTESIAN_POINT('',(1.668414002063E2,2.858128539693E1,1.688681185225E1));
#2792=CARTESIAN_POINT('',(1.679168153345E2,2.802410696242E1,1.721080308812E1));
#2793=CARTESIAN_POINT('',(1.691516584276E2,2.737408192916E1,1.743680531210E1));
#2794=CARTESIAN_POINT('',(1.701040155280E2,2.686781841704E1,1.749992665902E1));
#2795=CARTESIAN_POINT('',(1.706087361687E2,2.66E1,1.75E1));
#2797=CARTESIAN_POINT('',(1.635375311949E2,3.000000269570E1,1.410002650163E1));
#2798=CARTESIAN_POINT('',(1.635986204159E2,3.000000788859E1,1.416333443463E1));
#2799=CARTESIAN_POINT('',(1.637271230672E2,2.999816703688E1,1.428976825428E1));
#2800=CARTESIAN_POINT('',(1.639256739609E2,2.999014309400E1,1.447155771611E1));
#2801=CARTESIAN_POINT('',(1.641623874363E2,2.997455353921E1,1.467260541187E1));
#2802=CARTESIAN_POINT('',(1.644266364759E2,2.995051126179E1,1.487840883796E1));
#2803=CARTESIAN_POINT('',(1.647215053083E2,2.991760917315E1,1.508893476371E1));
#2804=CARTESIAN_POINT('',(1.650485357512E2,2.987523688353E1,1.530360056909E1));
#2805=CARTESIAN_POINT('',(1.654131138573E2,2.982293947840E1,1.552375022259E1));
#2806=CARTESIAN_POINT('',(1.658177794480E2,2.976035218037E1,1.574999677762E1));
#2807=CARTESIAN_POINT('',(1.662615585593E2,2.968788159481E1,1.598142998799E1));
#2808=CARTESIAN_POINT('',(1.667458843328E2,2.960592780850E1,1.621961416421E1));
#2809=CARTESIAN_POINT('',(1.672729907112E2,2.951426487139E1,1.646778065263E1));
#2810=CARTESIAN_POINT('',(1.678455440422E2,2.941339383476E1,1.673057102337E1));
#2811=CARTESIAN_POINT('',(1.682657256535E2,2.933878695111E1,1.692367789181E1));
#2812=CARTESIAN_POINT('',(1.684844733270E2,2.929998371001E1,1.702632317265E1));
#2814=CARTESIAN_POINT('',(1.687818668385E2,2.93E1,1.639262744819E1));
#2815=DIRECTION('',(9.052621972538E-1,0.E0,4.248533326022E-1));
#2816=DIRECTION('',(-7.613921338491E-6,9.999999998394E-1,1.622346968893E-5));
#2817=AXIS2_PLACEMENT_3D('',#2814,#2815,#2816);
#2819=CARTESIAN_POINT('',(1.706087361687E2,2.93E1,1.25E1));
#2820=DIRECTION('',(0.E0,1.E0,0.E0));
#2821=DIRECTION('',(-4.248552224966E-1,0.E0,9.052613102952E-1));
#2822=AXIS2_PLACEMENT_3D('',#2819,#2820,#2821);
#2824=CARTESIAN_POINT('',(1.706087361687E2,2.66E1,1.75E1));
#2825=CARTESIAN_POINT('',(1.708856465558E2,2.695474461192E1,1.749995496343E1));
#2826=CARTESIAN_POINT('',(1.714137594585E2,2.763021456732E1,1.745410149890E1));
#2827=CARTESIAN_POINT('',(1.721193517285E2,2.852852631683E1,1.728331539053E1));
#2828=CARTESIAN_POINT('',(1.725376631492E2,2.905561965345E1,1.711800350904E1));
#2829=CARTESIAN_POINT('',(1.727330573076E2,2.930000396508E1,1.702629693532E1));
#2831=CARTESIAN_POINT('',(1.684844733270E2,2.929998371001E1,1.702632317265E1));
#2832=CARTESIAN_POINT('',(1.686825797232E2,2.905218137621E1,1.711928628752E1));
#2833=CARTESIAN_POINT('',(1.691045697077E2,2.852038235064E1,1.728543327465E1));
#2834=CARTESIAN_POINT('',(1.698090108873E2,2.762341319764E1,1.745479892109E1));
#2835=CARTESIAN_POINT('',(1.703341216789E2,2.695186032287E1,1.749994208728E1));
#2836=CARTESIAN_POINT('',(1.706087361687E2,2.66E1,1.75E1));
#2838=CARTESIAN_POINT('',(7.77E1,2.66E1,-1.41E1));
#2839=DIRECTION('',(-1.E0,0.E0,0.E0));
#2840=DIRECTION('',(0.E0,1.E0,0.E0));
#2841=AXIS2_PLACEMENT_3D('',#2838,#2839,#2840);
#2843=CARTESIAN_POINT('',(7.77E1,2.66E1,1.41E1));
#2844=DIRECTION('',(-1.E0,0.E0,0.E0));
#2845=DIRECTION('',(0.E0,0.E0,1.E0));
#2846=AXIS2_PLACEMENT_3D('',#2843,#2844,#2845);
#2848=CARTESIAN_POINT('',(1.685897575918E2,2.999999999718E1,-1.409999998308E1));
#2849=CARTESIAN_POINT('',(1.686992850072E2,2.999999999717E1,-1.428800772517E1));
#2850=CARTESIAN_POINT('',(1.689556551671E2,2.996476890519E1,-1.466714385940E1));
#2851=CARTESIAN_POINT('',(1.693361568035E2,2.986504288318E1,-1.506880776352E1));
#2852=CARTESIAN_POINT('',(1.697193212439E2,2.976406624231E1,-1.535243125374E1));
#2853=CARTESIAN_POINT('',(1.700951939019E2,2.968803780878E1,-1.552449211230E1));
#2854=CARTESIAN_POINT('',(1.704501658955E2,2.965128364404E1,-1.559991994213E1));
#2855=CARTESIAN_POINT('',(1.707928409788E2,2.965264060418E1,-1.559721510595E1));
#2856=CARTESIAN_POINT('',(1.711492424647E2,2.969238774927E1,-1.551526934455E1));
#2857=CARTESIAN_POINT('',(1.715246088161E2,2.977047396876E1,-1.533651466083E1));
#2858=CARTESIAN_POINT('',(1.719106184639E2,2.987326408282E1,-1.504284385740E1));
#2859=CARTESIAN_POINT('',(1.722870850232E2,2.996961305529E1,-1.463283927435E1));
#2860=CARTESIAN_POINT('',(1.725239247061E2,3.000000000491E1,-1.427815932053E1));
#2861=CARTESIAN_POINT('',(1.726277147661E2,2.999999999351E1,-1.409999993558E1));
#2863=CARTESIAN_POINT('',(1.748087361687E2,2.66E1,-1.41E1));
#2864=DIRECTION('',(-1.E0,0.E0,0.E0));
#2865=DIRECTION('',(0.E0,1.E0,0.E0));
#2866=AXIS2_PLACEMENT_3D('',#2863,#2864,#2865);
#2868=DIRECTION('',(4.605269161416E-1,-7.071067811812E-1,5.365770769578E-1));
#2869=VECTOR('',#2868,2.404163054468E0);
#2870=CARTESIAN_POINT('',(1.685897575918E2,2.999999999718E1,-1.409999998308E1));
#2871=LINE('',#2870,#2869);
#2872=CARTESIAN_POINT('',(1.706087361687E2,3.E1,-1.174761279373E1));
#2873=DIRECTION('',(0.E0,-1.E0,0.E0));
#2874=DIRECTION('',(6.512834069344E-1,0.E0,-7.588345826674E-1));
#2875=AXIS2_PLACEMENT_3D('',#2872,#2873,#2874);
#2877=DIRECTION('',(-4.605269081457E-1,-7.071067851407E-1,5.365770786026E-1));
#2878=VECTOR('',#2877,2.404163038940E0);
#2879=CARTESIAN_POINT('',(1.726277147661E2,2.999999999351E1,-1.409999993558E1));
#2880=LINE('',#2879,#2878);
#2881=CARTESIAN_POINT('',(1.706087361687E2,2.83E1,-1.174761279373E1));
#2882=DIRECTION('',(0.E0,-1.E0,0.E0));
#2883=DIRECTION('',(-1.E0,0.E0,0.E0));
#2884=AXIS2_PLACEMENT_3D('',#2881,#2882,#2883);
#2886=CARTESIAN_POINT('',(1.696969393892E2,2.829999999830E1,-1.280998119878E1));
#2887=CARTESIAN_POINT('',(1.697490840877E2,2.829999999848E1,-1.285473532276E1));
#2888=CARTESIAN_POINT('',(1.698609393308E2,2.828238445290E1,-1.293697817387E1));
#2889=CARTESIAN_POINT('',(1.700343562972E2,2.823252144156E1,-1.302903033955E1));
#2890=CARTESIAN_POINT('',(1.702069754787E2,2.818203312116E1,-1.309271169763E1));
#2891=CARTESIAN_POINT('',(1.703768381991E2,2.814401890439E1,-1.313166090850E1));
#2892=CARTESIAN_POINT('',(1.705371158430E2,2.812564182202E1,-1.314866861921E1));
#2893=CARTESIAN_POINT('',(1.706918877091E2,2.812632030209E1,-1.314805861042E1));
#2894=CARTESIAN_POINT('',(1.708528140003E2,2.814619387463E1,-1.312957606602E1));
#2895=CARTESIAN_POINT('',(1.710224357853E2,2.818523698440E1,-1.308912599569E1));
#2896=CARTESIAN_POINT('',(1.711963859522E2,2.823663204133E1,-1.302313633436E1));
#2897=CARTESIAN_POINT('',(1.713678087339E2,2.828480653909E1,-1.292934833904E1));
#2898=CARTESIAN_POINT('',(1.714712715725E2,2.830000001233E1,-1.285226066871E1));
#2899=CARTESIAN_POINT('',(1.715205329951E2,2.829999999609E1,-1.280998115567E1));
#2901=CARTESIAN_POINT('',(1.706087361687E2,2.83E1,-1.174761279373E1));
#2902=DIRECTION('',(0.E0,-1.E0,0.E0));
#2903=DIRECTION('',(6.512834069344E-1,0.E0,-7.588345826673E-1));
#2904=AXIS2_PLACEMENT_3D('',#2901,#2902,#2903);
#2906=DIRECTION('',(1.302825025401E-11,-1.E0,1.589172386724E-10));
#2907=VECTOR('',#2906,2.609999999966E1);
#2908=CARTESIAN_POINT('',(1.720087361684E2,2.829999999966E1,-1.174761279788E1));
#2909=LINE('',#2908,#2907);
#2910=CARTESIAN_POINT('',(1.706087361687E2,2.83E1,-1.174761279373E1));
#2911=DIRECTION('',(0.E0,-1.E0,0.E0));
#2912=DIRECTION('',(1.E0,0.E0,0.E0));
#2913=AXIS2_PLACEMENT_3D('',#2910,#2911,#2912);
#2915=DIRECTION('',(-3.261200590228E-11,-1.E0,-5.511454043436E-10));
#2916=VECTOR('',#2915,2.609999999915E1);
#2917=CARTESIAN_POINT('',(1.692087361696E2,2.829999999915E1,-1.174761277935E1));
#2918=LINE('',#2917,#2916);
#2919=CARTESIAN_POINT('',(1.706087361687E2,2.2E0,-1.174761279373E1));
#2920=DIRECTION('',(0.E0,1.E0,0.E0));
#2921=DIRECTION('',(-1.E0,0.E0,0.E0));
#2922=AXIS2_PLACEMENT_3D('',#2919,#2920,#2921);
#2924=CARTESIAN_POINT('',(1.706087361687E2,2.2E0,-1.174761279373E1));
#2925=DIRECTION('',(0.E0,1.E0,0.E0));
#2926=DIRECTION('',(1.E0,0.E0,0.E0));
#2927=AXIS2_PLACEMENT_3D('',#2924,#2925,#2926);
#2929=CARTESIAN_POINT('',(1.772087361687E2,2.66E1,-1.17E1));
#2930=DIRECTION('',(0.E0,0.E0,-1.E0));
#2931=DIRECTION('',(0.E0,1.E0,0.E0));
#2932=AXIS2_PLACEMENT_3D('',#2929,#2930,#2931);
#2934=CARTESIAN_POINT('',(1.772087354712E2,3.E1,1.284995342321E1));
#2935=CARTESIAN_POINT('',(1.772560255677E2,2.999999989485E1,1.273721004710E1));
#2936=CARTESIAN_POINT('',(1.773470404439E2,2.999799919835E1,1.250215405821E1));
#2937=CARTESIAN_POINT('',(1.774683546151E2,2.999073172731E1,1.212707155223E1));
#2938=CARTESIAN_POINT('',(1.775411133996E2,2.998387299150E1,1.184684987546E1));
#2939=CARTESIAN_POINT('',(1.775732444286E2,2.998040478058E1,1.169999999998E1));
#2941=DIRECTION('',(2.841255030217E-8,-8.509163366313E-14,-1.E0));
#2942=VECTOR('',#2941,2.454995342321E1);
#2943=CARTESIAN_POINT('',(1.772087354712E2,3.E1,1.284995342321E1));
#2944=LINE('',#2943,#2942);
#2945=CARTESIAN_POINT('',(1.772087361687E2,2.66E1,1.17E1));
#2946=DIRECTION('',(0.E0,0.E0,-1.E0));
#2947=DIRECTION('',(1.072082989521E-1,9.942365818234E-1,0.E0));
#2948=AXIS2_PLACEMENT_3D('',#2945,#2946,#2947);
#2950=DIRECTION('',(0.E0,0.E0,-1.E0));
#2951=VECTOR('',#2950,3.5E1);
#2952=CARTESIAN_POINT('',(7.77E1,5.8E0,1.75E1));
#2953=LINE('',#2952,#2951);
#2954=DIRECTION('',(0.E0,0.E0,1.E0));
#2955=VECTOR('',#2954,3.5E1);
#2956=CARTESIAN_POINT('',(7.67E1,5.8E0,-1.75E1));
#2957=LINE('',#2956,#2955);
#2958=DIRECTION('',(0.E0,0.E0,-1.E0));
#2959=VECTOR('',#2958,3.5E1);
#2960=CARTESIAN_POINT('',(6.57E1,5.8E0,1.75E1));
#2961=LINE('',#2960,#2959);
#2962=DIRECTION('',(0.E0,0.E0,1.E0));
#2963=VECTOR('',#2962,3.5E1);
#2964=CARTESIAN_POINT('',(6.47E1,5.8E0,-1.75E1));
#2965=LINE('',#2964,#2963);
#2966=DIRECTION('',(0.E0,0.E0,-1.E0));
#2967=VECTOR('',#2966,3.5E1);
#2968=CARTESIAN_POINT('',(5.27E1,5.8E0,1.75E1));
#2969=LINE('',#2968,#2967);
#2970=DIRECTION('',(0.E0,0.E0,1.E0));
#2971=VECTOR('',#2970,3.5E1);
#2972=CARTESIAN_POINT('',(5.17E1,5.8E0,-1.75E1));
#2973=LINE('',#2972,#2971);
#2974=DIRECTION('',(0.E0,0.E0,-1.E0));
#2975=VECTOR('',#2974,3.5E1);
#2976=CARTESIAN_POINT('',(3.72E1,5.8E0,1.75E1));
#2977=LINE('',#2976,#2975);
#2978=DIRECTION('',(0.E0,0.E0,1.E0));
#2979=VECTOR('',#2978,3.5E1);
#2980=CARTESIAN_POINT('',(3.62E1,5.8E0,-1.75E1));
#2981=LINE('',#2980,#2979);
#2982=DIRECTION('',(0.E0,0.E0,-1.E0));
#2983=VECTOR('',#2982,3.5E1);
#2984=CARTESIAN_POINT('',(1.37E1,5.8E0,1.75E1));
#2985=LINE('',#2984,#2983);
#2986=DIRECTION('',(0.E0,0.E0,1.E0));
#2987=VECTOR('',#2986,3.5E1);
#2988=CARTESIAN_POINT('',(1.27E1,5.8E0,-1.75E1));
#2989=LINE('',#2988,#2987);
#2990=CARTESIAN_POINT('',(7.67E1,2.66E1,1.41E1));
#2991=DIRECTION('',(1.E0,0.E0,0.E0));
#2992=DIRECTION('',(0.E0,1.E0,0.E0));
#2993=AXIS2_PLACEMENT_3D('',#2990,#2991,#2992);
#2995=CARTESIAN_POINT('',(7.67E1,2.66E1,-1.41E1));
#2996=DIRECTION('',(1.E0,0.E0,0.E0));
#2997=DIRECTION('',(0.E0,0.E0,-1.E0));
#2998=AXIS2_PLACEMENT_3D('',#2995,#2996,#2997);
#3000=CARTESIAN_POINT('',(6.57E1,2.66E1,1.41E1));
#3001=DIRECTION('',(-1.E0,0.E0,0.E0));
#3002=DIRECTION('',(0.E0,0.E0,1.E0));
#3003=AXIS2_PLACEMENT_3D('',#3000,#3001,#3002);
#3005=CARTESIAN_POINT('',(6.57E1,2.66E1,-1.41E1));
#3006=DIRECTION('',(-1.E0,0.E0,0.E0));
#3007=DIRECTION('',(0.E0,1.E0,0.E0));
#3008=AXIS2_PLACEMENT_3D('',#3005,#3006,#3007);
#3010=CARTESIAN_POINT('',(6.47E1,2.66E1,1.41E1));
#3011=DIRECTION('',(1.E0,0.E0,0.E0));
#3012=DIRECTION('',(0.E0,1.E0,0.E0));
#3013=AXIS2_PLACEMENT_3D('',#3010,#3011,#3012);
#3015=CARTESIAN_POINT('',(6.47E1,2.66E1,-1.41E1));
#3016=DIRECTION('',(1.E0,0.E0,0.E0));
#3017=DIRECTION('',(0.E0,0.E0,-1.E0));
#3018=AXIS2_PLACEMENT_3D('',#3015,#3016,#3017);
#3020=CARTESIAN_POINT('',(5.27E1,2.66E1,1.41E1));
#3021=DIRECTION('',(-1.E0,0.E0,0.E0));
#3022=DIRECTION('',(0.E0,0.E0,1.E0));
#3023=AXIS2_PLACEMENT_3D('',#3020,#3021,#3022);
#3025=CARTESIAN_POINT('',(5.27E1,2.66E1,-1.41E1));
#3026=DIRECTION('',(-1.E0,0.E0,0.E0));
#3027=DIRECTION('',(0.E0,1.E0,0.E0));
#3028=AXIS2_PLACEMENT_3D('',#3025,#3026,#3027);
#3030=CARTESIAN_POINT('',(5.17E1,2.66E1,1.41E1));
#3031=DIRECTION('',(1.E0,0.E0,0.E0));
#3032=DIRECTION('',(0.E0,1.E0,0.E0));
#3033=AXIS2_PLACEMENT_3D('',#3030,#3031,#3032);
#3035=CARTESIAN_POINT('',(5.17E1,2.66E1,-1.41E1));
#3036=DIRECTION('',(1.E0,0.E0,0.E0));
#3037=DIRECTION('',(0.E0,0.E0,-1.E0));
#3038=AXIS2_PLACEMENT_3D('',#3035,#3036,#3037);
#3040=CARTESIAN_POINT('',(3.72E1,2.66E1,1.41E1));
#3041=DIRECTION('',(-1.E0,0.E0,0.E0));
#3042=DIRECTION('',(0.E0,0.E0,1.E0));
#3043=AXIS2_PLACEMENT_3D('',#3040,#3041,#3042);
#3045=CARTESIAN_POINT('',(3.72E1,2.66E1,-1.41E1));
#3046=DIRECTION('',(-1.E0,0.E0,0.E0));
#3047=DIRECTION('',(0.E0,1.E0,0.E0));
#3048=AXIS2_PLACEMENT_3D('',#3045,#3046,#3047);
#3050=CARTESIAN_POINT('',(1.37E1,2.66E1,1.41E1));
#3051=DIRECTION('',(-1.E0,0.E0,0.E0));
#3052=DIRECTION('',(0.E0,0.E0,1.E0));
#3053=AXIS2_PLACEMENT_3D('',#3050,#3051,#3052);
#3055=CARTESIAN_POINT('',(1.37E1,2.66E1,-1.41E1));
#3056=DIRECTION('',(-1.E0,0.E0,0.E0));
#3057=DIRECTION('',(0.E0,1.E0,0.E0));
#3058=AXIS2_PLACEMENT_3D('',#3055,#3056,#3057);
#3060=DIRECTION('',(0.E0,0.E0,-1.E0));
#3061=VECTOR('',#3060,2.34E1);
#3062=CARTESIAN_POINT('',(0.E0,-9.E0,1.17E1));
#3063=LINE('',#3062,#3061);
#3064=CARTESIAN_POINT('',(5.8E0,-9.E0,1.17E1));
#3065=DIRECTION('',(0.E0,-1.E0,0.E0));
#3066=DIRECTION('',(0.E0,0.E0,1.E0));
#3067=AXIS2_PLACEMENT_3D('',#3064,#3065,#3066);
#3069=DIRECTION('',(-1.E0,0.E0,0.E0));
#3070=VECTOR('',#3069,1.690087361687E2);
#3071=CARTESIAN_POINT('',(1.748087361687E2,-9.E0,1.75E1));
#3072=LINE('',#3071,#3070);
#3073=CARTESIAN_POINT('',(1.748087361687E2,-9.E0,1.17E1));
#3074=DIRECTION('',(0.E0,-1.E0,0.E0));
#3075=DIRECTION('',(1.E0,0.E0,0.E0));
#3076=AXIS2_PLACEMENT_3D('',#3073,#3074,#3075);
#3078=DIRECTION('',(0.E0,0.E0,1.E0));
#3079=VECTOR('',#3078,2.34E1);
#3080=CARTESIAN_POINT('',(1.806087361687E2,-9.E0,-1.17E1));
#3081=LINE('',#3080,#3079);
#3082=CARTESIAN_POINT('',(1.748087361687E2,-9.E0,-1.17E1));
#3083=DIRECTION('',(0.E0,-1.E0,0.E0));
#3084=DIRECTION('',(0.E0,0.E0,-1.E0));
#3085=AXIS2_PLACEMENT_3D('',#3082,#3083,#3084);
#3087=DIRECTION('',(1.E0,0.E0,0.E0));
#3088=VECTOR('',#3087,1.690087361687E2);
#3089=CARTESIAN_POINT('',(5.8E0,-9.E0,-1.75E1));
#3090=LINE('',#3089,#3088);
#3091=CARTESIAN_POINT('',(5.8E0,-9.E0,-1.17E1));
#3092=DIRECTION('',(0.E0,-1.E0,0.E0));
#3093=DIRECTION('',(-1.E0,0.E0,0.E0));
#3094=AXIS2_PLACEMENT_3D('',#3091,#3092,#3093);
#3096=DIRECTION('',(0.E0,0.E0,-1.E0));
#3097=VECTOR('',#3096,6.718291148434E0);
#3098=CARTESIAN_POINT('',(1.466098237975E2,1.100932143976E1,1.75E1));
#3099=LINE('',#3098,#3097);
#3100=CARTESIAN_POINT('',(1.706087361687E2,1.100932143976E1,1.25E1));
#3101=DIRECTION('',(0.E0,1.E0,0.E0));
#3102=DIRECTION('',(1.E0,0.E0,0.E0));
#3103=AXIS2_PLACEMENT_3D('',#3100,#3101,#3102);
#3105=CARTESIAN_POINT('',(1.706087361687E2,1.100932143976E1,1.25E1));
#3106=DIRECTION('',(0.E0,1.E0,0.E0));
#3107=DIRECTION('',(-1.E0,0.E0,0.E0));
#3108=AXIS2_PLACEMENT_3D('',#3105,#3106,#3107);
#3110=DIRECTION('',(0.E0,0.E0,-1.E0));
#3111=VECTOR('',#3110,6.718291148434E0);
#3112=CARTESIAN_POINT('',(1.466098237975E2,1.299067856024E1,1.75E1));
#3113=LINE('',#3112,#3111);
#3114=DIRECTION('',(1.E0,0.E0,0.E0));
#3115=VECTOR('',#3114,6.793150998619E1);
#3116=CARTESIAN_POINT('',(9.068924698303E1,0.E0,1.078170885157E1));
#3117=LINE('',#3116,#3115);
#3118=DIRECTION('',(0.E0,-1.E0,0.E0));
#3119=VECTOR('',#3118,1.100932143976E1);
#3120=CARTESIAN_POINT('',(1.586207569692E2,1.100932143976E1,1.078170885157E1));
#3121=LINE('',#3120,#3119);
#3122=DIRECTION('',(-1.E0,0.E0,0.E0));
#3123=VECTOR('',#3122,1.201093317174E1);
#3124=CARTESIAN_POINT('',(1.586207569692E2,1.100932143976E1,1.078170885157E1));
#3125=LINE('',#3124,#3123);
#3126=DIRECTION('',(0.E0,-1.E0,0.E0));
#3127=VECTOR('',#3126,1.981357120471E0);
#3128=CARTESIAN_POINT('',(1.466098237975E2,1.299067856024E1,1.078170885157E1));
#3129=LINE('',#3128,#3127);
#3130=DIRECTION('',(-1.E0,0.E0,0.E0));
#3131=VECTOR('',#3130,1.201093317174E1);
#3132=CARTESIAN_POINT('',(1.586207569692E2,1.299067856024E1,1.078170885157E1));
#3133=LINE('',#3132,#3131);
#3134=DIRECTION('',(0.E0,-1.E0,0.E0));
#3135=VECTOR('',#3134,1.700932143976E1);
#3136=CARTESIAN_POINT('',(1.586207569692E2,3.E1,1.078170885157E1));
#3137=LINE('',#3136,#3135);
#3138=DIRECTION('',(0.E0,-1.E0,0.E0));
#3139=VECTOR('',#3138,3.E1);
#3140=CARTESIAN_POINT('',(9.068924698303E1,3.E1,1.078170885157E1));
#3141=LINE('',#3140,#3139);
#3142=DIRECTION('',(-1.E0,0.E0,0.E0));
#3143=VECTOR('',#3142,6.793150998619E1);
#3144=CARTESIAN_POINT('',(1.586207569692E2,0.E0,-1.078170885157E1));
#3145=LINE('',#3144,#3143);
#3146=DIRECTION('',(0.E0,-1.E0,0.E0));
#3147=VECTOR('',#3146,3.E1);
#3148=CARTESIAN_POINT('',(9.068924698303E1,3.E1,-1.078170885157E1));
#3149=LINE('',#3148,#3147);
#3150=DIRECTION('',(0.E0,-1.E0,0.E0));
#3151=VECTOR('',#3150,3.E1);
#3152=CARTESIAN_POINT('',(1.586207569692E2,3.E1,-1.078170885157E1));
#3153=LINE('',#3152,#3151);
#3154=CARTESIAN_POINT('',(9.068924698303E1,0.E0,-8.531708851566E0));
#3155=DIRECTION('',(0.E0,-1.E0,0.E0));
#3156=DIRECTION('',(-1.E0,0.E0,0.E0));
#3157=AXIS2_PLACEMENT_3D('',#3154,#3155,#3156);
#3159=CARTESIAN_POINT('',(9.068924698303E1,3.E1,-8.531708851566E0));
#3160=DIRECTION('',(0.E0,-1.E0,0.E0));
#3161=DIRECTION('',(-1.E0,0.E0,0.E0));
#3162=AXIS2_PLACEMENT_3D('',#3159,#3160,#3161);
#3164=DIRECTION('',(0.E0,-1.E0,0.E0));
#3165=VECTOR('',#3164,3.E1);
#3166=CARTESIAN_POINT('',(8.843924698303E1,3.E1,8.531708851566E0));
#3167=LINE('',#3166,#3165);
#3168=DIRECTION('',(0.E0,-1.E0,0.E0));
#3169=VECTOR('',#3168,3.E1);
#3170=CARTESIAN_POINT('',(8.843924698303E1,3.E1,-8.531708851566E0));
#3171=LINE('',#3170,#3169);
#3172=DIRECTION('',(0.E0,0.E0,1.E0));
#3173=VECTOR('',#3172,1.706341770313E1);
#3174=CARTESIAN_POINT('',(8.843924698303E1,0.E0,-8.531708851566E0));
#3175=LINE('',#3174,#3173);
#3176=CARTESIAN_POINT('',(9.068924698303E1,0.E0,8.531708851566E0));
#3177=DIRECTION('',(0.E0,-1.E0,0.E0));
#3178=DIRECTION('',(0.E0,0.E0,1.E0));
#3179=AXIS2_PLACEMENT_3D('',#3176,#3177,#3178);
#3181=CARTESIAN_POINT('',(9.068924698303E1,3.E1,8.531708851566E0));
#3182=DIRECTION('',(0.E0,-1.E0,0.E0));
#3183=DIRECTION('',(0.E0,0.E0,1.E0));
#3184=AXIS2_PLACEMENT_3D('',#3181,#3182,#3183);
#3186=CARTESIAN_POINT('',(1.586207569692E2,0.E0,-8.531708851566E0));
#3187=DIRECTION('',(0.E0,-1.E0,0.E0));
#3188=DIRECTION('',(0.E0,0.E0,-1.E0));
#3189=AXIS2_PLACEMENT_3D('',#3186,#3187,#3188);
#3191=CARTESIAN_POINT('',(1.586207569692E2,3.E1,-8.531708851566E0));
#3192=DIRECTION('',(0.E0,-1.E0,0.E0));
#3193=DIRECTION('',(0.E0,0.E0,-1.E0));
#3194=AXIS2_PLACEMENT_3D('',#3191,#3192,#3193);
#3196=DIRECTION('',(0.E0,0.E0,-1.E0));
#3197=VECTOR('',#3196,1.706341770313E1);
#3198=CARTESIAN_POINT('',(1.608707569692E2,0.E0,8.531708851566E0));
#3199=LINE('',#3198,#3197);
#3200=DIRECTION('',(0.E0,-1.E0,0.E0));
#3201=VECTOR('',#3200,3.E1);
#3202=CARTESIAN_POINT('',(1.608707569692E2,3.E1,-8.531708851566E0));
#3203=LINE('',#3202,#3201);
#3204=DIRECTION('',(0.E0,-1.E0,0.E0));
#3205=VECTOR('',#3204,1.700932143976E1);
#3206=CARTESIAN_POINT('',(1.608707569692E2,3.E1,8.531708851566E0));
#3207=LINE('',#3206,#3205);
#3208=DIRECTION('',(0.E0,0.E0,-1.E0));
#3209=VECTOR('',#3208,2.918460594960E0);
#3210=CARTESIAN_POINT('',(1.608707569692E2,1.299067856024E1,8.531708851566E0));
#3211=LINE('',#3210,#3209);
#3212=DIRECTION('',(0.E0,0.E0,-1.E0));
#3213=VECTOR('',#3212,2.386751743394E0);
#3214=CARTESIAN_POINT('',(1.608707569692E2,1.299067856024E1,-5.613248256606E0));
#3215=LINE('',#3214,#3213);
#3216=DIRECTION('',(0.E0,1.E0,0.E0));
#3217=VECTOR('',#3216,1.981357120471E0);
#3218=CARTESIAN_POINT('',(1.608707569692E2,1.100932143976E1,-8.E0));
#3219=LINE('',#3218,#3217);
#3220=DIRECTION('',(0.E0,0.E0,-1.E0));
#3221=VECTOR('',#3220,2.386751743394E0);
#3222=CARTESIAN_POINT('',(1.608707569692E2,1.100932143976E1,-5.613248256606E0));
#3223=LINE('',#3222,#3221);
#3224=DIRECTION('',(0.E0,0.E0,-1.E0));
#3225=VECTOR('',#3224,2.918460594960E0);
#3226=CARTESIAN_POINT('',(1.608707569692E2,1.100932143976E1,8.531708851566E0));
#3227=LINE('',#3226,#3225);
#3228=DIRECTION('',(0.E0,-1.E0,0.E0));
#3229=VECTOR('',#3228,1.100932143976E1);
#3230=CARTESIAN_POINT('',(1.608707569692E2,1.100932143976E1,8.531708851566E0));
#3231=LINE('',#3230,#3229);
#3232=CARTESIAN_POINT('',(1.586207569692E2,1.299067856024E1,8.531708851566E0));
#3233=DIRECTION('',(0.E0,-1.E0,0.E0));
#3234=DIRECTION('',(1.E0,0.E0,0.E0));
#3235=AXIS2_PLACEMENT_3D('',#3232,#3233,#3234);
#3237=CARTESIAN_POINT('',(1.586207569692E2,3.E1,8.531708851566E0));
#3238=DIRECTION('',(0.E0,-1.E0,0.E0));
#3239=DIRECTION('',(1.E0,0.E0,0.E0));
#3240=AXIS2_PLACEMENT_3D('',#3237,#3238,#3239);
#3242=CARTESIAN_POINT('',(1.586207569692E2,1.100932143976E1,8.531708851566E0));
#3243=DIRECTION('',(0.E0,-1.E0,0.E0));
#3244=DIRECTION('',(1.E0,0.E0,0.E0));
#3245=AXIS2_PLACEMENT_3D('',#3242,#3243,#3244);
#3247=CARTESIAN_POINT('',(1.586207569692E2,0.E0,8.531708851566E0));
#3248=DIRECTION('',(0.E0,-1.E0,0.E0));
#3249=DIRECTION('',(1.E0,0.E0,0.E0));
#3250=AXIS2_PLACEMENT_3D('',#3247,#3248,#3249);
#3252=DIRECTION('',(1.E0,0.E0,0.E0));
#3253=VECTOR('',#3252,1.973797919951E1);
#3254=CARTESIAN_POINT('',(1.608707569692E2,1.100932143976E1,-8.E0));
#3255=LINE('',#3254,#3253);
#3256=DIRECTION('',(-1.E0,0.E0,0.E0));
#3257=VECTOR('',#3256,1.973797919951E1);
#3258=CARTESIAN_POINT('',(1.806087361687E2,1.299067856024E1,-8.E0));
#3259=LINE('',#3258,#3257);
#3260=DIRECTION('',(0.E0,0.E0,1.E0));
#3261=VECTOR('',#3260,1.122649651321E1);
#3262=CARTESIAN_POINT('',(1.702E2,1.100932143976E1,-5.613248256606E0));
#3263=LINE('',#3262,#3261);
#3264=CARTESIAN_POINT('',(1.702E2,1.2E1,0.E0));
#3265=DIRECTION('',(-1.E0,0.E0,0.E0));
#3266=DIRECTION('',(0.E0,-1.738032561817E-1,-9.847803958958E-1));
#3267=AXIS2_PLACEMENT_3D('',#3264,#3265,#3266);
#3269=DIRECTION('',(0.E0,0.E0,1.E0));
#3270=VECTOR('',#3269,1.122649651321E1);
#3271=CARTESIAN_POINT('',(1.702E2,1.299067856024E1,-5.613248256606E0));
#3272=LINE('',#3271,#3270);
#3273=CARTESIAN_POINT('',(1.702E2,1.2E1,0.E0));
#3274=DIRECTION('',(-1.E0,0.E0,0.E0));
#3275=DIRECTION('',(0.E0,1.738032561817E-1,9.847803958958E-1));
#3276=AXIS2_PLACEMENT_3D('',#3273,#3274,#3275);
#3278=DIRECTION('',(0.E0,-1.E0,0.E0));
#3279=VECTOR('',#3278,9.2E0);
#3280=CARTESIAN_POINT('',(1.720087361687E2,1.100932143976E1,1.25E1));
#3281=LINE('',#3280,#3279);
#3282=DIRECTION('',(0.E0,-1.E0,0.E0));
#3283=VECTOR('',#3282,9.2E0);
#3284=CARTESIAN_POINT('',(1.692087361687E2,1.100932143976E1,1.25E1));
#3285=LINE('',#3284,#3283);
#3286=CARTESIAN_POINT('',(1.706087361687E2,1.809321439764E0,1.25E1));
#3287=DIRECTION('',(0.E0,1.E0,0.E0));
#3288=DIRECTION('',(1.E0,0.E0,0.E0));
#3289=AXIS2_PLACEMENT_3D('',#3286,#3287,#3288);
#3291=CARTESIAN_POINT('',(1.706087361687E2,1.809321439764E0,1.25E1));
#3292=DIRECTION('',(0.E0,1.E0,0.E0));
#3293=DIRECTION('',(-1.E0,0.E0,0.E0));
#3294=AXIS2_PLACEMENT_3D('',#3291,#3292,#3293);
#3296=CARTESIAN_POINT('',(5.8E0,2.66E1,1.41E1));
#3297=DIRECTION('',(1.E0,0.E0,0.E0));
#3298=DIRECTION('',(0.E0,1.E0,0.E0));
#3299=AXIS2_PLACEMENT_3D('',#3296,#3297,#3298);
#3301=CARTESIAN_POINT('',(3.4E0,2.66E1,1.17E1));
#3302=DIRECTION('',(0.E0,0.E0,1.E0));
#3303=DIRECTION('',(0.E0,1.E0,0.E0));
#3304=AXIS2_PLACEMENT_3D('',#3301,#3302,#3303);
#3306=CARTESIAN_POINT('',(3.4E0,2.66E1,-1.17E1));
#3307=DIRECTION('',(0.E0,0.E0,1.E0));
#3308=DIRECTION('',(0.E0,1.E0,0.E0));
#3309=AXIS2_PLACEMENT_3D('',#3306,#3307,#3308);
#3311=CARTESIAN_POINT('',(5.8E0,2.66E1,-1.41E1));
#3312=DIRECTION('',(-1.E0,0.E0,0.E0));
#3313=DIRECTION('',(0.E0,1.E0,0.E0));
#3314=AXIS2_PLACEMENT_3D('',#3311,#3312,#3313);
#3316=DIRECTION('',(0.E0,-1.E0,0.E0));
#3317=VECTOR('',#3316,1.700932143976E1);
#3318=CARTESIAN_POINT('',(1.688587361687E2,3.E1,1.25E1));
#3319=LINE('',#3318,#3317);
#3320=DIRECTION('',(0.E0,-1.E0,0.E0));
#3321=VECTOR('',#3320,1.700932143976E1);
#3322=CARTESIAN_POINT('',(1.723587361687E2,3.E1,1.25E1));
#3323=LINE('',#3322,#3321);
#3324=DIRECTION('',(0.E0,1.E0,0.E0));
#3325=VECTOR('',#3324,1.E0);
#3326=CARTESIAN_POINT('',(1.766629447663E1,3.E1,-3.375E0));
#3327=LINE('',#3326,#3325);
#3328=DIRECTION('',(0.E0,1.E0,0.E0));
#3329=VECTOR('',#3328,1.E0);
#3330=CARTESIAN_POINT('',(1.766629447663E1,3.E1,-3.9375E0));
#3331=LINE('',#3330,#3329);
#3332=DIRECTION('',(0.E0,1.E0,0.E0));
#3333=VECTOR('',#3332,1.E0);
#3334=CARTESIAN_POINT('',(2.140033712113E1,3.E1,-3.9375E0));
#3335=LINE('',#3334,#3333);
#3336=DIRECTION('',(0.E0,1.E0,0.E0));
#3337=VECTOR('',#3336,1.E0);
#3338=CARTESIAN_POINT('',(2.073012416684E1,3.E1,-4.5E0));
#3339=LINE('',#3338,#3337);
#3340=DIRECTION('',(0.E0,1.E0,0.E0));
#3341=VECTOR('',#3340,1.E0);
#3342=CARTESIAN_POINT('',(2.149608179056E1,3.E1,-4.5E0));
#3343=LINE('',#3342,#3341);
#3344=DIRECTION('',(0.E0,1.E0,0.E0));
#3345=VECTOR('',#3344,1.E0);
#3346=CARTESIAN_POINT('',(2.216629447663E1,3.E1,-3.9375E0));
#3347=LINE('',#3346,#3345);
#3348=DIRECTION('',(0.E0,1.E0,0.E0));
#3349=VECTOR('',#3348,1.E0);
#3350=CARTESIAN_POINT('',(2.216629447663E1,3.E1,-3.375E0));
#3351=LINE('',#3350,#3349);
#3352=DIRECTION('',(-9.506452189317E-1,0.E0,3.102799827934E-1));
#3353=VECTOR('',#3352,3.021464471154E-1);
#3354=CARTESIAN_POINT('',(8.075319149792E1,3.1E1,-4.312499994412E0));
#3355=LINE('',#3354,#3353);
#3356=DIRECTION('',(0.E0,0.E0,-1.E0));
#3357=VECTOR('',#3356,4.687499720603E-1);
#3358=CARTESIAN_POINT('',(8.075319149792E1,3.1E1,-3.843750022352E0));
#3359=LINE('',#3358,#3357);
#3360=DIRECTION('',(8.373791491256E-1,0.E0,-5.466225028388E-1));
#3361=VECTOR('',#3360,3.430155571313E-1);
#3362=CARTESIAN_POINT('',(8.046595742255E1,3.1E1,-3.65625E0));
#3363=LINE('',#3362,#3361);
#3364=DIRECTION('',(5.627909312417E-1,0.E0,-8.265992787996E-1));
#3365=VECTOR('',#3364,3.402495105106E-1);
#3366=CARTESIAN_POINT('',(8.027446808368E1,3.1E1,-3.375E0));
#3367=LINE('',#3366,#3365);
#3368=DIRECTION('',(3.222637633772E-1,0.E0,-9.466499177700E-1));
#3369=VECTOR('',#3368,2.971003268690E-1);
#3370=CARTESIAN_POINT('',(8.017872341424E1,3.1E1,-3.09375E0));
#3371=LINE('',#3370,#3369);
#3372=DIRECTION('',(0.E0,0.E0,-1.E0));
#3373=VECTOR('',#3372,5.625E-1);
#3374=CARTESIAN_POINT('',(8.017872341424E1,3.1E1,-2.53125E0));
#3375=LINE('',#3374,#3373);
#3376=DIRECTION('',(-3.222637633772E-1,0.E0,-9.466499177700E-1));
#3377=VECTOR('',#3376,2.971003268690E-1);
#3378=CARTESIAN_POINT('',(8.027446808368E1,3.1E1,-2.25E0));
#3379=LINE('',#3378,#3377);
#3380=DIRECTION('',(-5.627909312417E-1,0.E0,-8.265992787996E-1));
#3381=VECTOR('',#3380,3.402495105106E-1);
#3382=CARTESIAN_POINT('',(8.046595742255E1,3.1E1,-1.96875E0));
#3383=LINE('',#3382,#3381);
#3384=DIRECTION('',(-8.373790596451E-1,0.E0,-5.466226399153E-1));
#3385=VECTOR('',#3384,3.430155937852E-1);
#3386=CARTESIAN_POINT('',(8.075319149792E1,3.1E1,-1.781249910593E0));
#3387=LINE('',#3386,#3385);
#3388=DIRECTION('',(-9.506452793929E-1,0.E0,-3.102797975506E-1));
#3389=VECTOR('',#3388,3.021463573623E-1);
#3390=CARTESIAN_POINT('',(8.104042550623E1,3.1E1,-1.6875E0));
#3391=LINE('',#3390,#3389);
#3392=DIRECTION('',(-9.869440275154E-1,0.E0,-1.610636102655E-1));
#3393=VECTOR('',#3392,5.820676094278E-1);
#3394=CARTESIAN_POINT('',(8.161489365697E1,3.1E1,-1.593750089407E0));
#3395=LINE('',#3394,#3393);
#3396=DIRECTION('',(-1.E0,0.E0,0.E0));
#3397=VECTOR('',#3396,1.914893388748E-1);
#3398=CARTESIAN_POINT('',(8.180638299584E1,3.1E1,-1.593750089407E0));
#3399=LINE('',#3398,#3397);
#3400=DIRECTION('',(5.627909312417E-1,0.E0,8.265992787996E-1));
#3401=VECTOR('',#3400,6.804990210212E-1);
#3402=CARTESIAN_POINT('',(8.142340431809E1,3.1E1,-2.156250089407E0));
#3403=LINE('',#3402,#3401);
#3404=DIRECTION('',(2.001236424690E-1,0.E0,9.797706505734E-1));
#3405=VECTOR('',#3404,4.784282474906E-1);
#3406=CARTESIAN_POINT('',(8.132765951455E1,3.1E1,-2.625000044703E0));
#3407=LINE('',#3406,#3405);
#3408=DIRECTION('',(0.E0,0.E0,1.E0));
#3409=VECTOR('',#3408,4.687499552965E-1);
#3410=CARTESIAN_POINT('',(8.132765951455E1,3.1E1,-3.09375E0));
#3411=LINE('',#3410,#3409);
#3412=DIRECTION('',(-2.001236149876E-1,0.E0,9.797706561866E-1));
#3413=VECTOR('',#3412,4.784283131893E-1);
#3414=CARTESIAN_POINT('',(8.142340431809E1,3.1E1,-3.562500022352E0));
#3415=LINE('',#3414,#3413);
#3416=DIRECTION('',(-5.224769376483E-1,0.E0,8.526534170609E-1));
#3417=VECTOR('',#3416,5.497544247696E-1);
#3418=CARTESIAN_POINT('',(8.171063832641E1,3.1E1,-4.031250011176E0));
#3419=LINE('',#3418,#3417);
#3420=DIRECTION('',(-8.060044126628E-1,0.E0,5.919095258298E-1));
#3421=VECTOR('',#3420,4.751570484390E-1);
#3422=CARTESIAN_POINT('',(8.209361700416E1,3.1E1,-4.312499994412E0));
#3423=LINE('',#3422,#3421);
#3424=DIRECTION('',(-9.311282323126E-1,0.E0,3.646919453324E-1));
#3425=VECTOR('',#3424,5.141325658208E-1);
#3426=CARTESIAN_POINT('',(8.257234035134E1,3.1E1,-4.5E0));
#3427=LINE('',#3426,#3425);
#3428=DIRECTION('',(-1.E0,0.E0,0.E0));
#3429=VECTOR('',#3428,3.829786777496E-1);
#3430=CARTESIAN_POINT('',(8.295531902909E1,3.1E1,-4.5E0));
#3431=LINE('',#3430,#3429);
#3432=DIRECTION('',(-9.311283016983E-1,0.E0,-3.646917681776E-1));
#3433=VECTOR('',#3432,5.141328155688E-1);
#3434=CARTESIAN_POINT('',(8.343404264450E1,3.1E1,-4.312499994412E0));
#3435=LINE('',#3434,#3433);
#3436=DIRECTION('',(-8.060044126628E-1,0.E0,-5.919095258298E-1));
#3437=VECTOR('',#3436,4.751570484390E-1);
#3438=CARTESIAN_POINT('',(8.381702132225E1,3.1E1,-4.031250011176E0));
#3439=LINE('',#3438,#3437);
#3440=DIRECTION('',(-5.224769376483E-1,0.E0,-8.526534170609E-1));
#3441=VECTOR('',#3440,5.497544247696E-1);
#3442=CARTESIAN_POINT('',(8.410425533056E1,3.1E1,-3.562500022352E0));
#3443=LINE('',#3442,#3441);
#3444=DIRECTION('',(-2.001233458994E-1,0.E0,-9.797707111493E-1));
#3445=VECTOR('',#3444,4.784282863507E-1);
#3446=CARTESIAN_POINT('',(8.42E1,3.1E1,-3.09375E0));
#3447=LINE('',#3446,#3445);
#3448=DIRECTION('',(0.E0,0.E0,-1.E0));
#3449=VECTOR('',#3448,4.687499552965E-1);
#3450=CARTESIAN_POINT('',(8.42E1,3.1E1,-2.625000044703E0));
#3451=LINE('',#3450,#3449);
#3452=DIRECTION('',(2.001233733807E-1,0.E0,-9.797707055361E-1));
#3453=VECTOR('',#3452,4.784282206519E-1);
#3454=CARTESIAN_POINT('',(8.410425533056E1,3.1E1,-2.156250089407E0));
#3455=LINE('',#3454,#3453);
#3456=DIRECTION('',(5.224768561414E-1,0.E0,-8.526534670056E-1));
#3457=VECTOR('',#3456,5.497545105319E-1);
#3458=CARTESIAN_POINT('',(8.381702132225E1,3.1E1,-1.6875E0));
#3459=LINE('',#3458,#3457);
#3460=DIRECTION('',(8.060043958311E-1,0.E0,-5.919095487496E-1));
#3461=VECTOR('',#3460,4.751570583616E-1);
#3462=CARTESIAN_POINT('',(8.343404264450E1,3.1E1,-1.40625E0));
#3463=LINE('',#3462,#3461);
#3464=DIRECTION('',(9.311282463374E-1,0.E0,-3.646919095245E-1));
#3465=VECTOR('',#3464,5.141328461369E-1);
#3466=CARTESIAN_POINT('',(8.295531902909E1,3.1E1,-1.218749910593E0));
#3467=LINE('',#3466,#3465);
#3468=DIRECTION('',(9.903579444511E-1,0.E0,-1.385320968676E-1));
#3469=VECTOR('',#3468,6.767378298089E-1);
#3470=CARTESIAN_POINT('',(8.228510634303E1,3.1E1,-1.125E0));
#3471=LINE('',#3470,#3469);
#3472=DIRECTION('',(1.E0,0.E0,0.E0));
#3473=VECTOR('',#3472,6.702126860619E-1);
#3474=CARTESIAN_POINT('',(8.161489365697E1,3.1E1,-1.125E0));
#3475=LINE('',#3474,#3473);
#3476=DIRECTION('',(9.903579482543E-1,0.E0,1.385320696791E-1));
#3477=VECTOR('',#3476,6.767379626262E-1);
#3478=CARTESIAN_POINT('',(8.094468083680E1,3.1E1,-1.218749910593E0));
#3479=LINE('',#3478,#3477);
#3480=DIRECTION('',(9.311281942981E-1,0.E0,3.646920423907E-1));
#3481=VECTOR('',#3480,5.141326588259E-1);
#3482=CARTESIAN_POINT('',(8.046595742255E1,3.1E1,-1.40625E0));
#3483=LINE('',#3482,#3481);
#3484=DIRECTION('',(8.060044205527E-1,0.E0,5.919095150862E-1));
#3485=VECTOR('',#3484,4.751570853850E-1);
#3486=CARTESIAN_POINT('',(8.008297871128E1,3.1E1,-1.6875E0));
#3487=LINE('',#3486,#3485);
#3488=DIRECTION('',(5.224768893951E-1,0.E0,8.526534466288E-1));
#3489=VECTOR('',#3488,5.497545236699E-1);
#3490=CARTESIAN_POINT('',(7.979574467782E1,3.1E1,-2.156250089407E0));
#3491=LINE('',#3490,#3489);
#3492=DIRECTION('',(2.001233901988E-1,0.E0,9.797707021009E-1));
#3493=VECTOR('',#3492,4.784282223293E-1);
#3494=CARTESIAN_POINT('',(7.97E1,3.1E1,-2.625000044703E0));
#3495=LINE('',#3494,#3493);
#3496=DIRECTION('',(0.E0,0.E0,1.E0));
#3497=VECTOR('',#3496,3.749999105930E-1);
#3498=CARTESIAN_POINT('',(7.97E1,3.1E1,-2.999999955297E0));
#3499=LINE('',#3498,#3497);
#3500=DIRECTION('',(-2.001233627174E-1,0.E0,9.797707077141E-1));
#3501=VECTOR('',#3500,4.784282880281E-1);
#3502=CARTESIAN_POINT('',(7.979574467782E1,3.1E1,-3.468749977648E0));
#3503=LINE('',#3502,#3501);
#3504=DIRECTION('',(-5.224769437331E-1,0.E0,8.526534133324E-1));
#3505=VECTOR('',#3504,5.497544664951E-1);
#3506=CARTESIAN_POINT('',(8.008297871128E1,3.1E1,-3.9375E0));
#3507=LINE('',#3506,#3505);
#3508=DIRECTION('',(-8.060044205527E-1,0.E0,5.919095150862E-1));
#3509=VECTOR('',#3508,4.751570853850E-1);
#3510=CARTESIAN_POINT('',(8.046595742255E1,3.1E1,-4.21875E0));
#3511=LINE('',#3510,#3509);
#3512=DIRECTION('',(-9.506452793929E-1,0.E0,-3.102797975506E-1));
#3513=VECTOR('',#3512,3.021463573623E-1);
#3514=CARTESIAN_POINT('',(8.266808502078E1,3.1E1,-1.6875E0));
#3515=LINE('',#3514,#3513);
#3516=DIRECTION('',(-1.E0,0.E0,0.E0));
#3517=VECTOR('',#3516,1.914893388748E-1);
#3518=CARTESIAN_POINT('',(8.285957435966E1,3.1E1,-1.6875E0));
#3519=LINE('',#3518,#3517);
#3520=DIRECTION('',(-9.506453648566E-1,0.E0,3.102795357040E-1));
#3521=VECTOR('',#3520,3.021466123452E-1);
#3522=CARTESIAN_POINT('',(8.314680863619E1,3.1E1,-1.781249910593E0));
#3523=LINE('',#3522,#3521);
#3524=DIRECTION('',(-8.373790012342E-1,0.E0,5.466227293958E-1));
#3525=VECTOR('',#3524,3.430155376346E-1);
#3526=CARTESIAN_POINT('',(8.343404264450E1,3.1E1,-1.96875E0));
#3527=LINE('',#3526,#3525);
#3528=DIRECTION('',(-5.627909312417E-1,0.E0,8.265992787996E-1));
#3529=VECTOR('',#3528,3.402495105106E-1);
#3530=CARTESIAN_POINT('',(8.362553198338E1,3.1E1,-2.25E0));
#3531=LINE('',#3530,#3529);
#3532=DIRECTION('',(-3.222637633772E-1,0.E0,9.466499177700E-1));
#3533=VECTOR('',#3532,2.971003268690E-1);
#3534=CARTESIAN_POINT('',(8.372127665281E1,3.1E1,-2.53125E0));
#3535=LINE('',#3534,#3533);
#3536=DIRECTION('',(0.E0,0.E0,1.E0));
#3537=VECTOR('',#3536,6.562500447035E-1);
#3538=CARTESIAN_POINT('',(8.372127665281E1,3.1E1,-3.187500044703E0));
#3539=LINE('',#3538,#3537);
#3540=DIRECTION('',(3.222638322314E-1,0.E0,9.466498943303E-1));
#3541=VECTOR('',#3540,2.971002633912E-1);
#3542=CARTESIAN_POINT('',(8.362553198338E1,3.1E1,-3.468749977648E0));
#3543=LINE('',#3542,#3541);
#3544=DIRECTION('',(5.627909312417E-1,0.E0,8.265992787996E-1));
#3545=VECTOR('',#3544,3.402495105106E-1);
#3546=CARTESIAN_POINT('',(8.343404264450E1,3.1E1,-3.749999977648E0));
#3547=LINE('',#3546,#3545);
#3548=DIRECTION('',(8.373790907147E-1,0.E0,5.466225923193E-1));
#3549=VECTOR('',#3548,3.430155009807E-1);
#3550=CARTESIAN_POINT('',(8.314680863619E1,3.1E1,-3.9375E0));
#3551=LINE('',#3550,#3549);
#3552=DIRECTION('',(9.506452666641E-1,0.E0,3.102798365493E-1));
#3553=VECTOR('',#3552,3.021466435541E-1);
#3554=CARTESIAN_POINT('',(8.285957435966E1,3.1E1,-4.031250011176E0));
#3555=LINE('',#3554,#3553);
#3556=DIRECTION('',(1.E0,0.E0,0.E0));
#3557=VECTOR('',#3556,1.914893388748E-1);
#3558=CARTESIAN_POINT('',(8.266808502078E1,3.1E1,-4.031250011176E0));
#3559=LINE('',#3558,#3557);
#3560=DIRECTION('',(9.506451812003E-1,0.E0,-3.102800983961E-1));
#3561=VECTOR('',#3560,3.021463885711E-1);
#3562=CARTESIAN_POINT('',(8.238085101247E1,3.1E1,-3.9375E0));
#3563=LINE('',#3562,#3561);
#3564=DIRECTION('',(8.373790907147E-1,0.E0,-5.466225923193E-1));
#3565=VECTOR('',#3564,3.430155009807E-1);
#3566=CARTESIAN_POINT('',(8.209361700416E1,3.1E1,-3.749999977648E0));
#3567=LINE('',#3566,#3565);
#3568=DIRECTION('',(5.627909312417E-1,0.E0,-8.265992787996E-1));
#3569=VECTOR('',#3568,3.402495105106E-1);
#3570=CARTESIAN_POINT('',(8.190212766528E1,3.1E1,-3.468749977648E0));
#3571=LINE('',#3570,#3569);
#3572=DIRECTION('',(3.222638322314E-1,0.E0,-9.466498943303E-1));
#3573=VECTOR('',#3572,2.971002633912E-1);
#3574=CARTESIAN_POINT('',(8.180638299584E1,3.1E1,-3.187500044703E0));
#3575=LINE('',#3574,#3573);
#3576=DIRECTION('',(0.E0,0.E0,-1.E0));
#3577=VECTOR('',#3576,6.562500447035E-1);
#3578=CARTESIAN_POINT('',(8.180638299584E1,3.1E1,-2.53125E0));
#3579=LINE('',#3578,#3577);
#3580=DIRECTION('',(-3.222637633772E-1,0.E0,-9.466499177700E-1));
#3581=VECTOR('',#3580,2.971003268690E-1);
#3582=CARTESIAN_POINT('',(8.190212766528E1,3.1E1,-2.25E0));
#3583=LINE('',#3582,#3581);
#3584=DIRECTION('',(-5.627909312417E-1,0.E0,-8.265992787996E-1));
#3585=VECTOR('',#3584,3.402495105106E-1);
#3586=CARTESIAN_POINT('',(8.209361700416E1,3.1E1,-1.96875E0));
#3587=LINE('',#3586,#3585);
#3588=DIRECTION('',(-8.373790012342E-1,0.E0,-5.466227293958E-1));
#3589=VECTOR('',#3588,3.430155376346E-1);
#3590=CARTESIAN_POINT('',(8.238085101247E1,3.1E1,-1.781249910593E0));
#3591=LINE('',#3590,#3589);
#3592=DIRECTION('',(8.373786433120E-1,0.E0,5.466232777014E-1));
#3593=VECTOR('',#3592,3.430156842503E-1);
#3594=CARTESIAN_POINT('',(8.017872341424E1,3.1E1,2.718749821186E0));
#3595=LINE('',#3594,#3593);
#3596=DIRECTION('',(5.627909985697E-1,0.E0,8.265992329593E-1));
#3597=VECTOR('',#3596,3.402495293797E-1);
#3598=CARTESIAN_POINT('',(7.998723404184E1,3.1E1,2.437499821186E0));
#3599=LINE('',#3598,#3597);
#3600=DIRECTION('',(4.547775049247E-1,0.E0,8.906050870136E-1));
#3601=VECTOR('',#3600,4.210616443138E-1);
#3602=CARTESIAN_POINT('',(7.979574467782E1,3.1E1,2.062500178814E0));
#3603=LINE('',#3602,#3601);
#3604=DIRECTION('',(2.473831271694E-1,0.E0,9.689177407767E-1));
#3605=VECTOR('',#3604,3.870299438560E-1);
#3606=CARTESIAN_POINT('',(7.97E1,3.1E1,1.6875E0));
#3607=LINE('',#3606,#3605);
#3608=DIRECTION('',(0.E0,0.E0,1.E0));
#3609=VECTOR('',#3608,7.499998211861E-1);
#3610=CARTESIAN_POINT('',(7.97E1,3.1E1,9.375001788139E-1));
#3611=LINE('',#3610,#3609);
#3612=DIRECTION('',(-2.473831271694E-1,0.E0,9.689177407767E-1));
#3613=VECTOR('',#3612,3.870299438560E-1);
#3614=CARTESIAN_POINT('',(7.979574467782E1,3.1E1,5.625E-1));
#3615=LINE('',#3614,#3613);
#3616=DIRECTION('',(-4.547769889117E-1,0.E0,8.906053505096E-1));
#3617=VECTOR('',#3616,4.210621220716E-1);
#3618=CARTESIAN_POINT('',(7.998723404184E1,3.1E1,1.874998211861E-1));
#3619=LINE('',#3618,#3617);
#3620=DIRECTION('',(-5.627913652921E-1,0.E0,8.265989832759E-1));
#3621=VECTOR('',#3620,3.402493076685E-1);
#3622=CARTESIAN_POINT('',(8.017872341424E1,3.1E1,-9.374991059303E-2));
#3623=LINE('',#3622,#3621);
#3624=DIRECTION('',(-8.373790012342E-1,0.E0,5.466227293958E-1));
#3625=VECTOR('',#3624,3.430155376346E-1);
#3626=CARTESIAN_POINT('',(8.046595742255E1,3.1E1,-2.8125E-1));
#3627=LINE('',#3626,#3625);
#3628=DIRECTION('',(-9.506453007588E-1,0.E0,3.102797320889E-1));
#3629=VECTOR('',#3628,3.021464211080E-1);
#3630=CARTESIAN_POINT('',(8.075319149792E1,3.1E1,-3.749999105930E-1));
#3631=LINE('',#3630,#3629);
#3632=DIRECTION('',(0.E0,0.E0,-1.E0));
#3633=VECTOR('',#3632,4.687500894070E-1);
#3634=CARTESIAN_POINT('',(8.075319149792E1,3.1E1,9.375017881393E-2));
#3635=LINE('',#3634,#3633);
#3636=DIRECTION('',(8.981387596046E-1,0.E0,-4.397121427660E-1));
#3637=VECTOR('',#3636,2.132068534255E-1);
#3638=CARTESIAN_POINT('',(8.056170215905E1,3.1E1,1.874998211861E-1));
#3639=LINE('',#3638,#3637);
#3640=DIRECTION('',(7.145098402051E-1,0.E0,-6.996253913704E-1));
#3641=VECTOR('',#3640,2.680010759195E-1);
#3642=CARTESIAN_POINT('',(8.037021275312E1,3.1E1,3.750001788139E-1));
#3643=LINE('',#3642,#3641);
#3644=DIRECTION('',(4.547774575564E-1,0.E0,-8.906051112017E-1));
#3645=VECTOR('',#3644,2.105308164390E-1);
#3646=CARTESIAN_POINT('',(8.027446808368E1,3.1E1,5.625E-1));
#3647=LINE('',#3646,#3645);
#3648=DIRECTION('',(2.001234283435E-1,0.E0,-9.797706943097E-1));
#3649=VECTOR('',#3648,4.784280892544E-1);
#3650=CARTESIAN_POINT('',(8.017872341424E1,3.1E1,1.031249821186E0));
#3651=LINE('',#3650,#3649);
#3652=DIRECTION('',(0.E0,0.E0,-1.E0));
#3653=VECTOR('',#3652,5.625E-1);
#3654=CARTESIAN_POINT('',(8.017872341424E1,3.1E1,1.593749821186E0));
#3655=LINE('',#3654,#3653);
#3656=DIRECTION('',(-2.001232084928E-1,0.E0,-9.797707392153E-1));
#3657=VECTOR('',#3656,4.784286148444E-1);
#3658=CARTESIAN_POINT('',(8.027446808368E1,3.1E1,2.062500178814E0));
#3659=LINE('',#3658,#3657);
#3660=DIRECTION('',(-4.547774575564E-1,0.E0,-8.906051112017E-1));
#3661=VECTOR('',#3660,2.105308164390E-1);
#3662=CARTESIAN_POINT('',(8.037021275312E1,3.1E1,2.25E0));
#3663=LINE('',#3662,#3661);
#3664=DIRECTION('',(-7.145108408043E-1,0.E0,-6.996243694821E-1));
#3665=VECTOR('',#3664,2.680007006115E-1);
#3666=CARTESIAN_POINT('',(8.056170215905E1,3.1E1,2.437499821186E0));
#3667=LINE('',#3666,#3665);
#3668=DIRECTION('',(-8.981377659536E-1,0.E0,-4.397141723527E-1));
#3669=VECTOR('',#3668,2.132070893061E-1);
#3670=CARTESIAN_POINT('',(8.075319149792E1,3.1E1,2.53125E0));
#3671=LINE('',#3670,#3669);
#3672=DIRECTION('',(-1.E0,0.E0,0.E0));
#3673=VECTOR('',#3672,3.829786777496E-1);
#3674=CARTESIAN_POINT('',(8.113617017567E1,3.1E1,2.53125E0));
#3675=LINE('',#3674,#3673);
#3676=DIRECTION('',(-8.981383235887E-1,0.E0,4.397130333538E-1));
#3677=VECTOR('',#3676,4.264140631810E-1);
#3678=CARTESIAN_POINT('',(8.151914898753E1,3.1E1,2.343750178814E0));
#3679=LINE('',#3678,#3677);
#3680=DIRECTION('',(-5.627909312417E-1,0.E0,8.265992787996E-1));
#3681=VECTOR('',#3680,3.402495105106E-1);
#3682=CARTESIAN_POINT('',(8.171063832641E1,3.1E1,2.062500178814E0));
#3683=LINE('',#3682,#3681);
#3684=DIRECTION('',(-1.677993286083E-1,0.E0,9.858211730931E-1));
#3685=VECTOR('',#3684,5.705903011143E-1);
#3686=CARTESIAN_POINT('',(8.180638299584E1,3.1E1,1.500000178814E0));
#3687=LINE('',#3686,#3685);
#3688=DIRECTION('',(0.E0,0.E0,1.E0));
#3689=VECTOR('',#3688,3.750001788139E-1);
#3690=CARTESIAN_POINT('',(8.180638299584E1,3.1E1,1.125E0));
#3691=LINE('',#3690,#3689);
#3692=DIRECTION('',(-1.E0,0.E0,0.E0));
#3693=VECTOR('',#3692,3.829786777496E-1);
#3694=CARTESIAN_POINT('',(8.218936167359E1,3.1E1,1.125E0));
#3695=LINE('',#3694,#3693);
#3696=DIRECTION('',(0.E0,0.E0,-1.E0));
#3697=VECTOR('',#3696,3.750001788139E-1);
#3698=CARTESIAN_POINT('',(8.218936167359E1,3.1E1,1.500000178814E0));
#3699=LINE('',#3698,#3697);
#3700=DIRECTION('',(-3.222637633772E-1,0.E0,-9.466499177700E-1));
#3701=VECTOR('',#3700,5.942006537380E-1);
#3702=CARTESIAN_POINT('',(8.238085101247E1,3.1E1,2.062500178814E0));
#3703=LINE('',#3702,#3701);
#3704=DIRECTION('',(-7.145107183351E-1,0.E0,-6.996244945571E-1));
#3705=VECTOR('',#3704,2.680006526998E-1);
#3706=CARTESIAN_POINT('',(8.257234035134E1,3.1E1,2.25E0));
#3707=LINE('',#3706,#3705);
#3708=DIRECTION('',(-8.981382627794E-1,0.E0,-4.397131575602E-1));
#3709=VECTOR('',#3708,4.264139427313E-1);
#3710=CARTESIAN_POINT('',(8.295531902909E1,3.1E1,2.437499821186E0));
#3711=LINE('',#3710,#3709);
#3712=DIRECTION('',(-1.E0,0.E0,0.E0));
#3713=VECTOR('',#3712,1.914896070957E-1);
#3714=CARTESIAN_POINT('',(8.314680863619E1,3.1E1,2.437499821186E0));
#3715=LINE('',#3714,#3713);
#3716=DIRECTION('',(-8.373793591563E-1,0.E0,5.466221810895E-1));
#3717=VECTOR('',#3716,3.430153910190E-1);
#3718=CARTESIAN_POINT('',(8.343404264450E1,3.1E1,2.25E0));
#3719=LINE('',#3718,#3717);
#3720=DIRECTION('',(-5.627909312417E-1,0.E0,8.265992787996E-1));
#3721=VECTOR('',#3720,3.402495105106E-1);
#3722=CARTESIAN_POINT('',(8.362553198338E1,3.1E1,1.96875E0));
#3723=LINE('',#3722,#3721);
#3724=DIRECTION('',(-2.001234283435E-1,0.E0,9.797706943097E-1));
#3725=VECTOR('',#3724,4.784280892544E-1);
#3726=CARTESIAN_POINT('',(8.372127665281E1,3.1E1,1.500000178814E0));
#3727=LINE('',#3726,#3725);
#3728=DIRECTION('',(0.E0,0.E0,1.E0));
#3729=VECTOR('',#3728,3.750001788139E-1);
#3730=CARTESIAN_POINT('',(8.372127665281E1,3.1E1,1.125E0));
#3731=LINE('',#3730,#3729);
#3732=DIRECTION('',(2.001234283435E-1,0.E0,9.797706943097E-1));
#3733=VECTOR('',#3732,4.784280892544E-1);
#3734=CARTESIAN_POINT('',(8.362553198338E1,3.1E1,6.562501788139E-1));
#3735=LINE('',#3734,#3733);
#3736=DIRECTION('',(5.627909312417E-1,0.E0,8.265992787996E-1));
#3737=VECTOR('',#3736,3.402495105106E-1);
#3738=CARTESIAN_POINT('',(8.343404264450E1,3.1E1,3.750001788139E-1));
#3739=LINE('',#3738,#3737);
#3740=DIRECTION('',(8.373786433120E-1,0.E0,5.466232777014E-1));
#3741=VECTOR('',#3740,3.430156842503E-1);
#3742=CARTESIAN_POINT('',(8.314680863619E1,3.1E1,1.874998211861E-1));
#3743=LINE('',#3742,#3741);
#3744=DIRECTION('',(0.E0,0.E0,1.E0));
#3745=VECTOR('',#3744,4.687498211861E-1);
#3746=CARTESIAN_POINT('',(8.314680863619E1,3.1E1,-2.8125E-1));
#3747=LINE('',#3746,#3745);
#3748=DIRECTION('',(-9.713212062349E-1,0.E0,-2.377711385310E-1));
#3749=VECTOR('',#3748,3.942863342129E-1);
#3750=CARTESIAN_POINT('',(8.352978731394E1,3.1E1,-1.875000894070E-1));
#3751=LINE('',#3750,#3749);
#3752=DIRECTION('',(-7.145104681851E-1,0.E0,-6.996247500295E-1));
#3753=VECTOR('',#3752,5.360014930536E-1);
#3754=CARTESIAN_POINT('',(8.391276599169E1,3.1E1,1.874998211861E-1));
#3755=LINE('',#3754,#3753);
#3756=DIRECTION('',(-4.547769415434E-1,0.E0,-8.906053746977E-1));
#3757=VECTOR('',#3756,4.210621106359E-1);
#3758=CARTESIAN_POINT('',(8.410425533056E1,3.1E1,5.625E-1));
#3759=LINE('',#3758,#3757);
#3760=DIRECTION('',(-1.443681923971E-1,0.E0,-9.895240396393E-1));
#3761=VECTOR('',#3760,6.631978128123E-1);
#3762=CARTESIAN_POINT('',(8.42E1,3.1E1,1.218750178814E0));
#3763=LINE('',#3762,#3761);
#3764=DIRECTION('',(0.E0,0.E0,-1.E0));
#3765=VECTOR('',#3764,1.874998211861E-1);
#3766=CARTESIAN_POINT('',(8.42E1,3.1E1,1.40625E0));
#3767=LINE('',#3766,#3765);
#3768=DIRECTION('',(1.443681923971E-1,0.E0,-9.895240396393E-1));
#3769=VECTOR('',#3768,6.631978128123E-1);
#3770=CARTESIAN_POINT('',(8.410425533056E1,3.1E1,2.062500178814E0));
#3771=LINE('',#3770,#3769);
#3772=DIRECTION('',(4.547774575564E-1,0.E0,-8.906051112017E-1));
#3773=VECTOR('',#3772,4.210616328781E-1);
#3774=CARTESIAN_POINT('',(8.391276599169E1,3.1E1,2.437499821186E0));
#3775=LINE('',#3774,#3773);
#3776=DIRECTION('',(7.145102180353E-1,0.E0,-6.996250055017E-1));
#3777=VECTOR('',#3776,5.360016807076E-1);
#3778=CARTESIAN_POINT('',(8.352978731394E1,3.1E1,2.8125E0));
#3779=LINE('',#3778,#3777);
#3780=DIRECTION('',(9.713210491251E-1,0.E0,-2.377717803411E-1));
#3781=VECTOR('',#3780,3.942863979882E-1);
#3782=CARTESIAN_POINT('',(8.314680863619E1,3.1E1,2.906250178814E0));
#3783=LINE('',#3782,#3781);
#3784=DIRECTION('',(1.E0,0.E0,0.E0));
#3785=VECTOR('',#3784,1.914896070957E-1);
#3786=CARTESIAN_POINT('',(8.295531902909E1,3.1E1,2.906250178814E0));
#3787=LINE('',#3786,#3785);
#3788=DIRECTION('',(9.713210491251E-1,0.E0,2.377717803411E-1));
#3789=VECTOR('',#3788,3.942863979882E-1);
#3790=CARTESIAN_POINT('',(8.257234035134E1,3.1E1,2.8125E0));
#3791=LINE('',#3790,#3789);
#3792=DIRECTION('',(8.373793591563E-1,0.E0,5.466221810895E-1));
#3793=VECTOR('',#3792,3.430153910190E-1);
#3794=CARTESIAN_POINT('',(8.228510634303E1,3.1E1,2.625000178814E0));
#3795=LINE('',#3794,#3793);
#3796=DIRECTION('',(6.080766493621E-1,0.E0,7.938783209665E-1));
#3797=VECTOR('',#3796,4.723648056763E-1);
#3798=CARTESIAN_POINT('',(8.199787233472E1,3.1E1,2.25E0));
#3799=LINE('',#3798,#3797);
#3800=DIRECTION('',(3.781727181043E-1,0.E0,-9.257350567423E-1));
#3801=VECTOR('',#3800,5.063541860839E-1);
#3802=CARTESIAN_POINT('',(8.180638299584E1,3.1E1,2.718749821186E0));
#3803=LINE('',#3802,#3801);
#3804=DIRECTION('',(8.373786433120E-1,0.E0,-5.466232777014E-1));
#3805=VECTOR('',#3804,3.430156842503E-1);
#3806=CARTESIAN_POINT('',(8.151914898753E1,3.1E1,2.906250178814E0));
#3807=LINE('',#3806,#3805);
#3808=DIRECTION('',(9.713213825738E-1,0.E0,-2.377704181660E-1));
#3809=VECTOR('',#3808,3.942864007022E-1);
#3810=CARTESIAN_POINT('',(8.113617017567E1,3.1E1,2.999999821186E0));
#3811=LINE('',#3810,#3809);
#3812=DIRECTION('',(1.E0,0.E0,0.E0));
#3813=VECTOR('',#3812,3.829786777496E-1);
#3814=CARTESIAN_POINT('',(8.075319149792E1,3.1E1,2.999999821186E0));
#3815=LINE('',#3814,#3813);
#3816=DIRECTION('',(9.506455626052E-1,0.E0,3.102789298341E-1));
#3817=VECTOR('',#3816,3.021463378846E-1);
#3818=CARTESIAN_POINT('',(8.046595742255E1,3.1E1,2.906250178814E0));
#3819=LINE('',#3818,#3817);
#3820=DIRECTION('',(1.E0,0.E0,0.E0));
#3821=VECTOR('',#3820,4.5E0);
#3822=CARTESIAN_POINT('',(6.835545460680E1,3.1E1,-3.375E0));
#3823=LINE('',#3822,#3821);
#3824=DIRECTION('',(0.E0,0.E0,1.E0));
#3825=VECTOR('',#3824,5.625E-1);
#3826=CARTESIAN_POINT('',(6.835545460680E1,3.1E1,-3.9375E0));
#3827=LINE('',#3826,#3825);
#3828=DIRECTION('',(-1.E0,0.E0,0.E0));
#3829=VECTOR('',#3828,3.734042644501E0);
#3830=CARTESIAN_POINT('',(7.208949725130E1,3.1E1,-3.9375E0));
#3831=LINE('',#3830,#3829);
#3832=DIRECTION('',(7.659743427825E-1,0.E0,6.428711427642E-1));
#3833=VECTOR('',#3832,8.749809449859E-1);
#3834=CARTESIAN_POINT('',(7.141928429702E1,3.1E1,-4.5E0));
#3835=LINE('',#3834,#3833);
#3836=DIRECTION('',(-1.E0,0.E0,0.E0));
#3837=VECTOR('',#3836,7.659576237202E-1);
#3838=CARTESIAN_POINT('',(7.218524192074E1,3.1E1,-4.5E0));
#3839=LINE('',#3838,#3837);
#3840=DIRECTION('',(-7.659742160926E-1,0.E0,-6.428712937139E-1));
#3841=VECTOR('',#3840,8.749807395356E-1);
#3842=CARTESIAN_POINT('',(7.285545460680E1,3.1E1,-3.9375E0));
#3843=LINE('',#3842,#3841);
#3844=DIRECTION('',(0.E0,0.E0,-1.E0));
#3845=VECTOR('',#3844,5.625E-1);
#3846=CARTESIAN_POINT('',(7.285545460680E1,3.1E1,-3.375E0));
#3847=LINE('',#3846,#3845);
#3848=DIRECTION('',(-1.E0,0.E0,0.E0));
#3849=VECTOR('',#3848,8.617020249367E-1);
#3850=CARTESIAN_POINT('',(7.103630561927E1,3.1E1,-2.625000044703E0));
#3851=LINE('',#3850,#3849);
#3852=DIRECTION('',(-9.813591172099E-1,0.E0,-1.921829416702E-1));
#3853=VECTOR('',#3852,4.878166807561E-1);
#3854=CARTESIAN_POINT('',(7.151502896646E1,3.1E1,-2.53125E0));
#3855=LINE('',#3854,#3853);
#3856=DIRECTION('',(-9.506452339333E-1,0.E0,-3.102799368310E-1));
#3857=VECTOR('',#3856,3.021466539570E-1);
#3858=CARTESIAN_POINT('',(7.180226324299E1,3.1E1,-2.437499955297E0));
#3859=LINE('',#3858,#3857);
#3860=DIRECTION('',(-8.981381385730E-1,0.E0,-4.397134112585E-1));
#3861=VECTOR('',#3860,4.264140017015E-1);
#3862=CARTESIAN_POINT('',(7.218524192074E1,3.1E1,-2.25E0));
#3863=LINE('',#3862,#3861);
#3864=DIRECTION('',(-7.145103848018E-1,0.E0,-6.996248351869E-1));
#3865=VECTOR('',#3864,4.020011667037E-1);
#3866=CARTESIAN_POINT('',(7.247247592905E1,3.1E1,-1.96875E0));
#3867=LINE('',#3866,#3865);
#3868=DIRECTION('',(-5.224768561414E-1,0.E0,-8.526534670056E-1));
#3869=VECTOR('',#3868,5.497545105319E-1);
#3870=CARTESIAN_POINT('',(7.275970993737E1,3.1E1,-1.499999910593E0));
#3871=LINE('',#3870,#3869);
#3872=DIRECTION('',(-1.677993286083E-1,0.E0,-9.858211730931E-1));
#3873=VECTOR('',#3872,5.705903011143E-1);
#3874=CARTESIAN_POINT('',(7.285545460680E1,3.1E1,-9.374999105930E-1));
#3875=LINE('',#3874,#3873);
#3876=DIRECTION('',(1.677993286083E-1,0.E0,-9.858211730931E-1));
#3877=VECTOR('',#3876,5.705903011143E-1);
#3878=CARTESIAN_POINT('',(7.275970993737E1,3.1E1,-3.749999105930E-1));
#3879=LINE('',#3878,#3877);
#3880=DIRECTION('',(5.224768561414E-1,0.E0,-8.526534670056E-1));
#3881=VECTOR('',#3880,5.497545105319E-1);
#3882=CARTESIAN_POINT('',(7.247247592905E1,3.1E1,9.375017881393E-2));
#3883=LINE('',#3882,#3881);
#3884=DIRECTION('',(7.145103848018E-1,0.E0,-6.996248351869E-1));
#3885=VECTOR('',#3884,4.020011667037E-1);
#3886=CARTESIAN_POINT('',(7.218524192074E1,3.1E1,3.750001788139E-1));
#3887=LINE('',#3886,#3885);
#3888=DIRECTION('',(8.981382627794E-1,0.E0,-4.397131575602E-1));
#3889=VECTOR('',#3888,4.264139427313E-1);
#3890=CARTESIAN_POINT('',(7.180226324299E1,3.1E1,5.625E-1));
#3891=LINE('',#3890,#3889);
#3892=DIRECTION('',(9.506451030099E-1,0.E0,-3.102803379578E-1));
#3893=VECTOR('',#3892,3.021466955688E-1);
#3894=CARTESIAN_POINT('',(7.151502896646E1,3.1E1,6.562501788139E-1));
#3895=LINE('',#3894,#3893);
#3896=DIRECTION('',(9.813592727596E-1,0.E0,-1.921821473726E-1));
#3897=VECTOR('',#3896,4.878166034350E-1);
#3898=CARTESIAN_POINT('',(7.103630561927E1,3.1E1,7.499998211861E-1));
#3899=LINE('',#3898,#3897);
#3900=DIRECTION('',(1.E0,0.E0,0.E0));
#3901=VECTOR('',#3900,8.617020249367E-1);
#3902=CARTESIAN_POINT('',(7.017460359433E1,3.1E1,7.499998211861E-1));
#3903=LINE('',#3902,#3901);
#3904=DIRECTION('',(9.813592829135E-1,0.E0,1.921820955228E-1));
#3905=VECTOR('',#3904,4.878167350455E-1);
#3906=CARTESIAN_POINT('',(6.969588011304E1,3.1E1,6.562501788139E-1));
#3907=LINE('',#3906,#3905);
#3908=DIRECTION('',(9.506450175458E-1,0.E0,3.102805998049E-1));
#3909=VECTOR('',#3908,3.021464405859E-1);
#3910=CARTESIAN_POINT('',(6.940864610473E1,3.1E1,5.625E-1));
#3911=LINE('',#3910,#3909);
#3912=DIRECTION('',(8.981382931841E-1,0.E0,4.397130954570E-1));
#3913=VECTOR('',#3912,4.264140029562E-1);
#3914=CARTESIAN_POINT('',(6.902566735992E1,3.1E1,3.750001788139E-1));
#3915=LINE('',#3914,#3913);
#3916=DIRECTION('',(7.145104256249E-1,0.E0,6.996247934953E-1));
#3917=VECTOR('',#3916,4.020011906595E-1);
#3918=CARTESIAN_POINT('',(6.873843331808E1,3.1E1,9.375017881393E-2));
#3919=LINE('',#3918,#3917);
#3920=DIRECTION('',(5.224768893951E-1,0.E0,8.526534466288E-1));
#3921=VECTOR('',#3920,5.497545236699E-1);
#3922=CARTESIAN_POINT('',(6.845119928462E1,3.1E1,-3.749999105930E-1));
#3923=LINE('',#3922,#3921);
#3924=DIRECTION('',(1.677993428846E-1,0.E0,9.858211706631E-1));
#3925=VECTOR('',#3924,5.705903025208E-1);
#3926=CARTESIAN_POINT('',(6.835545460680E1,3.1E1,-9.374999105930E-1));
#3927=LINE('',#3926,#3925);
#3928=DIRECTION('',(-1.677993428846E-1,0.E0,9.858211706631E-1));
#3929=VECTOR('',#3928,5.705903025208E-1);
#3930=CARTESIAN_POINT('',(6.845119928462E1,3.1E1,-1.499999910593E0));
#3931=LINE('',#3930,#3929);
#3932=DIRECTION('',(-5.224768893951E-1,0.E0,8.526534466288E-1));
#3933=VECTOR('',#3932,5.497545236699E-1);
#3934=CARTESIAN_POINT('',(6.873843331808E1,3.1E1,-1.96875E0));
#3935=LINE('',#3934,#3933);
#3936=DIRECTION('',(-7.145104256249E-1,0.E0,6.996247934953E-1));
#3937=VECTOR('',#3936,4.020011906595E-1);
#3938=CARTESIAN_POINT('',(6.902566735992E1,3.1E1,-2.25E0));
#3939=LINE('',#3938,#3937);
#3940=DIRECTION('',(-8.981381689777E-1,0.E0,4.397133491553E-1));
#3941=VECTOR('',#3940,4.264140619263E-1);
#3942=CARTESIAN_POINT('',(6.940864610473E1,3.1E1,-2.437499955297E0));
#3943=LINE('',#3942,#3941);
#3944=DIRECTION('',(-9.506451484694E-1,0.E0,3.102801986779E-1));
#3945=VECTOR('',#3944,3.021463989741E-1);
#3946=CARTESIAN_POINT('',(6.969588011304E1,3.1E1,-2.53125E0));
#3947=LINE('',#3946,#3945);
#3948=DIRECTION('',(-9.813591273639E-1,0.E0,1.921828898202E-1));
#3949=VECTOR('',#3948,4.878168123666E-1);
#3950=CARTESIAN_POINT('',(7.017460359433E1,3.1E1,-2.625000044703E0));
#3951=LINE('',#3950,#3949);
#3952=DIRECTION('',(9.869439482880E-1,0.E0,1.610640957438E-1));
#3953=VECTOR('',#3952,5.820675202690E-1);
#3954=CARTESIAN_POINT('',(7.094056094983E1,3.1E1,-2.156250089407E0));
#3955=LINE('',#3954,#3953);
#3956=DIRECTION('',(1.E0,0.E0,0.E0));
#3957=VECTOR('',#3956,6.702126860619E-1);
#3958=CARTESIAN_POINT('',(7.027034826377E1,3.1E1,-2.156250089407E0));
#3959=LINE('',#3958,#3957);
#3960=DIRECTION('',(9.869439542650E-1,0.E0,-1.610640591185E-1));
#3961=VECTOR('',#3960,5.820676526285E-1);
#3962=CARTESIAN_POINT('',(6.969588011304E1,3.1E1,-2.062499910593E0));
#3963=LINE('',#3962,#3961);
#3964=DIRECTION('',(8.373792094007E-1,0.E0,-5.466224105025E-1));
#3965=VECTOR('',#3964,6.860309848042E-1);
#3966=CARTESIAN_POINT('',(6.912141202936E1,3.1E1,-1.6875E0));
#3967=LINE('',#3966,#3965);
#3968=DIRECTION('',(5.627909312417E-1,0.E0,-8.265992787996E-1));
#3969=VECTOR('',#3968,3.402495105106E-1);
#3970=CARTESIAN_POINT('',(6.892992269048E1,3.1E1,-1.40625E0));
#3971=LINE('',#3970,#3969);
#3972=DIRECTION('',(2.001233184181E-1,0.E0,-9.797707167625E-1));
#3973=VECTOR('',#3972,4.784283520494E-1);
#3974=CARTESIAN_POINT('',(6.883417802105E1,3.1E1,-9.374999105930E-1));
#3975=LINE('',#3974,#3973);
#3976=DIRECTION('',(-2.001234283435E-1,0.E0,-9.797706943097E-1));
#3977=VECTOR('',#3976,4.784280892544E-1);
#3978=CARTESIAN_POINT('',(6.892992269048E1,3.1E1,-4.687500894070E-1));
#3979=LINE('',#3978,#3977);
#3980=DIRECTION('',(-5.627909312417E-1,0.E0,-8.265992787996E-1));
#3981=VECTOR('',#3980,3.402495105106E-1);
#3982=CARTESIAN_POINT('',(6.912141202936E1,3.1E1,-1.875000894070E-1));
#3983=LINE('',#3982,#3981);
#3984=DIRECTION('',(-8.373792094007E-1,0.E0,-5.466224105025E-1));
#3985=VECTOR('',#3984,6.860309848042E-1);
#3986=CARTESIAN_POINT('',(6.969588011304E1,3.1E1,1.874998211861E-1));
#3987=LINE('',#3986,#3985);
#3988=DIRECTION('',(-9.869439542650E-1,0.E0,-1.610640591185E-1));
#3989=VECTOR('',#3988,5.820676526285E-1);
#3990=CARTESIAN_POINT('',(7.027034826377E1,3.1E1,2.8125E-1));
#3991=LINE('',#3990,#3989);
#3992=DIRECTION('',(-1.E0,0.E0,0.E0));
#3993=VECTOR('',#3992,6.702126860619E-1);
#3994=CARTESIAN_POINT('',(7.094056094983E1,3.1E1,2.8125E-1));
#3995=LINE('',#3994,#3993);
#3996=DIRECTION('',(-9.869439482880E-1,0.E0,1.610640957438E-1));
#3997=VECTOR('',#3996,5.820675202690E-1);
#3998=CARTESIAN_POINT('',(7.151502896646E1,3.1E1,1.874998211861E-1));
#3999=LINE('',#3998,#3997);
#4000=DIRECTION('',(-8.373792970170E-1,0.E0,5.466222762817E-1));
#4001=VECTOR('',#4000,6.860311532561E-1);
#4002=CARTESIAN_POINT('',(7.208949725130E1,3.1E1,-1.875000894070E-1));
#4003=LINE('',#4002,#4001);
#4004=DIRECTION('',(-5.627909312417E-1,0.E0,8.265992787996E-1));
#4005=VECTOR('',#4004,3.402495105106E-1);
#4006=CARTESIAN_POINT('',(7.228098659018E1,3.1E1,-4.687500894070E-1));
#4007=LINE('',#4006,#4005);
#4008=DIRECTION('',(-2.001234283435E-1,0.E0,9.797706943097E-1));
#4009=VECTOR('',#4008,4.784280892544E-1);
#4010=CARTESIAN_POINT('',(7.237673125962E1,3.1E1,-9.374999105930E-1));
#4011=LINE('',#4010,#4009);
#4012=DIRECTION('',(2.001233184181E-1,0.E0,9.797707167625E-1));
#4013=VECTOR('',#4012,4.784283520494E-1);
#4014=CARTESIAN_POINT('',(7.228098659018E1,3.1E1,-1.40625E0));
#4015=LINE('',#4014,#4013);
#4016=DIRECTION('',(5.627909312417E-1,0.E0,8.265992787996E-1));
#4017=VECTOR('',#4016,3.402495105106E-1);
#4018=CARTESIAN_POINT('',(7.208949725130E1,3.1E1,-1.6875E0));
#4019=LINE('',#4018,#4017);
#4020=DIRECTION('',(8.373792970170E-1,0.E0,5.466222762817E-1));
#4021=VECTOR('',#4020,6.860311532561E-1);
#4022=CARTESIAN_POINT('',(7.151502896646E1,3.1E1,-2.062499910593E0));
#4023=LINE('',#4022,#4021);
#4024=DIRECTION('',(6.080766493621E-1,0.E0,7.938783209665E-1));
#4025=VECTOR('',#4024,4.723648056763E-1);
#4026=CARTESIAN_POINT('',(7.036609293321E1,3.1E1,2.156249821186E0));
#4027=LINE('',#4026,#4025);
#4028=DIRECTION('',(0.E0,0.E0,1.E0));
#4029=VECTOR('',#4028,6.562496423721E-1);
#4030=CARTESIAN_POINT('',(7.036609293321E1,3.1E1,1.500000178814E0));
#4031=LINE('',#4030,#4029);
#4032=DIRECTION('',(-1.E0,0.E0,0.E0));
#4033=VECTOR('',#4032,2.489361673594E0);
#4034=CARTESIAN_POINT('',(7.285545460680E1,3.1E1,1.500000178814E0));
#4035=LINE('',#4034,#4033);
#4036=DIRECTION('',(0.E0,0.E0,-1.E0));
#4037=VECTOR('',#4036,3.187500178814E0);
#4038=CARTESIAN_POINT('',(7.285545460680E1,3.1E1,4.687500357628E0));
#4039=LINE('',#4038,#4037);
#4040=DIRECTION('',(1.E0,0.E0,0.E0));
#4041=VECTOR('',#4040,4.787233471870E-1);
#4042=CARTESIAN_POINT('',(7.237673125962E1,3.1E1,4.687500357628E0));
#4043=LINE('',#4042,#4041);
#4044=DIRECTION('',(0.E0,0.E0,1.E0));
#4045=VECTOR('',#4044,2.718750357628E0);
#4046=CARTESIAN_POINT('',(7.237673125962E1,3.1E1,1.96875E0));
#4047=LINE('',#4046,#4045);
#4048=DIRECTION('',(1.E0,0.E0,0.E0));
#4049=VECTOR('',#4048,1.531914979219E0);
#4050=CARTESIAN_POINT('',(7.084481628040E1,3.1E1,1.96875E0));
#4051=LINE('',#4050,#4049);
#4052=DIRECTION('',(-5.224770734933E-1,0.E0,-8.526533338197E-1));
#4053=VECTOR('',#4052,5.497542818324E-1);
#4054=CARTESIAN_POINT('',(7.113205028871E1,3.1E1,2.437499821186E0));
#4055=LINE('',#4054,#4053);
#4056=DIRECTION('',(-2.001232084928E-1,0.E0,-9.797707392153E-1));
#4057=VECTOR('',#4056,4.784286148444E-1);
#4058=CARTESIAN_POINT('',(7.122779495815E1,3.1E1,2.906250178814E0));
#4059=LINE('',#4058,#4057);
#4060=DIRECTION('',(0.E0,0.E0,-1.E0));
#4061=VECTOR('',#4060,5.625E-1);
#4062=CARTESIAN_POINT('',(7.122779495815E1,3.1E1,3.468750178814E0));
#4063=LINE('',#4062,#4061);
#4064=DIRECTION('',(2.001234283435E-1,0.E0,-9.797706943097E-1));
#4065=VECTOR('',#4064,4.784280892544E-1);
#4066=CARTESIAN_POINT('',(7.113205028871E1,3.1E1,3.9375E0));
#4067=LINE('',#4066,#4065);
#4068=DIRECTION('',(5.224770734933E-1,0.E0,-8.526533338197E-1));
#4069=VECTOR('',#4068,5.497542818324E-1);
#4070=CARTESIAN_POINT('',(7.084481628040E1,3.1E1,4.406249821186E0));
#4071=LINE('',#4070,#4069);
#4072=DIRECTION('',(8.060038572165E-1,0.E0,-5.919102821815E-1));
#4073=VECTOR('',#4072,4.751573758868E-1);
#4074=CARTESIAN_POINT('',(7.046183760265E1,3.1E1,4.687500357628E0));
#4075=LINE('',#4074,#4073);
#4076=DIRECTION('',(9.311287431085E-1,0.E0,-3.646906411703E-1));
#4077=VECTOR('',#4076,5.141324278094E-1);
#4078=CARTESIAN_POINT('',(6.998311412135E1,3.1E1,4.874999642372E0));
#4079=LINE('',#4078,#4077);
#4080=DIRECTION('',(1.E0,0.E0,0.E0));
#4081=VECTOR('',#4080,3.829786777496E-1);
#4082=CARTESIAN_POINT('',(6.960013544360E1,3.1E1,4.874999642372E0));
#4083=LINE('',#4082,#4081);
#4084=DIRECTION('',(9.311287257622E-1,0.E0,3.646906854589E-1));
#4085=VECTOR('',#4084,5.141323653724E-1);
#4086=CARTESIAN_POINT('',(6.912141202936E1,3.1E1,4.687500357628E0));
#4087=LINE('',#4086,#4085);
#4088=DIRECTION('',(8.060038819381E-1,0.E0,5.919102485181E-1));
#4089=VECTOR('',#4088,4.751574029102E-1);
#4090=CARTESIAN_POINT('',(6.873843331808E1,3.1E1,4.406249821186E0));
#4091=LINE('',#4090,#4089);
#4092=DIRECTION('',(5.224771067470E-1,0.E0,8.526533134429E-1));
#4093=VECTOR('',#4092,5.497542949705E-1);
#4094=CARTESIAN_POINT('',(6.845119928462E1,3.1E1,3.9375E0));
#4095=LINE('',#4094,#4093);
#4096=DIRECTION('',(2.001234451615E-1,0.E0,9.797706908745E-1));
#4097=VECTOR('',#4096,4.784280909318E-1);
#4098=CARTESIAN_POINT('',(6.835545460680E1,3.1E1,3.468750178814E0));
#4099=LINE('',#4098,#4097);
#4100=DIRECTION('',(0.E0,0.E0,1.E0));
#4101=VECTOR('',#4100,5.625E-1);
#4102=CARTESIAN_POINT('',(6.835545460680E1,3.1E1,2.906250178814E0));
#4103=LINE('',#4102,#4101);
#4104=DIRECTION('',(-2.001232253108E-1,0.E0,9.797707357802E-1));
#4105=VECTOR('',#4104,4.784286165218E-1);
#4106=CARTESIAN_POINT('',(6.845119928462E1,3.1E1,2.437499821186E0));
#4107=LINE('',#4106,#4105);
#4108=DIRECTION('',(-5.224771067470E-1,0.E0,8.526533134429E-1));
#4109=VECTOR('',#4108,5.497542949705E-1);
#4110=CARTESIAN_POINT('',(6.873843331808E1,3.1E1,1.96875E0));
#4111=LINE('',#4110,#4109);
#4112=DIRECTION('',(-8.060044205527E-1,0.E0,5.919095150862E-1));
#4113=VECTOR('',#4112,4.751570853850E-1);
#4114=CARTESIAN_POINT('',(6.912141202936E1,3.1E1,1.6875E0));
#4115=LINE('',#4114,#4113);
#4116=DIRECTION('',(-8.981382931841E-1,0.E0,4.397130954570E-1));
#4117=VECTOR('',#4116,4.264140029562E-1);
#4118=CARTESIAN_POINT('',(6.950439077416E1,3.1E1,1.500000178814E0));
#4119=LINE('',#4118,#4117);
#4120=DIRECTION('',(0.E0,0.E0,-1.E0));
#4121=VECTOR('',#4120,5.625E-1);
#4122=CARTESIAN_POINT('',(6.950439077416E1,3.1E1,2.062500178814E0));
#4123=LINE('',#4122,#4121);
#4124=DIRECTION('',(8.981382931841E-1,0.E0,-4.397130954570E-1));
#4125=VECTOR('',#4124,4.264140029562E-1);
#4126=CARTESIAN_POINT('',(6.912141202936E1,3.1E1,2.25E0));
#4127=LINE('',#4126,#4125);
#4128=DIRECTION('',(5.627909312417E-1,0.E0,-8.265992787996E-1));
#4129=VECTOR('',#4128,3.402495105106E-1);
#4130=CARTESIAN_POINT('',(6.892992269048E1,3.1E1,2.53125E0));
#4131=LINE('',#4130,#4129);
#4132=DIRECTION('',(2.473831068378E-1,0.E0,-9.689177459678E-1));
#4133=VECTOR('',#4132,3.870299417825E-1);
#4134=CARTESIAN_POINT('',(6.883417802105E1,3.1E1,2.906250178814E0));
#4135=LINE('',#4134,#4133);
#4136=DIRECTION('',(0.E0,0.E0,-1.E0));
#4137=VECTOR('',#4136,5.625E-1);
#4138=CARTESIAN_POINT('',(6.883417802105E1,3.1E1,3.468750178814E0));
#4139=LINE('',#4138,#4137);
#4140=DIRECTION('',(-2.473834390653E-1,0.E0,-9.689176611437E-1));
#4141=VECTOR('',#4140,3.870294220145E-1);
#4142=CARTESIAN_POINT('',(6.892992269048E1,3.1E1,3.843749821186E0));
#4143=LINE('',#4142,#4141);
#4144=DIRECTION('',(-5.627909312417E-1,0.E0,-8.265992787996E-1));
#4145=VECTOR('',#4144,3.402495105106E-1);
#4146=CARTESIAN_POINT('',(6.912141202936E1,3.1E1,4.124999821186E0));
#4147=LINE('',#4146,#4145);
#4148=DIRECTION('',(-8.373787017230E-1,0.E0,-5.466231882208E-1));
#4149=VECTOR('',#4148,3.430157404009E-1);
#4150=CARTESIAN_POINT('',(6.940864610473E1,3.1E1,4.312500178814E0));
#4151=LINE('',#4150,#4149);
#4152=DIRECTION('',(-9.506455412394E-1,0.E0,-3.102789952956E-1));
#4153=VECTOR('',#4152,3.021462741389E-1);
#4154=CARTESIAN_POINT('',(6.969588011304E1,3.1E1,4.406249821186E0));
#4155=LINE('',#4154,#4153);
#4156=DIRECTION('',(-1.E0,0.E0,0.E0));
#4157=VECTOR('',#4156,1.914893388748E-1);
#4158=CARTESIAN_POINT('',(6.988736945191E1,3.1E1,4.406249821186E0));
#4159=LINE('',#4158,#4157);
#4160=DIRECTION('',(-9.506455839711E-1,0.E0,3.102788643726E-1));
#4161=VECTOR('',#4160,3.021464016304E-1);
#4162=CARTESIAN_POINT('',(7.017460359433E1,3.1E1,4.312500178814E0));
#4163=LINE('',#4162,#4161);
#4164=DIRECTION('',(-8.373786433120E-1,0.E0,5.466232777014E-1));
#4165=VECTOR('',#4164,3.430156842503E-1);
#4166=CARTESIAN_POINT('',(7.046183760265E1,3.1E1,4.124999821186E0));
#4167=LINE('',#4166,#4165);
#4168=DIRECTION('',(-5.627909312417E-1,0.E0,8.265992787996E-1));
#4169=VECTOR('',#4168,3.402495105106E-1);
#4170=CARTESIAN_POINT('',(7.065332694152E1,3.1E1,3.843749821186E0));
#4171=LINE('',#4170,#4169);
#4172=DIRECTION('',(-2.473834390653E-1,0.E0,9.689176611437E-1));
#4173=VECTOR('',#4172,3.870294220145E-1);
#4174=CARTESIAN_POINT('',(7.074907161096E1,3.1E1,3.468750178814E0));
#4175=LINE('',#4174,#4173);
#4176=DIRECTION('',(0.E0,0.E0,1.E0));
#4177=VECTOR('',#4176,5.625E-1);
#4178=CARTESIAN_POINT('',(7.074907161096E1,3.1E1,2.906250178814E0));
#4179=LINE('',#4178,#4177);
#4180=DIRECTION('',(2.473831068378E-1,0.E0,9.689177459678E-1));
#4181=VECTOR('',#4180,3.870299417825E-1);
#4182=CARTESIAN_POINT('',(7.065332694152E1,3.1E1,2.53125E0));
#4183=LINE('',#4182,#4181);
#4184=DIRECTION('',(1.E0,0.E0,0.E0));
#4185=VECTOR('',#4184,4.5E0);
#4186=CARTESIAN_POINT('',(5.703720418260E1,3.1E1,-3.375E0));
#4187=LINE('',#4186,#4185);
#4188=DIRECTION('',(0.E0,0.E0,1.E0));
#4189=VECTOR('',#4188,5.625E-1);
#4190=CARTESIAN_POINT('',(5.703720418260E1,3.1E1,-3.9375E0));
#4191=LINE('',#4190,#4189);
#4192=DIRECTION('',(-1.E0,0.E0,0.E0));
#4193=VECTOR('',#4192,3.734042644501E0);
#4194=CARTESIAN_POINT('',(6.077124682710E1,3.1E1,-3.9375E0));
#4195=LINE('',#4194,#4193);
#4196=DIRECTION('',(7.659743427825E-1,0.E0,6.428711427642E-1));
#4197=VECTOR('',#4196,8.749809449859E-1);
#4198=CARTESIAN_POINT('',(6.010103387281E1,3.1E1,-4.5E0));
#4199=LINE('',#4198,#4197);
#4200=DIRECTION('',(-1.E0,0.E0,0.E0));
#4201=VECTOR('',#4200,7.659576237202E-1);
#4202=CARTESIAN_POINT('',(6.086699149653E1,3.1E1,-4.5E0));
#4203=LINE('',#4202,#4201);
#4204=DIRECTION('',(-7.659742160926E-1,0.E0,-6.428712937139E-1));
#4205=VECTOR('',#4204,8.749807395356E-1);
#4206=CARTESIAN_POINT('',(6.153720418260E1,3.1E1,-3.9375E0));
#4207=LINE('',#4206,#4205);
#4208=DIRECTION('',(0.E0,0.E0,-1.E0));
#4209=VECTOR('',#4208,5.625E-1);
#4210=CARTESIAN_POINT('',(6.153720418260E1,3.1E1,-3.375E0));
#4211=LINE('',#4210,#4209);
#4212=DIRECTION('',(1.E0,0.E0,0.E0));
#4213=VECTOR('',#4212,4.5E0);
#4214=CARTESIAN_POINT('',(5.703720418260E1,3.1E1,-1.499999910593E0));
#4215=LINE('',#4214,#4213);
#4216=DIRECTION('',(0.E0,0.E0,1.E0));
#4217=VECTOR('',#4216,5.625E-1);
#4218=CARTESIAN_POINT('',(5.703720418260E1,3.1E1,-2.062499910593E0));
#4219=LINE('',#4218,#4217);
#4220=DIRECTION('',(-1.E0,0.E0,0.E0));
#4221=VECTOR('',#4220,3.734042644501E0);
#4222=CARTESIAN_POINT('',(6.077124682710E1,3.1E1,-2.062499910593E0));
#4223=LINE('',#4222,#4221);
#4224=DIRECTION('',(7.659742673076E-1,0.E0,6.428712326917E-1));
#4225=VECTOR('',#4224,8.749810312016E-1);
#4226=CARTESIAN_POINT('',(6.010103387281E1,3.1E1,-2.625000044703E0));
#4227=LINE('',#4226,#4225);
#4228=DIRECTION('',(-1.E0,0.E0,0.E0));
#4229=VECTOR('',#4228,7.659576237202E-1);
#4230=CARTESIAN_POINT('',(6.086699149653E1,3.1E1,-2.625000044703E0));
#4231=LINE('',#4230,#4229);
#4232=DIRECTION('',(-7.659741406177E-1,0.E0,-6.428713836414E-1));
#4233=VECTOR('',#4232,8.749808257514E-1);
#4234=CARTESIAN_POINT('',(6.153720418260E1,3.1E1,-2.062499910593E0));
#4235=LINE('',#4234,#4233);
#4236=DIRECTION('',(0.E0,0.E0,-1.E0));
#4237=VECTOR('',#4236,5.625E-1);
#4238=CARTESIAN_POINT('',(6.153720418260E1,3.1E1,-1.499999910593E0));
#4239=LINE('',#4238,#4237);
#4240=DIRECTION('',(-4.547769415434E-1,0.E0,-8.906053746977E-1));
#4241=VECTOR('',#4240,2.105310553180E-1);
#4242=CARTESIAN_POINT('',(5.933507651732E1,3.1E1,0.E0));
#4243=LINE('',#4242,#4241);
#4244=DIRECTION('',(-4.547769415434E-1,0.E0,8.906053746977E-1));
#4245=VECTOR('',#4244,2.105310553180E-1);
#4246=CARTESIAN_POINT('',(5.943082118675E1,3.1E1,-1.875000894070E-1));
#4247=LINE('',#4246,#4245);
#4248=DIRECTION('',(-7.145103848018E-1,0.E0,6.996248351869E-1));
#4249=VECTOR('',#4248,4.020011667037E-1);
#4250=CARTESIAN_POINT('',(5.971805519506E1,3.1E1,-4.687500894070E-1));
#4251=LINE('',#4250,#4249);
#4252=DIRECTION('',(-8.981382627794E-1,0.E0,4.397131575602E-1));
#4253=VECTOR('',#4252,4.264139427313E-1);
#4254=CARTESIAN_POINT('',(6.010103387281E1,3.1E1,-6.562499105930E-1));
#4255=LINE('',#4254,#4253);
#4256=DIRECTION('',(-1.E0,0.E0,0.E0));
#4257=VECTOR('',#4256,2.872340083122E-1);
#4258=CARTESIAN_POINT('',(6.038826788113E1,3.1E1,-6.562499105930E-1));
#4259=LINE('',#4258,#4257);
#4260=DIRECTION('',(-9.311284234921E-1,0.E0,-3.646914572143E-1));
#4261=VECTOR('',#4260,5.141327483190E-1);
#4262=CARTESIAN_POINT('',(6.086699149653E1,3.1E1,-4.687500894070E-1));
#4263=LINE('',#4262,#4261);
#4264=DIRECTION('',(-7.145103848018E-1,0.E0,-6.996248351869E-1));
#4265=VECTOR('',#4264,4.020011667037E-1);
#4266=CARTESIAN_POINT('',(6.115422550485E1,3.1E1,-1.875000894070E-1));
#4267=LINE('',#4266,#4265);
#4268=DIRECTION('',(-5.224768561414E-1,0.E0,-8.526534670056E-1));
#4269=VECTOR('',#4268,5.497545105319E-1);
#4270=CARTESIAN_POINT('',(6.144145951316E1,3.1E1,2.8125E-1));
#4271=LINE('',#4270,#4269);
#4272=DIRECTION('',(-2.001234283435E-1,0.E0,-9.797706943097E-1));
#4273=VECTOR('',#4272,4.784280892544E-1);
#4274=CARTESIAN_POINT('',(6.153720418260E1,3.1E1,7.499998211861E-1));
#4275=LINE('',#4274,#4273);
#4276=DIRECTION('',(0.E0,0.E0,-1.E0));
#4277=VECTOR('',#4276,3.750001788139E-1);
#4278=CARTESIAN_POINT('',(6.153720418260E1,3.1E1,1.125E0));
#4279=LINE('',#4278,#4277);
#4280=DIRECTION('',(2.001234283435E-1,0.E0,-9.797706943097E-1));
#4281=VECTOR('',#4280,4.784280892544E-1);
#4282=CARTESIAN_POINT('',(6.144145951316E1,3.1E1,1.593749821186E0));
#4283=LINE('',#4282,#4281);
#4284=DIRECTION('',(5.224766387895E-1,0.E0,-8.526536001913E-1));
#4285=VECTOR('',#4284,5.497547392314E-1);
#4286=CARTESIAN_POINT('',(6.115422550485E1,3.1E1,2.062500178814E0));
#4287=LINE('',#4286,#4285);
#4288=DIRECTION('',(7.145103848018E-1,0.E0,-6.996248351869E-1));
#4289=VECTOR('',#4288,4.020011667037E-1);
#4290=CARTESIAN_POINT('',(6.086699149653E1,3.1E1,2.343750178814E0));
#4291=LINE('',#4290,#4289);
#4292=DIRECTION('',(9.311284234921E-1,0.E0,-3.646914572143E-1));
#4293=VECTOR('',#4292,5.141327483190E-1);
#4294=CARTESIAN_POINT('',(6.038826788113E1,3.1E1,2.53125E0));
#4295=LINE('',#4294,#4293);
#4296=DIRECTION('',(1.E0,0.E0,0.E0));
#4297=VECTOR('',#4296,2.872340083122E-1);
#4298=CARTESIAN_POINT('',(6.010103387281E1,3.1E1,2.53125E0));
#4299=LINE('',#4298,#4297);
#4300=DIRECTION('',(8.981382627794E-1,0.E0,4.397131575602E-1));
#4301=VECTOR('',#4300,4.264139427313E-1);
#4302=CARTESIAN_POINT('',(5.971805519506E1,3.1E1,2.343750178814E0));
#4303=LINE('',#4302,#4301);
#4304=DIRECTION('',(7.145103848018E-1,0.E0,6.996248351869E-1));
#4305=VECTOR('',#4304,4.020011667037E-1);
#4306=CARTESIAN_POINT('',(5.943082118675E1,3.1E1,2.062500178814E0));
#4307=LINE('',#4306,#4305);
#4308=DIRECTION('',(4.547764255314E-1,0.E0,8.906056381928E-1));
#4309=VECTOR('',#4308,2.105312941970E-1);
#4310=CARTESIAN_POINT('',(5.933507651732E1,3.1E1,1.874999821186E0));
#4311=LINE('',#4310,#4309);
#4312=DIRECTION('',(4.547764255314E-1,0.E0,-8.906056381928E-1));
#4313=VECTOR('',#4312,2.105312941970E-1);
#4314=CARTESIAN_POINT('',(5.923933184788E1,3.1E1,2.062500178814E0));
#4315=LINE('',#4314,#4313);
#4316=DIRECTION('',(6.080771975856E-1,0.E0,-7.938779010506E-1));
#4317=VECTOR('',#4316,4.723643798069E-1);
#4318=CARTESIAN_POINT('',(5.895209783957E1,3.1E1,2.437499821186E0));
#4319=LINE('',#4318,#4317);
#4320=DIRECTION('',(9.311280344896E-1,0.E0,-3.646924504120E-1));
#4321=VECTOR('',#4320,5.141328190810E-1);
#4322=CARTESIAN_POINT('',(5.847337435827E1,3.1E1,2.625000178814E0));
#4323=LINE('',#4322,#4321);
#4324=DIRECTION('',(1.E0,0.E0,0.E0));
#4325=VECTOR('',#4324,2.872340083122E-1);
#4326=CARTESIAN_POINT('',(5.818614034996E1,3.1E1,2.625000178814E0));
#4327=LINE('',#4326,#4325);
#4328=DIRECTION('',(9.311280171432E-1,0.E0,3.646924947007E-1));
#4329=VECTOR('',#4328,5.141327566440E-1);
#4330=CARTESIAN_POINT('',(5.770741693571E1,3.1E1,2.437499821186E0));
#4331=LINE('',#4330,#4329);
#4332=DIRECTION('',(7.145104256249E-1,0.E0,6.996247934953E-1));
#4333=VECTOR('',#4332,4.020011906595E-1);
#4334=CARTESIAN_POINT('',(5.742018289387E1,3.1E1,2.156249821186E0));
#4335=LINE('',#4334,#4333);
#4336=DIRECTION('',(5.224771067470E-1,0.E0,8.526533134429E-1));
#4337=VECTOR('',#4336,5.497542949705E-1);
#4338=CARTESIAN_POINT('',(5.713294886042E1,3.1E1,1.6875E0));
#4339=LINE('',#4338,#4337);
#4340=DIRECTION('',(2.001234451615E-1,0.E0,9.797706908745E-1));
#4341=VECTOR('',#4340,4.784280909318E-1);
#4342=CARTESIAN_POINT('',(5.703720418260E1,3.1E1,1.218750178814E0));
#4343=LINE('',#4342,#4341);
#4344=DIRECTION('',(0.E0,0.E0,1.E0));
#4345=VECTOR('',#4344,5.625E-1);
#4346=CARTESIAN_POINT('',(5.703720418260E1,3.1E1,6.562501788139E-1));
#4347=LINE('',#4346,#4345);
#4348=DIRECTION('',(-2.001232253108E-1,0.E0,9.797707357802E-1));
#4349=VECTOR('',#4348,4.784286165218E-1);
#4350=CARTESIAN_POINT('',(5.713294886042E1,3.1E1,1.874998211861E-1));
#4351=LINE('',#4350,#4349);
#4352=DIRECTION('',(-5.224771067470E-1,0.E0,8.526533134429E-1));
#4353=VECTOR('',#4352,5.497542949705E-1);
#4354=CARTESIAN_POINT('',(5.742018289387E1,3.1E1,-2.8125E-1));
#4355=LINE('',#4354,#4353);
#4356=DIRECTION('',(-7.145104256249E-1,0.E0,6.996247934953E-1));
#4357=VECTOR('',#4356,4.020011906595E-1);
#4358=CARTESIAN_POINT('',(5.770741693571E1,3.1E1,-5.625E-1));
#4359=LINE('',#4358,#4357);
#4360=DIRECTION('',(-9.311281942981E-1,0.E0,3.646920423907E-1));
#4361=VECTOR('',#4360,5.141326588259E-1);
#4362=CARTESIAN_POINT('',(5.818614034996E1,3.1E1,-7.500000894070E-1));
#4363=LINE('',#4362,#4361);
#4364=DIRECTION('',(-1.E0,0.E0,0.E0));
#4365=VECTOR('',#4364,2.872340083122E-1);
#4366=CARTESIAN_POINT('',(5.847337435827E1,3.1E1,-7.500000894070E-1));
#4367=LINE('',#4366,#4365);
#4368=DIRECTION('',(-9.311282116446E-1,0.E0,-3.646919981020E-1));
#4369=VECTOR('',#4368,5.141327212629E-1);
#4370=CARTESIAN_POINT('',(5.895209783957E1,3.1E1,-5.625E-1));
#4371=LINE('',#4370,#4369);
#4372=DIRECTION('',(-6.080769234738E-1,0.E0,-7.938781110087E-1));
#4373=VECTOR('',#4372,4.723645927415E-1);
#4374=CARTESIAN_POINT('',(5.923933184788E1,3.1E1,-1.875000894070E-1));
#4375=LINE('',#4374,#4373);
#4376=DIRECTION('',(2.473834390653E-1,0.E0,-9.689176611437E-1));
#4377=VECTOR('',#4376,3.870294220145E-1);
#4378=CARTESIAN_POINT('',(5.751592759684E1,3.1E1,7.499998211861E-1));
#4379=LINE('',#4378,#4377);
#4380=DIRECTION('',(0.E0,0.E0,-1.E0));
#4381=VECTOR('',#4380,3.750001788139E-1);
#4382=CARTESIAN_POINT('',(5.751592759684E1,3.1E1,1.125E0));
#4383=LINE('',#4382,#4381);
#4384=DIRECTION('',(-2.473831068378E-1,0.E0,-9.689177459678E-1));
#4385=VECTOR('',#4384,3.870299417825E-1);
#4386=CARTESIAN_POINT('',(5.761167226628E1,3.1E1,1.500000178814E0));
#4387=LINE('',#4386,#4385);
#4388=DIRECTION('',(-4.547774575564E-1,0.E0,-8.906051112017E-1));
#4389=VECTOR('',#4388,4.210616328781E-1);
#4390=CARTESIAN_POINT('',(5.780316160515E1,3.1E1,1.874999821186E0));
#4391=LINE('',#4390,#4389);
#4392=DIRECTION('',(-8.060044452742E-1,0.E0,-5.919094814228E-1));
#4393=VECTOR('',#4392,4.751571124084E-1);
#4394=CARTESIAN_POINT('',(5.818614034996E1,3.1E1,2.156249821186E0));
#4395=LINE('',#4394,#4393);
#4396=DIRECTION('',(-1.E0,0.E0,0.E0));
#4397=VECTOR('',#4396,2.872340083122E-1);
#4398=CARTESIAN_POINT('',(5.847337435827E1,3.1E1,2.156249821186E0));
#4399=LINE('',#4398,#4397);
#4400=DIRECTION('',(-8.060044947174E-1,0.E0,5.919094140959E-1));
#4401=VECTOR('',#4400,4.751571664552E-1);
#4402=CARTESIAN_POINT('',(5.885635317013E1,3.1E1,1.874999821186E0));
#4403=LINE('',#4402,#4401);
#4404=DIRECTION('',(-4.547774575564E-1,0.E0,8.906051112017E-1));
#4405=VECTOR('',#4404,4.210616328781E-1);
#4406=CARTESIAN_POINT('',(5.904784250900E1,3.1E1,1.500000178814E0));
#4407=LINE('',#4406,#4405);
#4408=DIRECTION('',(-2.473831068378E-1,0.E0,9.689177459678E-1));
#4409=VECTOR('',#4408,3.870299417825E-1);
#4410=CARTESIAN_POINT('',(5.914358717844E1,3.1E1,1.125E0));
#4411=LINE('',#4410,#4409);
#4412=DIRECTION('',(0.E0,0.E0,1.E0));
#4413=VECTOR('',#4412,3.750001788139E-1);
#4414=CARTESIAN_POINT('',(5.914358717844E1,3.1E1,7.499998211861E-1));
#4415=LINE('',#4414,#4413);
#4416=DIRECTION('',(2.473834390653E-1,0.E0,9.689176611437E-1));
#4417=VECTOR('',#4416,3.870294220145E-1);
#4418=CARTESIAN_POINT('',(5.904784250900E1,3.1E1,3.750001788139E-1));
#4419=LINE('',#4418,#4417);
#4420=DIRECTION('',(4.547769415434E-1,0.E0,8.906053746977E-1));
#4421=VECTOR('',#4420,4.210621106359E-1);
#4422=CARTESIAN_POINT('',(5.885635317013E1,3.1E1,0.E0));
#4423=LINE('',#4422,#4421);
#4424=DIRECTION('',(8.060044947174E-1,0.E0,5.919094140959E-1));
#4425=VECTOR('',#4424,4.751571664552E-1);
#4426=CARTESIAN_POINT('',(5.847337435827E1,3.1E1,-2.8125E-1));
#4427=LINE('',#4426,#4425);
#4428=DIRECTION('',(1.E0,0.E0,0.E0));
#4429=VECTOR('',#4428,2.872340083122E-1);
#4430=CARTESIAN_POINT('',(5.818614034996E1,3.1E1,-2.8125E-1));
#4431=LINE('',#4430,#4429);
#4432=DIRECTION('',(8.060044452742E-1,0.E0,-5.919094814228E-1));
#4433=VECTOR('',#4432,4.751571124084E-1);
#4434=CARTESIAN_POINT('',(5.780316160515E1,3.1E1,0.E0));
#4435=LINE('',#4434,#4433);
#4436=DIRECTION('',(4.547769415434E-1,0.E0,-8.906053746977E-1));
#4437=VECTOR('',#4436,4.210621106359E-1);
#4438=CARTESIAN_POINT('',(5.761167226628E1,3.1E1,3.750001788139E-1));
#4439=LINE('',#4438,#4437);
#4440=DIRECTION('',(-2.473831068378E-1,0.E0,9.689177459678E-1));
#4441=VECTOR('',#4440,3.870299417825E-1);
#4442=CARTESIAN_POINT('',(6.105848083541E1,3.1E1,1.125E0));
#4443=LINE('',#4442,#4441);
#4444=DIRECTION('',(0.E0,0.E0,1.E0));
#4445=VECTOR('',#4444,3.750001788139E-1);
#4446=CARTESIAN_POINT('',(6.105848083541E1,3.1E1,7.499998211861E-1));
#4447=LINE('',#4446,#4445);
#4448=DIRECTION('',(2.473834390653E-1,0.E0,9.689176611437E-1));
#4449=VECTOR('',#4448,3.870294220145E-1);
#4450=CARTESIAN_POINT('',(6.096273616597E1,3.1E1,3.750001788139E-1));
#4451=LINE('',#4450,#4449);
#4452=DIRECTION('',(6.080766493621E-1,0.E0,7.938783209665E-1));
#4453=VECTOR('',#4452,4.723648056763E-1);
#4454=CARTESIAN_POINT('',(6.067550215766E1,3.1E1,0.E0));
#4455=LINE('',#4454,#4453);
#4456=DIRECTION('',(8.373792348777E-1,0.E0,5.466223714738E-1));
#4457=VECTOR('',#4456,3.430157622371E-1);
#4458=CARTESIAN_POINT('',(6.038826788113E1,3.1E1,-1.875000894070E-1));
#4459=LINE('',#4458,#4457);
#4460=DIRECTION('',(1.E0,0.E0,0.E0));
#4461=VECTOR('',#4460,1.914893388748E-1);
#4462=CARTESIAN_POINT('',(6.019677854225E1,3.1E1,-1.875000894070E-1));
#4463=LINE('',#4462,#4461);
#4464=DIRECTION('',(8.373790012342E-1,0.E0,-5.466227293958E-1));
#4465=VECTOR('',#4464,3.430155376346E-1);
#4466=CARTESIAN_POINT('',(5.990954453394E1,3.1E1,0.E0));
#4467=LINE('',#4466,#4465);
#4468=DIRECTION('',(6.080766493621E-1,0.E0,-7.938783209665E-1));
#4469=VECTOR('',#4468,4.723648056763E-1);
#4470=CARTESIAN_POINT('',(5.962231052563E1,3.1E1,3.750001788139E-1));
#4471=LINE('',#4470,#4469);
#4472=DIRECTION('',(2.473834390653E-1,0.E0,-9.689176611437E-1));
#4473=VECTOR('',#4472,3.870294220145E-1);
#4474=CARTESIAN_POINT('',(5.952656585619E1,3.1E1,7.499998211861E-1));
#4475=LINE('',#4474,#4473);
#4476=DIRECTION('',(0.E0,0.E0,-1.E0));
#4477=VECTOR('',#4476,3.750001788139E-1);
#4478=CARTESIAN_POINT('',(5.952656585619E1,3.1E1,1.125E0));
#4479=LINE('',#4478,#4477);
#4480=DIRECTION('',(-2.473831068378E-1,0.E0,-9.689177459678E-1));
#4481=VECTOR('',#4480,3.870299417825E-1);
#4482=CARTESIAN_POINT('',(5.962231052563E1,3.1E1,1.500000178814E0));
#4483=LINE('',#4482,#4481);
#4484=DIRECTION('',(-6.080771975856E-1,0.E0,-7.938779010506E-1));
#4485=VECTOR('',#4484,4.723643798069E-1);
#4486=CARTESIAN_POINT('',(5.990954453394E1,3.1E1,1.874999821186E0));
#4487=LINE('',#4486,#4485);
#4488=DIRECTION('',(-8.373786433120E-1,0.E0,-5.466232777014E-1));
#4489=VECTOR('',#4488,3.430156842503E-1);
#4490=CARTESIAN_POINT('',(6.019677854225E1,3.1E1,2.062500178814E0));
#4491=LINE('',#4490,#4489);
#4492=DIRECTION('',(-1.E0,0.E0,0.E0));
#4493=VECTOR('',#4492,1.914893388748E-1);
#4494=CARTESIAN_POINT('',(6.038826788113E1,3.1E1,2.062500178814E0));
#4495=LINE('',#4494,#4493);
#4496=DIRECTION('',(-8.373788769559E-1,0.E0,5.466229197794E-1));
#4497=VECTOR('',#4496,3.430159088528E-1);
#4498=CARTESIAN_POINT('',(6.067550215766E1,3.1E1,1.874999821186E0));
#4499=LINE('',#4498,#4497);
#4500=DIRECTION('',(-6.080771975856E-1,0.E0,7.938779010506E-1));
#4501=VECTOR('',#4500,4.723643798069E-1);
#4502=CARTESIAN_POINT('',(6.096273616597E1,3.1E1,1.500000178814E0));
#4503=LINE('',#4502,#4501);
#4504=DIRECTION('',(1.E0,0.E0,0.E0));
#4505=VECTOR('',#4504,4.5E0);
#4506=CARTESIAN_POINT('',(4.152139463513E1,3.1E1,-3.375E0));
#4507=LINE('',#4506,#4505);
#4508=DIRECTION('',(0.E0,0.E0,1.E0));
#4509=VECTOR('',#4508,5.625E-1);
#4510=CARTESIAN_POINT('',(4.152139463513E1,3.1E1,-3.9375E0));
#4511=LINE('',#4510,#4509);
#4512=DIRECTION('',(-1.E0,0.E0,0.E0));
#4513=VECTOR('',#4512,3.734042644501E0);
#4514=CARTESIAN_POINT('',(4.525543727964E1,3.1E1,-3.9375E0));
#4515=LINE('',#4514,#4513);
#4516=DIRECTION('',(7.659743427825E-1,0.E0,6.428711427642E-1));
#4517=VECTOR('',#4516,8.749809449859E-1);
#4518=CARTESIAN_POINT('',(4.458522432535E1,3.1E1,-4.5E0));
#4519=LINE('',#4518,#4517);
#4520=DIRECTION('',(-1.E0,0.E0,0.E0));
#4521=VECTOR('',#4520,7.659576237202E-1);
#4522=CARTESIAN_POINT('',(4.535118194907E1,3.1E1,-4.5E0));
#4523=LINE('',#4522,#4521);
#4524=DIRECTION('',(-7.659742160926E-1,0.E0,-6.428712937139E-1));
#4525=VECTOR('',#4524,8.749807395356E-1);
#4526=CARTESIAN_POINT('',(4.602139463513E1,3.1E1,-3.9375E0));
#4527=LINE('',#4526,#4525);
#4528=DIRECTION('',(0.E0,0.E0,-1.E0));
#4529=VECTOR('',#4528,5.625E-1);
#4530=CARTESIAN_POINT('',(4.602139463513E1,3.1E1,-3.375E0));
#4531=LINE('',#4530,#4529);
#4532=DIRECTION('',(8.373786433120E-1,0.E0,5.466232777014E-1));
#4533=VECTOR('',#4532,3.430156842503E-1);
#4534=CARTESIAN_POINT('',(4.200011804938E1,3.1E1,4.687498211861E-1));
#4535=LINE('',#4534,#4533);
#4536=DIRECTION('',(5.627909985697E-1,0.E0,8.265992329593E-1));
#4537=VECTOR('',#4536,3.402495293797E-1);
#4538=CARTESIAN_POINT('',(4.180862867697E1,3.1E1,1.874998211861E-1));
#4539=LINE('',#4538,#4537);
#4540=DIRECTION('',(4.547772469181E-1,0.E0,8.906052187617E-1));
#4541=VECTOR('',#4540,4.210618831927E-1);
#4542=CARTESIAN_POINT('',(4.161713931295E1,3.1E1,-1.875000894070E-1));
#4543=LINE('',#4542,#4541);
#4544=DIRECTION('',(2.473832932831E-1,0.E0,9.689176983647E-1));
#4545=VECTOR('',#4544,3.870296839721E-1);
#4546=CARTESIAN_POINT('',(4.152139463513E1,3.1E1,-5.625E-1));
#4547=LINE('',#4546,#4545);
#4548=DIRECTION('',(0.E0,0.E0,1.E0));
#4549=VECTOR('',#4548,7.500000894070E-1);
#4550=CARTESIAN_POINT('',(4.152139463513E1,3.1E1,-1.312500089407E0));
#4551=LINE('',#4550,#4549);
#4552=DIRECTION('',(-2.473832932831E-1,0.E0,9.689176983647E-1));
#4553=VECTOR('',#4552,3.870296839721E-1);
#4554=CARTESIAN_POINT('',(4.161713931295E1,3.1E1,-1.6875E0));
#4555=LINE('',#4554,#4553);
#4556=DIRECTION('',(-4.547772469181E-1,0.E0,8.906052187617E-1));
#4557=VECTOR('',#4556,4.210618831927E-1);
#4558=CARTESIAN_POINT('',(4.180862867697E1,3.1E1,-2.062499910593E0));
#4559=LINE('',#4558,#4557);
#4560=DIRECTION('',(-5.627908152086E-1,0.E0,8.265993578009E-1));
#4561=VECTOR('',#4560,3.402496402353E-1);
#4562=CARTESIAN_POINT('',(4.200011804938E1,3.1E1,-2.343750044703E0));
#4563=LINE('',#4562,#4561);
#4564=DIRECTION('',(-8.373791801952E-1,0.E0,5.466224552427E-1));
#4565=VECTOR('',#4564,3.430154643268E-1);
#4566=CARTESIAN_POINT('',(4.228735205769E1,3.1E1,-2.53125E0));
#4567=LINE('',#4566,#4565);
#4568=DIRECTION('',(-9.506451698354E-1,0.E0,3.102801332161E-1));
#4569=VECTOR('',#4568,3.021464627198E-1);
#4570=CARTESIAN_POINT('',(4.257458613306E1,3.1E1,-2.625000044703E0));
#4571=LINE('',#4570,#4569);
#4572=DIRECTION('',(0.E0,0.E0,-1.E0));
#4573=VECTOR('',#4572,4.687499552965E-1);
#4574=CARTESIAN_POINT('',(4.257458613306E1,3.1E1,-2.156250089407E0));
#4575=LINE('',#4574,#4573);
#4576=DIRECTION('',(8.981377659536E-1,0.E0,-4.397141723527E-1));
#4577=VECTOR('',#4576,2.132070893061E-1);
#4578=CARTESIAN_POINT('',(4.238309679418E1,3.1E1,-2.062499910593E0));
#4579=LINE('',#4578,#4577);
#4580=DIRECTION('',(7.145108408043E-1,0.E0,-6.996243694821E-1));
#4581=VECTOR('',#4580,2.680007006115E-1);
#4582=CARTESIAN_POINT('',(4.219160738825E1,3.1E1,-1.875000089407E0));
#4583=LINE('',#4582,#4581);
#4584=DIRECTION('',(4.547769415434E-1,0.E0,-8.906053746977E-1));
#4585=VECTOR('',#4584,2.105310553180E-1);
#4586=CARTESIAN_POINT('',(4.209586271881E1,3.1E1,-1.6875E0));
#4587=LINE('',#4586,#4585);
#4588=DIRECTION('',(2.001233184181E-1,0.E0,-9.797707167625E-1));
#4589=VECTOR('',#4588,4.784283520494E-1);
#4590=CARTESIAN_POINT('',(4.200011804938E1,3.1E1,-1.218749910593E0));
#4591=LINE('',#4590,#4589);
#4592=DIRECTION('',(0.E0,0.E0,-1.E0));
#4593=VECTOR('',#4592,5.625E-1);
#4594=CARTESIAN_POINT('',(4.200011804938E1,3.1E1,-6.562499105930E-1));
#4595=LINE('',#4594,#4593);
#4596=DIRECTION('',(-2.001234283435E-1,0.E0,-9.797706943097E-1));
#4597=VECTOR('',#4596,4.784280892544E-1);
#4598=CARTESIAN_POINT('',(4.209586271881E1,3.1E1,-1.875000894070E-1));
#4599=LINE('',#4598,#4597);
#4600=DIRECTION('',(-4.547769415434E-1,0.E0,-8.906053746977E-1));
#4601=VECTOR('',#4600,2.105310553180E-1);
#4602=CARTESIAN_POINT('',(4.219160738825E1,3.1E1,0.E0));
#4603=LINE('',#4602,#4601);
#4604=DIRECTION('',(-7.145108408043E-1,0.E0,-6.996243694821E-1));
#4605=VECTOR('',#4604,2.680007006115E-1);
#4606=CARTESIAN_POINT('',(4.238309679418E1,3.1E1,1.874998211861E-1));
#4607=LINE('',#4606,#4605);
#4608=DIRECTION('',(-8.981377659536E-1,0.E0,-4.397141723527E-1));
#4609=VECTOR('',#4608,2.132070893061E-1);
#4610=CARTESIAN_POINT('',(4.257458613306E1,3.1E1,2.8125E-1));
#4611=LINE('',#4610,#4609);
#4612=DIRECTION('',(-1.E0,0.E0,0.E0));
#4613=VECTOR('',#4612,3.829786777496E-1);
#4614=CARTESIAN_POINT('',(4.295756481081E1,3.1E1,2.8125E-1));
#4615=LINE('',#4614,#4613);
#4616=DIRECTION('',(-8.981383235887E-1,0.E0,4.397130333538E-1));
#4617=VECTOR('',#4616,4.264140631810E-1);
#4618=CARTESIAN_POINT('',(4.334054362267E1,3.1E1,9.375017881393E-2));
#4619=LINE('',#4618,#4617);
#4620=DIRECTION('',(-5.627905645197E-1,0.E0,8.265995284826E-1));
#4621=VECTOR('',#4620,3.402497322219E-1);
#4622=CARTESIAN_POINT('',(4.353203296154E1,3.1E1,-1.875000894070E-1));
#4623=LINE('',#4622,#4621);
#4624=DIRECTION('',(-1.677993286083E-1,0.E0,9.858211730931E-1));
#4625=VECTOR('',#4624,5.705903011143E-1);
#4626=CARTESIAN_POINT('',(4.362777763098E1,3.1E1,-7.500000894070E-1));
#4627=LINE('',#4626,#4625);
#4628=DIRECTION('',(0.E0,0.E0,1.E0));
#4629=VECTOR('',#4628,3.749999105930E-1);
#4630=CARTESIAN_POINT('',(4.362777763098E1,3.1E1,-1.125E0));
#4631=LINE('',#4630,#4629);
#4632=DIRECTION('',(-1.E0,0.E0,0.E0));
#4633=VECTOR('',#4632,3.829786777496E-1);
#4634=CARTESIAN_POINT('',(4.401075630873E1,3.1E1,-1.125E0));
#4635=LINE('',#4634,#4633);
#4636=DIRECTION('',(0.E0,0.E0,-1.E0));
#4637=VECTOR('',#4636,3.749999105930E-1);
#4638=CARTESIAN_POINT('',(4.401075630873E1,3.1E1,-7.500000894070E-1));
#4639=LINE('',#4638,#4637);
#4640=DIRECTION('',(-3.222637633772E-1,0.E0,-9.466499177700E-1));
#4641=VECTOR('',#4640,5.942006537380E-1);
#4642=CARTESIAN_POINT('',(4.420224564760E1,3.1E1,-1.875000894070E-1));
#4643=LINE('',#4642,#4641);
#4644=DIRECTION('',(-7.145102180353E-1,0.E0,-6.996250055017E-1));
#4645=VECTOR('',#4644,2.680008403538E-1);
#4646=CARTESIAN_POINT('',(4.439373498648E1,3.1E1,0.E0));
#4647=LINE('',#4646,#4645);
#4648=DIRECTION('',(-8.981382627794E-1,0.E0,-4.397131575602E-1));
#4649=VECTOR('',#4648,4.264139427313E-1);
#4650=CARTESIAN_POINT('',(4.477671366423E1,3.1E1,1.874998211861E-1));
#4651=LINE('',#4650,#4649);
#4652=DIRECTION('',(-1.E0,0.E0,0.E0));
#4653=VECTOR('',#4652,1.914896070957E-1);
#4654=CARTESIAN_POINT('',(4.496820327132E1,3.1E1,1.874998211861E-1));
#4655=LINE('',#4654,#4653);
#4656=DIRECTION('',(-8.373793591563E-1,0.E0,5.466221810895E-1));
#4657=VECTOR('',#4656,3.430153910190E-1);
#4658=CARTESIAN_POINT('',(4.525543727964E1,3.1E1,0.E0));
#4659=LINE('',#4658,#4657);
#4660=DIRECTION('',(-5.627909312417E-1,0.E0,8.265992787996E-1));
#4661=VECTOR('',#4660,3.402495105106E-1);
#4662=CARTESIAN_POINT('',(4.544692661851E1,3.1E1,-2.8125E-1));
#4663=LINE('',#4662,#4661);
#4664=DIRECTION('',(-2.001233184181E-1,0.E0,9.797707167625E-1));
#4665=VECTOR('',#4664,4.784283520494E-1);
#4666=CARTESIAN_POINT('',(4.554267128795E1,3.1E1,-7.500000894070E-1));
#4667=LINE('',#4666,#4665);
#4668=DIRECTION('',(0.E0,0.E0,1.E0));
#4669=VECTOR('',#4668,3.749999105930E-1);
#4670=CARTESIAN_POINT('',(4.554267128795E1,3.1E1,-1.125E0));
#4671=LINE('',#4670,#4669);
#4672=DIRECTION('',(2.001233184181E-1,0.E0,9.797707167625E-1));
#4673=VECTOR('',#4672,4.784283520494E-1);
#4674=CARTESIAN_POINT('',(4.544692661851E1,3.1E1,-1.593750089407E0));
#4675=LINE('',#4674,#4673);
#4676=DIRECTION('',(5.627909312417E-1,0.E0,8.265992787996E-1));
#4677=VECTOR('',#4676,3.402495105106E-1);
#4678=CARTESIAN_POINT('',(4.525543727964E1,3.1E1,-1.875000089407E0));
#4679=LINE('',#4678,#4677);
#4680=DIRECTION('',(8.373793591563E-1,0.E0,5.466221810895E-1));
#4681=VECTOR('',#4680,3.430153910190E-1);
#4682=CARTESIAN_POINT('',(4.496820327132E1,3.1E1,-2.062499910593E0));
#4683=LINE('',#4682,#4681);
#4684=DIRECTION('',(0.E0,0.E0,1.E0));
#4685=VECTOR('',#4684,4.687500894070E-1);
#4686=CARTESIAN_POINT('',(4.496820327132E1,3.1E1,-2.53125E0));
#4687=LINE('',#4686,#4685);
#4688=DIRECTION('',(-9.713211276800E-1,0.E0,-2.377714594361E-1));
#4689=VECTOR('',#4688,3.942863661005E-1);
#4690=CARTESIAN_POINT('',(4.535118194907E1,3.1E1,-2.437499955297E0));
#4691=LINE('',#4690,#4689);
#4692=DIRECTION('',(-7.145103431102E-1,0.E0,-6.996248777656E-1));
#4693=VECTOR('',#4692,5.360015868806E-1);
#4694=CARTESIAN_POINT('',(4.573416062682E1,3.1E1,-2.062499910593E0));
#4695=LINE('',#4694,#4693);
#4696=DIRECTION('',(-4.547771995497E-1,0.E0,-8.906052429498E-1));
#4697=VECTOR('',#4696,4.210618717570E-1);
#4698=CARTESIAN_POINT('',(4.592564996570E1,3.1E1,-1.6875E0));
#4699=LINE('',#4698,#4697);
#4700=DIRECTION('',(-1.443682501731E-1,0.E0,-9.895240312099E-1));
#4701=VECTOR('',#4700,6.631975474013E-1);
#4702=CARTESIAN_POINT('',(4.602139463513E1,3.1E1,-1.031250089407E0));
#4703=LINE('',#4702,#4701);
#4704=DIRECTION('',(0.E0,0.E0,-1.E0));
#4705=VECTOR('',#4704,1.875000894070E-1);
#4706=CARTESIAN_POINT('',(4.602139463513E1,3.1E1,-8.4375E-1));
#4707=LINE('',#4706,#4705);
#4708=DIRECTION('',(1.443682501731E-1,0.E0,-9.895240312099E-1));
#4709=VECTOR('',#4708,6.631975474013E-1);
#4710=CARTESIAN_POINT('',(4.592564996570E1,3.1E1,-1.875000894070E-1));
#4711=LINE('',#4710,#4709);
#4712=DIRECTION('',(4.547771995497E-1,0.E0,-8.906052429498E-1));
#4713=VECTOR('',#4712,4.210618717570E-1);
#4714=CARTESIAN_POINT('',(4.573416062682E1,3.1E1,1.874998211861E-1));
#4715=LINE('',#4714,#4713);
#4716=DIRECTION('',(7.145102180353E-1,0.E0,-6.996250055017E-1));
#4717=VECTOR('',#4716,5.360016807076E-1);
#4718=CARTESIAN_POINT('',(4.535118194907E1,3.1E1,5.625E-1));
#4719=LINE('',#4718,#4717);
#4720=DIRECTION('',(9.713210491251E-1,0.E0,-2.377717803411E-1));
#4721=VECTOR('',#4720,3.942863979882E-1);
#4722=CARTESIAN_POINT('',(4.496820327132E1,3.1E1,6.562501788139E-1));
#4723=LINE('',#4722,#4721);
#4724=DIRECTION('',(1.E0,0.E0,0.E0));
#4725=VECTOR('',#4724,1.914896070957E-1);
#4726=CARTESIAN_POINT('',(4.477671366423E1,3.1E1,6.562501788139E-1));
#4727=LINE('',#4726,#4725);
#4728=DIRECTION('',(9.713210491251E-1,0.E0,2.377717803411E-1));
#4729=VECTOR('',#4728,3.942863979882E-1);
#4730=CARTESIAN_POINT('',(4.439373498648E1,3.1E1,5.625E-1));
#4731=LINE('',#4730,#4729);
#4732=DIRECTION('',(8.373793591563E-1,0.E0,5.466221810895E-1));
#4733=VECTOR('',#4732,3.430153910190E-1);
#4734=CARTESIAN_POINT('',(4.410650097817E1,3.1E1,3.750001788139E-1));
#4735=LINE('',#4734,#4733);
#4736=DIRECTION('',(6.080766493621E-1,0.E0,7.938783209665E-1));
#4737=VECTOR('',#4736,4.723648056763E-1);
#4738=CARTESIAN_POINT('',(4.381926696985E1,3.1E1,0.E0));
#4739=LINE('',#4738,#4737);
#4740=DIRECTION('',(3.781727181043E-1,0.E0,-9.257350567423E-1));
#4741=VECTOR('',#4740,5.063541860839E-1);
#4742=CARTESIAN_POINT('',(4.362777763098E1,3.1E1,4.687498211861E-1));
#4743=LINE('',#4742,#4741);
#4744=DIRECTION('',(8.373786433120E-1,0.E0,-5.466232777014E-1));
#4745=VECTOR('',#4744,3.430156842503E-1);
#4746=CARTESIAN_POINT('',(4.334054362267E1,3.1E1,6.562501788139E-1));
#4747=LINE('',#4746,#4745);
#4748=DIRECTION('',(9.713213825738E-1,0.E0,-2.377704181660E-1));
#4749=VECTOR('',#4748,3.942864007022E-1);
#4750=CARTESIAN_POINT('',(4.295756481081E1,3.1E1,7.499998211861E-1));
#4751=LINE('',#4750,#4749);
#4752=DIRECTION('',(1.E0,0.E0,0.E0));
#4753=VECTOR('',#4752,3.829786777496E-1);
#4754=CARTESIAN_POINT('',(4.257458613306E1,3.1E1,7.499998211861E-1));
#4755=LINE('',#4754,#4753);
#4756=DIRECTION('',(9.506455626052E-1,0.E0,3.102789298341E-1));
#4757=VECTOR('',#4756,3.021463378846E-1);
#4758=CARTESIAN_POINT('',(4.228735205769E1,3.1E1,6.562501788139E-1));
#4759=LINE('',#4758,#4757);
#4760=DIRECTION('',(8.373786433120E-1,0.E0,5.466232777014E-1));
#4761=VECTOR('',#4760,3.430156842503E-1);
#4762=CARTESIAN_POINT('',(4.200011804938E1,3.1E1,4.593749642372E0));
#4763=LINE('',#4762,#4761);
#4764=DIRECTION('',(5.627917320148E-1,0.E0,8.265987335919E-1));
#4765=VECTOR('',#4764,3.402490859574E-1);
#4766=CARTESIAN_POINT('',(4.180862867697E1,3.1E1,4.312500178814E0));
#4767=LINE('',#4766,#4765);
#4768=DIRECTION('',(4.547769889117E-1,0.E0,8.906053505096E-1));
#4769=VECTOR('',#4768,4.210621220716E-1);
#4770=CARTESIAN_POINT('',(4.161713931295E1,3.1E1,3.9375E0));
#4771=LINE('',#4770,#4769);
#4772=DIRECTION('',(2.473831271694E-1,0.E0,9.689177407767E-1));
#4773=VECTOR('',#4772,3.870299438560E-1);
#4774=CARTESIAN_POINT('',(4.152139463513E1,3.1E1,3.562499821186E0));
#4775=LINE('',#4774,#4773);
#4776=DIRECTION('',(0.E0,0.E0,1.E0));
#4777=VECTOR('',#4776,7.499998211861E-1);
#4778=CARTESIAN_POINT('',(4.152139463513E1,3.1E1,2.8125E0));
#4779=LINE('',#4778,#4777);
#4780=DIRECTION('',(-2.473831271694E-1,0.E0,9.689177407767E-1));
#4781=VECTOR('',#4780,3.870299438560E-1);
#4782=CARTESIAN_POINT('',(4.161713931295E1,3.1E1,2.437499821186E0));
#4783=LINE('',#4782,#4781);
#4784=DIRECTION('',(-4.547775049247E-1,0.E0,8.906050870136E-1));
#4785=VECTOR('',#4784,4.210616443138E-1);
#4786=CARTESIAN_POINT('',(4.180862867697E1,3.1E1,2.062500178814E0));
#4787=LINE('',#4786,#4785);
#4788=DIRECTION('',(-5.627909985697E-1,0.E0,8.265992329593E-1));
#4789=VECTOR('',#4788,3.402495293797E-1);
#4790=CARTESIAN_POINT('',(4.200011804938E1,3.1E1,1.781250178814E0));
#4791=LINE('',#4790,#4789);
#4792=DIRECTION('',(-8.373786433120E-1,0.E0,5.466232777014E-1));
#4793=VECTOR('',#4792,3.430156842503E-1);
#4794=CARTESIAN_POINT('',(4.228735205769E1,3.1E1,1.593749821186E0));
#4795=LINE('',#4794,#4793);
#4796=DIRECTION('',(-9.506455626052E-1,0.E0,3.102789298341E-1));
#4797=VECTOR('',#4796,3.021463378846E-1);
#4798=CARTESIAN_POINT('',(4.257458613306E1,3.1E1,1.500000178814E0));
#4799=LINE('',#4798,#4797);
#4800=DIRECTION('',(0.E0,0.E0,-1.E0));
#4801=VECTOR('',#4800,4.687498211861E-1);
#4802=CARTESIAN_POINT('',(4.257458613306E1,3.1E1,1.96875E0));
#4803=LINE('',#4802,#4801);
#4804=DIRECTION('',(8.981377659536E-1,0.E0,-4.397141723527E-1));
#4805=VECTOR('',#4804,2.132070893061E-1);
#4806=CARTESIAN_POINT('',(4.238309679418E1,3.1E1,2.062500178814E0));
#4807=LINE('',#4806,#4805);
#4808=DIRECTION('',(7.145108408043E-1,0.E0,-6.996243694821E-1));
#4809=VECTOR('',#4808,2.680007006115E-1);
#4810=CARTESIAN_POINT('',(4.219160738825E1,3.1E1,2.25E0));
#4811=LINE('',#4810,#4809);
#4812=DIRECTION('',(4.547774575564E-1,0.E0,-8.906051112017E-1));
#4813=VECTOR('',#4812,2.105308164390E-1);
#4814=CARTESIAN_POINT('',(4.209586271881E1,3.1E1,2.437499821186E0));
#4815=LINE('',#4814,#4813);
#4816=DIRECTION('',(2.001232084928E-1,0.E0,-9.797707392153E-1));
#4817=VECTOR('',#4816,4.784286148444E-1);
#4818=CARTESIAN_POINT('',(4.200011804938E1,3.1E1,2.906250178814E0));
#4819=LINE('',#4818,#4817);
#4820=DIRECTION('',(0.E0,0.E0,-1.E0));
#4821=VECTOR('',#4820,5.625E-1);
#4822=CARTESIAN_POINT('',(4.200011804938E1,3.1E1,3.468750178814E0));
#4823=LINE('',#4822,#4821);
#4824=DIRECTION('',(-2.001234283435E-1,0.E0,-9.797706943097E-1));
#4825=VECTOR('',#4824,4.784280892544E-1);
#4826=CARTESIAN_POINT('',(4.209586271881E1,3.1E1,3.9375E0));
#4827=LINE('',#4826,#4825);
#4828=DIRECTION('',(-4.547774575564E-1,0.E0,-8.906051112017E-1));
#4829=VECTOR('',#4828,2.105308164390E-1);
#4830=CARTESIAN_POINT('',(4.219160738825E1,3.1E1,4.124999821186E0));
#4831=LINE('',#4830,#4829);
#4832=DIRECTION('',(-7.145098402051E-1,0.E0,-6.996253913704E-1));
#4833=VECTOR('',#4832,2.680010759195E-1);
#4834=CARTESIAN_POINT('',(4.238309679418E1,3.1E1,4.312500178814E0));
#4835=LINE('',#4834,#4833);
#4836=DIRECTION('',(-8.981387596046E-1,0.E0,-4.397121427660E-1));
#4837=VECTOR('',#4836,2.132068534255E-1);
#4838=CARTESIAN_POINT('',(4.257458613306E1,3.1E1,4.406249821186E0));
#4839=LINE('',#4838,#4837);
#4840=DIRECTION('',(-1.E0,0.E0,0.E0));
#4841=VECTOR('',#4840,3.829786777496E-1);
#4842=CARTESIAN_POINT('',(4.295756481081E1,3.1E1,4.406249821186E0));
#4843=LINE('',#4842,#4841);
#4844=DIRECTION('',(-8.981383235887E-1,0.E0,4.397130333538E-1));
#4845=VECTOR('',#4844,4.264140631810E-1);
#4846=CARTESIAN_POINT('',(4.334054362267E1,3.1E1,4.21875E0));
#4847=LINE('',#4846,#4845);
#4848=DIRECTION('',(-5.627909312417E-1,0.E0,8.265992787996E-1));
#4849=VECTOR('',#4848,3.402495105106E-1);
#4850=CARTESIAN_POINT('',(4.353203296154E1,3.1E1,3.9375E0));
#4851=LINE('',#4850,#4849);
#4852=DIRECTION('',(-1.677993286083E-1,0.E0,9.858211730931E-1));
#4853=VECTOR('',#4852,5.705903011143E-1);
#4854=CARTESIAN_POINT('',(4.362777763098E1,3.1E1,3.375E0));
#4855=LINE('',#4854,#4853);
#4856=DIRECTION('',(0.E0,0.E0,1.E0));
#4857=VECTOR('',#4856,3.750001788139E-1);
#4858=CARTESIAN_POINT('',(4.362777763098E1,3.1E1,2.999999821186E0));
#4859=LINE('',#4858,#4857);
#4860=DIRECTION('',(-1.E0,0.E0,0.E0));
#4861=VECTOR('',#4860,3.829786777496E-1);
#4862=CARTESIAN_POINT('',(4.401075630873E1,3.1E1,2.999999821186E0));
#4863=LINE('',#4862,#4861);
#4864=DIRECTION('',(0.E0,0.E0,-1.E0));
#4865=VECTOR('',#4864,3.750001788139E-1);
#4866=CARTESIAN_POINT('',(4.401075630873E1,3.1E1,3.375E0));
#4867=LINE('',#4866,#4865);
#4868=DIRECTION('',(-3.222637633772E-1,0.E0,-9.466499177700E-1));
#4869=VECTOR('',#4868,5.942006537380E-1);
#4870=CARTESIAN_POINT('',(4.420224564760E1,3.1E1,3.9375E0));
#4871=LINE('',#4870,#4869);
#4872=DIRECTION('',(-7.145107183351E-1,0.E0,-6.996244945571E-1));
#4873=VECTOR('',#4872,2.680006526998E-1);
#4874=CARTESIAN_POINT('',(4.439373498648E1,3.1E1,4.124999821186E0));
#4875=LINE('',#4874,#4873);
#4876=DIRECTION('',(-8.981377659536E-1,0.E0,-4.397141723527E-1));
#4877=VECTOR('',#4876,4.264141786121E-1);
#4878=CARTESIAN_POINT('',(4.477671366423E1,3.1E1,4.312500178814E0));
#4879=LINE('',#4878,#4877);
#4880=DIRECTION('',(-1.E0,0.E0,0.E0));
#4881=VECTOR('',#4880,1.914896070957E-1);
#4882=CARTESIAN_POINT('',(4.496820327132E1,3.1E1,4.312500178814E0));
#4883=LINE('',#4882,#4881);
#4884=DIRECTION('',(-8.373786433120E-1,0.E0,5.466232777014E-1));
#4885=VECTOR('',#4884,3.430156842503E-1);
#4886=CARTESIAN_POINT('',(4.525543727964E1,3.1E1,4.124999821186E0));
#4887=LINE('',#4886,#4885);
#4888=DIRECTION('',(-5.627909312417E-1,0.E0,8.265992787996E-1));
#4889=VECTOR('',#4888,3.402495105106E-1);
#4890=CARTESIAN_POINT('',(4.544692661851E1,3.1E1,3.843749821186E0));
#4891=LINE('',#4890,#4889);
#4892=DIRECTION('',(-2.001234283435E-1,0.E0,9.797706943097E-1));
#4893=VECTOR('',#4892,4.784280892544E-1);
#4894=CARTESIAN_POINT('',(4.554267128795E1,3.1E1,3.375E0));
#4895=LINE('',#4894,#4893);
#4896=DIRECTION('',(0.E0,0.E0,1.E0));
#4897=VECTOR('',#4896,3.750001788139E-1);
#4898=CARTESIAN_POINT('',(4.554267128795E1,3.1E1,2.999999821186E0));
#4899=LINE('',#4898,#4897);
#4900=DIRECTION('',(2.001234283435E-1,0.E0,9.797706943097E-1));
#4901=VECTOR('',#4900,4.784280892544E-1);
#4902=CARTESIAN_POINT('',(4.544692661851E1,3.1E1,2.53125E0));
#4903=LINE('',#4902,#4901);
#4904=DIRECTION('',(5.627909312417E-1,0.E0,8.265992787996E-1));
#4905=VECTOR('',#4904,3.402495105106E-1);
#4906=CARTESIAN_POINT('',(4.525543727964E1,3.1E1,2.25E0));
#4907=LINE('',#4906,#4905);
#4908=DIRECTION('',(8.373793591563E-1,0.E0,5.466221810895E-1));
#4909=VECTOR('',#4908,3.430153910190E-1);
#4910=CARTESIAN_POINT('',(4.496820327132E1,3.1E1,2.062500178814E0));
#4911=LINE('',#4910,#4909);
#4912=DIRECTION('',(0.E0,0.E0,1.E0));
#4913=VECTOR('',#4912,4.687503576279E-1);
#4914=CARTESIAN_POINT('',(4.496820327132E1,3.1E1,1.593749821186E0));
#4915=LINE('',#4914,#4913);
#4916=DIRECTION('',(-9.713210491251E-1,0.E0,-2.377717803411E-1));
#4917=VECTOR('',#4916,3.942863979882E-1);
#4918=CARTESIAN_POINT('',(4.535118194907E1,3.1E1,1.6875E0));
#4919=LINE('',#4918,#4917);
#4920=DIRECTION('',(-7.145102180353E-1,0.E0,-6.996250055017E-1));
#4921=VECTOR('',#4920,5.360016807076E-1);
#4922=CARTESIAN_POINT('',(4.573416062682E1,3.1E1,2.062500178814E0));
#4923=LINE('',#4922,#4921);
#4924=DIRECTION('',(-4.547774575564E-1,0.E0,-8.906051112017E-1));
#4925=VECTOR('',#4924,4.210616328781E-1);
#4926=CARTESIAN_POINT('',(4.592564996570E1,3.1E1,2.437499821186E0));
#4927=LINE('',#4926,#4925);
#4928=DIRECTION('',(-1.443681923971E-1,0.E0,-9.895240396393E-1));
#4929=VECTOR('',#4928,6.631978128123E-1);
#4930=CARTESIAN_POINT('',(4.602139463513E1,3.1E1,3.09375E0));
#4931=LINE('',#4930,#4929);
#4932=DIRECTION('',(0.E0,0.E0,-1.E0));
#4933=VECTOR('',#4932,1.874998211861E-1);
#4934=CARTESIAN_POINT('',(4.602139463513E1,3.1E1,3.281249821186E0));
#4935=LINE('',#4934,#4933);
#4936=DIRECTION('',(1.443681923971E-1,0.E0,-9.895240396393E-1));
#4937=VECTOR('',#4936,6.631978128123E-1);
#4938=CARTESIAN_POINT('',(4.592564996570E1,3.1E1,3.9375E0));
#4939=LINE('',#4938,#4937);
#4940=DIRECTION('',(4.547769415434E-1,0.E0,-8.906053746977E-1));
#4941=VECTOR('',#4940,4.210621106359E-1);
#4942=CARTESIAN_POINT('',(4.573416062682E1,3.1E1,4.312500178814E0));
#4943=LINE('',#4942,#4941);
#4944=DIRECTION('',(7.145102180353E-1,0.E0,-6.996250055017E-1));
#4945=VECTOR('',#4944,5.360016807076E-1);
#4946=CARTESIAN_POINT('',(4.535118194907E1,3.1E1,4.687500357628E0));
#4947=LINE('',#4946,#4945);
#4948=DIRECTION('',(9.713213633444E-1,0.E0,-2.377704967206E-1));
#4949=VECTOR('',#4948,3.942862704378E-1);
#4950=CARTESIAN_POINT('',(4.496820327132E1,3.1E1,4.78125E0));
#4951=LINE('',#4950,#4949);
#4952=DIRECTION('',(1.E0,0.E0,0.E0));
#4953=VECTOR('',#4952,1.914896070957E-1);
#4954=CARTESIAN_POINT('',(4.477671366423E1,3.1E1,4.78125E0));
#4955=LINE('',#4954,#4953);
#4956=DIRECTION('',(9.713213633444E-1,0.E0,2.377704967206E-1));
#4957=VECTOR('',#4956,3.942862704378E-1);
#4958=CARTESIAN_POINT('',(4.439373498648E1,3.1E1,4.687500357628E0));
#4959=LINE('',#4958,#4957);
#4960=DIRECTION('',(8.373786433120E-1,0.E0,5.466232777014E-1));
#4961=VECTOR('',#4960,3.430156842503E-1);
#4962=CARTESIAN_POINT('',(4.410650097817E1,3.1E1,4.5E0));
#4963=LINE('',#4962,#4961);
#4964=DIRECTION('',(6.080766493621E-1,0.E0,7.938783209665E-1));
#4965=VECTOR('',#4964,4.723648056763E-1);
#4966=CARTESIAN_POINT('',(4.381926696985E1,3.1E1,4.124999821186E0));
#4967=LINE('',#4966,#4965);
#4968=DIRECTION('',(3.781727181043E-1,0.E0,-9.257350567423E-1));
#4969=VECTOR('',#4968,5.063541860839E-1);
#4970=CARTESIAN_POINT('',(4.362777763098E1,3.1E1,4.593749642372E0));
#4971=LINE('',#4970,#4969);
#4972=DIRECTION('',(8.373786433120E-1,0.E0,-5.466232777014E-1));
#4973=VECTOR('',#4972,3.430156842503E-1);
#4974=CARTESIAN_POINT('',(4.334054362267E1,3.1E1,4.78125E0));
#4975=LINE('',#4974,#4973);
#4976=DIRECTION('',(9.713213825738E-1,0.E0,-2.377704181660E-1));
#4977=VECTOR('',#4976,3.942864007022E-1);
#4978=CARTESIAN_POINT('',(4.295756481081E1,3.1E1,4.874999642372E0));
#4979=LINE('',#4978,#4977);
#4980=DIRECTION('',(1.E0,0.E0,0.E0));
#4981=VECTOR('',#4980,3.829786777496E-1);
#4982=CARTESIAN_POINT('',(4.257458613306E1,3.1E1,4.874999642372E0));
#4983=LINE('',#4982,#4981);
#4984=DIRECTION('',(9.506455626052E-1,0.E0,3.102789298341E-1));
#4985=VECTOR('',#4984,3.021463378846E-1);
#4986=CARTESIAN_POINT('',(4.228735205769E1,3.1E1,4.78125E0));
#4987=LINE('',#4986,#4985);
#4988=DIRECTION('',(1.E0,0.E0,0.E0));
#4989=VECTOR('',#4988,4.787234142423E-1);
#4990=CARTESIAN_POINT('',(4.152139463513E1,3.1E1,6.093750357628E0));
#4991=LINE('',#4990,#4989);
#4992=DIRECTION('',(0.E0,0.E0,1.E0));
#4993=VECTOR('',#4992,4.687503576279E-1);
#4994=CARTESIAN_POINT('',(4.152139463513E1,3.1E1,5.625E0));
#4995=LINE('',#4994,#4993);
#4996=DIRECTION('',(-1.E0,0.E0,0.E0));
#4997=VECTOR('',#4996,4.787234142423E-1);
#4998=CARTESIAN_POINT('',(4.200011804938E1,3.1E1,5.625E0));
#4999=LINE('',#4998,#4997);
#5000=DIRECTION('',(0.E0,0.E0,-1.E0));
#5001=VECTOR('',#5000,4.687503576279E-1);
#5002=CARTESIAN_POINT('',(4.200011804938E1,3.1E1,6.093750357628E0));
#5003=LINE('',#5002,#5001);
#5004=DIRECTION('',(6.080771975856E-1,0.E0,7.938779010506E-1));
#5005=VECTOR('',#5004,4.723643798069E-1);
#5006=CARTESIAN_POINT('',(4.353203296154E1,3.1E1,7.500000357628E0));
#5007=LINE('',#5006,#5005);
#5008=DIRECTION('',(0.E0,0.E0,1.E0));
#5009=VECTOR('',#5008,6.562507152557E-1);
#5010=CARTESIAN_POINT('',(4.353203296154E1,3.1E1,6.843749642372E0));
#5011=LINE('',#5010,#5009);
#5012=DIRECTION('',(-1.E0,0.E0,0.E0));
#5013=VECTOR('',#5012,2.489361673594E0);
#5014=CARTESIAN_POINT('',(4.602139463513E1,3.1E1,6.843749642372E0));
#5015=LINE('',#5014,#5013);
#5016=DIRECTION('',(0.E0,0.E0,-1.E0));
#5017=VECTOR('',#5016,3.187500715256E0);
#5018=CARTESIAN_POINT('',(4.602139463513E1,3.1E1,1.003125035763E1));
#5019=LINE('',#5018,#5017);
#5020=DIRECTION('',(1.E0,0.E0,0.E0));
#5021=VECTOR('',#5020,4.787233471870E-1);
#5022=CARTESIAN_POINT('',(4.554267128795E1,3.1E1,1.003125035763E1));
#5023=LINE('',#5022,#5021);
#5024=DIRECTION('',(0.E0,0.E0,1.E0));
#5025=VECTOR('',#5024,2.718750357628E0);
#5026=CARTESIAN_POINT('',(4.554267128795E1,3.1E1,7.3125E0));
#5027=LINE('',#5026,#5025);
#5028=DIRECTION('',(1.E0,0.E0,0.E0));
#5029=VECTOR('',#5028,1.531914979219E0);
#5030=CARTESIAN_POINT('',(4.401075630873E1,3.1E1,7.3125E0));
#5031=LINE('',#5030,#5029);
#5032=DIRECTION('',(-5.224766387895E-1,0.E0,-8.526536001913E-1));
#5033=VECTOR('',#5032,5.497547392314E-1);
#5034=CARTESIAN_POINT('',(4.429799031704E1,3.1E1,7.781250357628E0));
#5035=LINE('',#5034,#5033);
#5036=DIRECTION('',(-2.001236481946E-1,0.E0,-9.797706494039E-1));
#5037=VECTOR('',#5036,4.784275636645E-1);
#5038=CARTESIAN_POINT('',(4.439373498648E1,3.1E1,8.249999642372E0));
#5039=LINE('',#5038,#5037);
#5040=DIRECTION('',(0.E0,0.E0,-1.E0));
#5041=VECTOR('',#5040,5.625E-1);
#5042=CARTESIAN_POINT('',(4.439373498648E1,3.1E1,8.812499642372E0));
#5043=LINE('',#5042,#5041);
#5044=DIRECTION('',(2.001232084928E-1,0.E0,-9.797707392153E-1));
#5045=VECTOR('',#5044,4.784286148444E-1);
#5046=CARTESIAN_POINT('',(4.429799031704E1,3.1E1,9.28125E0));
#5047=LINE('',#5046,#5045);
#5048=DIRECTION('',(5.224766387895E-1,0.E0,-8.526536001913E-1));
#5049=VECTOR('',#5048,5.497547392314E-1);
#5050=CARTESIAN_POINT('',(4.401075630873E1,3.1E1,9.750000357628E0));
#5051=LINE('',#5050,#5049);
#5052=DIRECTION('',(8.060043958311E-1,0.E0,-5.919095487496E-1));
#5053=VECTOR('',#5052,4.751570583616E-1);
#5054=CARTESIAN_POINT('',(4.362777763098E1,3.1E1,1.003125035763E1));
#5055=LINE('',#5054,#5053);
#5056=DIRECTION('',(9.311287431085E-1,0.E0,-3.646906411703E-1));
#5057=VECTOR('',#5056,5.141324278094E-1);
#5058=CARTESIAN_POINT('',(4.314905414968E1,3.1E1,1.021874964237E1));
#5059=LINE('',#5058,#5057);
#5060=DIRECTION('',(1.E0,0.E0,0.E0));
#5061=VECTOR('',#5060,3.829786777496E-1);
#5062=CARTESIAN_POINT('',(4.276607547193E1,3.1E1,1.021874964237E1));
#5063=LINE('',#5062,#5061);
#5064=DIRECTION('',(9.311287257622E-1,0.E0,3.646906854589E-1));
#5065=VECTOR('',#5064,5.141323653724E-1);
#5066=CARTESIAN_POINT('',(4.228735205769E1,3.1E1,1.003125035763E1));
#5067=LINE('',#5066,#5065);
#5068=DIRECTION('',(8.060044205527E-1,0.E0,5.919095150862E-1));
#5069=VECTOR('',#5068,4.751570853850E-1);
#5070=CARTESIAN_POINT('',(4.190437334641E1,3.1E1,9.750000357628E0));
#5071=LINE('',#5070,#5069);
#5072=DIRECTION('',(5.224766720432E-1,0.E0,8.526535798146E-1));
#5073=VECTOR('',#5072,5.497547523694E-1);
#5074=CARTESIAN_POINT('',(4.161713931295E1,3.1E1,9.28125E0));
#5075=LINE('',#5074,#5073);
#5076=DIRECTION('',(2.001232253108E-1,0.E0,9.797707357802E-1));
#5077=VECTOR('',#5076,4.784286165218E-1);
#5078=CARTESIAN_POINT('',(4.152139463513E1,3.1E1,8.812499642372E0));
#5079=LINE('',#5078,#5077);
#5080=DIRECTION('',(0.E0,0.E0,1.E0));
#5081=VECTOR('',#5080,5.625E-1);
#5082=CARTESIAN_POINT('',(4.152139463513E1,3.1E1,8.249999642372E0));
#5083=LINE('',#5082,#5081);
#5084=DIRECTION('',(-2.001236650127E-1,0.E0,9.797706459687E-1));
#5085=VECTOR('',#5084,4.784275653419E-1);
#5086=CARTESIAN_POINT('',(4.161713931295E1,3.1E1,7.781250357628E0));
#5087=LINE('',#5086,#5085);
#5088=DIRECTION('',(-5.224766720432E-1,0.E0,8.526535798146E-1));
#5089=VECTOR('',#5088,5.497547523694E-1);
#5090=CARTESIAN_POINT('',(4.190437334641E1,3.1E1,7.3125E0));
#5091=LINE('',#5090,#5089);
#5092=DIRECTION('',(-8.060044205527E-1,0.E0,5.919095150862E-1));
#5093=VECTOR('',#5092,4.751570853850E-1);
#5094=CARTESIAN_POINT('',(4.228735205769E1,3.1E1,7.03125E0));
#5095=LINE('',#5094,#5093);
#5096=DIRECTION('',(-8.981377963584E-1,0.E0,4.397141102494E-1));
#5097=VECTOR('',#5096,4.264142388369E-1);
#5098=CARTESIAN_POINT('',(4.267033080249E1,3.1E1,6.843749642372E0));
#5099=LINE('',#5098,#5097);
#5100=DIRECTION('',(0.E0,0.E0,-1.E0));
#5101=VECTOR('',#5100,5.625E-1);
#5102=CARTESIAN_POINT('',(4.267033080249E1,3.1E1,7.406249642372E0));
#5103=LINE('',#5102,#5101);
#5104=DIRECTION('',(8.981377963584E-1,0.E0,-4.397141102494E-1));
#5105=VECTOR('',#5104,4.264142388369E-1);
#5106=CARTESIAN_POINT('',(4.228735205769E1,3.1E1,7.59375E0));
#5107=LINE('',#5106,#5105);
#5108=DIRECTION('',(5.627909312417E-1,0.E0,-8.265992787996E-1));
#5109=VECTOR('',#5108,3.402495105106E-1);
#5110=CARTESIAN_POINT('',(4.209586271881E1,3.1E1,7.875E0));
#5111=LINE('',#5110,#5109);
#5112=DIRECTION('',(2.473834390653E-1,0.E0,-9.689176611437E-1));
#5113=VECTOR('',#5112,3.870294220145E-1);
#5114=CARTESIAN_POINT('',(4.200011804938E1,3.1E1,8.249999642372E0));
#5115=LINE('',#5114,#5113);
#5116=DIRECTION('',(0.E0,0.E0,-1.E0));
#5117=VECTOR('',#5116,5.625E-1);
#5118=CARTESIAN_POINT('',(4.200011804938E1,3.1E1,8.812499642372E0));
#5119=LINE('',#5118,#5117);
#5120=DIRECTION('',(-2.473827746112E-1,0.E0,-9.689178307915E-1));
#5121=VECTOR('',#5120,3.870304615505E-1);
#5122=CARTESIAN_POINT('',(4.209586271881E1,3.1E1,9.187500357628E0));
#5123=LINE('',#5122,#5121);
#5124=DIRECTION('',(-5.627909312417E-1,0.E0,-8.265992787996E-1));
#5125=VECTOR('',#5124,3.402495105106E-1);
#5126=CARTESIAN_POINT('',(4.228735205769E1,3.1E1,9.468750357628E0));
#5127=LINE('',#5126,#5125);
#5128=DIRECTION('',(-8.373801334110E-1,0.E0,-5.466209949943E-1));
#5129=VECTOR('',#5128,3.430151539390E-1);
#5130=CARTESIAN_POINT('',(4.257458613306E1,3.1E1,9.656249642372E0));
#5131=LINE('',#5130,#5129);
#5132=DIRECTION('',(-9.506444938501E-1,0.E0,-3.102822043116E-1));
#5133=VECTOR('',#5132,3.021466070339E-1);
#5134=CARTESIAN_POINT('',(4.286182014137E1,3.1E1,9.750000357628E0));
#5135=LINE('',#5134,#5133);
#5136=DIRECTION('',(-1.E0,0.E0,0.E0));
#5137=VECTOR('',#5136,1.914893388748E-1);
#5138=CARTESIAN_POINT('',(4.305330948024E1,3.1E1,9.750000357628E0));
#5139=LINE('',#5138,#5137);
#5140=DIRECTION('',(-9.506445365826E-1,0.E0,3.102820733875E-1));
#5141=VECTOR('',#5140,3.021467345252E-1);
#5142=CARTESIAN_POINT('',(4.334054362267E1,3.1E1,9.656249642372E0));
#5143=LINE('',#5142,#5141);
#5144=DIRECTION('',(-8.373800750004E-1,0.E0,5.466210844748E-1));
#5145=VECTOR('',#5144,3.430150977883E-1);
#5146=CARTESIAN_POINT('',(4.362777763098E1,3.1E1,9.468750357628E0));
#5147=LINE('',#5146,#5145);
#5148=DIRECTION('',(-5.627909312417E-1,0.E0,8.265992787996E-1));
#5149=VECTOR('',#5148,3.402495105106E-1);
#5150=CARTESIAN_POINT('',(4.381926696985E1,3.1E1,9.187500357628E0));
#5151=LINE('',#5150,#5149);
#5152=DIRECTION('',(-2.473827746112E-1,0.E0,9.689178307915E-1));
#5153=VECTOR('',#5152,3.870304615505E-1);
#5154=CARTESIAN_POINT('',(4.391501163929E1,3.1E1,8.812499642372E0));
#5155=LINE('',#5154,#5153);
#5156=DIRECTION('',(0.E0,0.E0,1.E0));
#5157=VECTOR('',#5156,5.625E-1);
#5158=CARTESIAN_POINT('',(4.391501163929E1,3.1E1,8.249999642372E0));
#5159=LINE('',#5158,#5157);
#5160=DIRECTION('',(2.473834390653E-1,0.E0,9.689176611437E-1));
#5161=VECTOR('',#5160,3.870294220145E-1);
#5162=CARTESIAN_POINT('',(4.381926696985E1,3.1E1,7.875E0));
#5163=LINE('',#5162,#5161);
#5164=DIRECTION('',(1.E0,0.E0,0.E0));
#5165=VECTOR('',#5164,4.5E0);
#5166=CARTESIAN_POINT('',(1.766629447663E1,3.1E1,-3.375E0));
#5167=LINE('',#5166,#5165);
#5168=DIRECTION('',(0.E0,0.E0,1.E0));
#5169=VECTOR('',#5168,5.625E-1);
#5170=CARTESIAN_POINT('',(1.766629447663E1,3.1E1,-3.9375E0));
#5171=LINE('',#5170,#5169);
#5172=DIRECTION('',(-1.E0,0.E0,0.E0));
#5173=VECTOR('',#5172,3.734042644501E0);
#5174=CARTESIAN_POINT('',(2.140033712113E1,3.1E1,-3.9375E0));
#5175=LINE('',#5174,#5173);
#5176=DIRECTION('',(7.659743427825E-1,0.E0,6.428711427642E-1));
#5177=VECTOR('',#5176,8.749809449859E-1);
#5178=CARTESIAN_POINT('',(2.073012416684E1,3.1E1,-4.5E0));
#5179=LINE('',#5178,#5177);
#5180=DIRECTION('',(-1.E0,0.E0,0.E0));
#5181=VECTOR('',#5180,7.659576237202E-1);
#5182=CARTESIAN_POINT('',(2.149608179056E1,3.1E1,-4.5E0));
#5183=LINE('',#5182,#5181);
#5184=DIRECTION('',(-7.659742160926E-1,0.E0,-6.428712937139E-1));
#5185=VECTOR('',#5184,8.749807395356E-1);
#5186=CARTESIAN_POINT('',(2.216629447663E1,3.1E1,-3.9375E0));
#5187=LINE('',#5186,#5185);
#5188=DIRECTION('',(0.E0,0.E0,-1.E0));
#5189=VECTOR('',#5188,5.625E-1);
#5190=CARTESIAN_POINT('',(2.216629447663E1,3.1E1,-3.375E0));
#5191=LINE('',#5190,#5189);
#5192=DIRECTION('',(6.080769234738E-1,0.E0,7.938781110087E-1));
#5193=VECTOR('',#5192,4.723645927415E-1);
#5194=CARTESIAN_POINT('',(1.967693280303E1,3.1E1,-1.96875E0));
#5195=LINE('',#5194,#5193);
#5196=DIRECTION('',(0.E0,0.E0,1.E0));
#5197=VECTOR('',#5196,6.562500447035E-1);
#5198=CARTESIAN_POINT('',(1.967693280303E1,3.1E1,-2.625000044703E0));
#5199=LINE('',#5198,#5197);
#5200=DIRECTION('',(-1.E0,0.E0,0.E0));
#5201=VECTOR('',#5200,2.489361673594E0);
#5202=CARTESIAN_POINT('',(2.216629447663E1,3.1E1,-2.625000044703E0));
#5203=LINE('',#5202,#5201);
#5204=DIRECTION('',(0.E0,0.E0,-1.E0));
#5205=VECTOR('',#5204,3.187500044703E0);
#5206=CARTESIAN_POINT('',(2.216629447663E1,3.1E1,5.625E-1));
#5207=LINE('',#5206,#5205);
#5208=DIRECTION('',(1.E0,0.E0,0.E0));
#5209=VECTOR('',#5208,4.787233471870E-1);
#5210=CARTESIAN_POINT('',(2.168757112944E1,3.1E1,5.625E-1));
#5211=LINE('',#5210,#5209);
#5212=DIRECTION('',(0.E0,0.E0,1.E0));
#5213=VECTOR('',#5212,2.718750089407E0);
#5214=CARTESIAN_POINT('',(2.168757112944E1,3.1E1,-2.156250089407E0));
#5215=LINE('',#5214,#5213);
#5216=DIRECTION('',(1.E0,0.E0,0.E0));
#5217=VECTOR('',#5216,1.531914979219E0);
#5218=CARTESIAN_POINT('',(2.015565615022E1,3.1E1,-2.156250089407E0));
#5219=LINE('',#5218,#5217);
#5220=DIRECTION('',(-5.224768561414E-1,0.E0,-8.526534670056E-1));
#5221=VECTOR('',#5220,5.497545105319E-1);
#5222=CARTESIAN_POINT('',(2.044289015853E1,3.1E1,-1.6875E0));
#5223=LINE('',#5222,#5221);
#5224=DIRECTION('',(-2.001233184181E-1,0.E0,-9.797707167625E-1));
#5225=VECTOR('',#5224,4.784283520494E-1);
#5226=CARTESIAN_POINT('',(2.053863482797E1,3.1E1,-1.218749910593E0));
#5227=LINE('',#5226,#5225);
#5228=DIRECTION('',(0.E0,0.E0,-1.E0));
#5229=VECTOR('',#5228,5.625E-1);
#5230=CARTESIAN_POINT('',(2.053863482797E1,3.1E1,-6.562499105930E-1));
#5231=LINE('',#5230,#5229);
#5232=DIRECTION('',(2.001234283435E-1,0.E0,-9.797706943097E-1));
#5233=VECTOR('',#5232,4.784280892544E-1);
#5234=CARTESIAN_POINT('',(2.044289015853E1,3.1E1,-1.875000894070E-1));
#5235=LINE('',#5234,#5233);
#5236=DIRECTION('',(5.224768561414E-1,0.E0,-8.526534670056E-1));
#5237=VECTOR('',#5236,5.497545105319E-1);
#5238=CARTESIAN_POINT('',(2.015565615022E1,3.1E1,2.8125E-1));
#5239=LINE('',#5238,#5237);
#5240=DIRECTION('',(8.060043958311E-1,0.E0,-5.919095487496E-1));
#5241=VECTOR('',#5240,4.751570583616E-1);
#5242=CARTESIAN_POINT('',(1.977267747247E1,3.1E1,5.625E-1));
#5243=LINE('',#5242,#5241);
#5244=DIRECTION('',(9.311283887994E-1,0.E0,-3.646915457917E-1));
#5245=VECTOR('',#5244,5.141326234450E-1);
#5246=CARTESIAN_POINT('',(1.929395399117E1,3.1E1,7.499998211861E-1));
#5247=LINE('',#5246,#5245);
#5248=DIRECTION('',(1.E0,0.E0,0.E0));
#5249=VECTOR('',#5248,3.829786777496E-1);
#5250=CARTESIAN_POINT('',(1.891097531342E1,3.1E1,7.499998211861E-1));
#5251=LINE('',#5250,#5249);
#5252=DIRECTION('',(9.311283714530E-1,0.E0,3.646915900803E-1));
#5253=VECTOR('',#5252,5.141325610079E-1);
#5254=CARTESIAN_POINT('',(1.843225189918E1,3.1E1,5.625E-1));
#5255=LINE('',#5254,#5253);
#5256=DIRECTION('',(8.060044205527E-1,0.E0,5.919095150862E-1));
#5257=VECTOR('',#5256,4.751570853850E-1);
#5258=CARTESIAN_POINT('',(1.804927318790E1,3.1E1,2.8125E-1));
#5259=LINE('',#5258,#5257);
#5260=DIRECTION('',(5.224768893951E-1,0.E0,8.526534466288E-1));
#5261=VECTOR('',#5260,5.497545236699E-1);
#5262=CARTESIAN_POINT('',(1.776203915445E1,3.1E1,-1.875000894070E-1));
#5263=LINE('',#5262,#5261);
#5264=DIRECTION('',(2.001234451615E-1,0.E0,9.797706908745E-1));
#5265=VECTOR('',#5264,4.784280909318E-1);
#5266=CARTESIAN_POINT('',(1.766629447663E1,3.1E1,-6.562499105930E-1));
#5267=LINE('',#5266,#5265);
#5268=DIRECTION('',(0.E0,0.E0,1.E0));
#5269=VECTOR('',#5268,5.625E-1);
#5270=CARTESIAN_POINT('',(1.766629447663E1,3.1E1,-1.218749910593E0));
#5271=LINE('',#5270,#5269);
#5272=DIRECTION('',(-2.001233352361E-1,0.E0,9.797707133274E-1));
#5273=VECTOR('',#5272,4.784283537268E-1);
#5274=CARTESIAN_POINT('',(1.776203915445E1,3.1E1,-1.6875E0));
#5275=LINE('',#5274,#5273);
#5276=DIRECTION('',(-5.224768893951E-1,0.E0,8.526534466288E-1));
#5277=VECTOR('',#5276,5.497545236699E-1);
#5278=CARTESIAN_POINT('',(1.804927318790E1,3.1E1,-2.156250089407E0));
#5279=LINE('',#5278,#5277);
#5280=DIRECTION('',(-8.060045552063E-1,0.E0,5.919093317280E-1));
#5281=VECTOR('',#5280,4.751570060038E-1);
#5282=CARTESIAN_POINT('',(1.843225189918E1,3.1E1,-2.437499955297E0));
#5283=LINE('',#5282,#5281);
#5284=DIRECTION('',(-8.981380447713E-1,0.E0,4.397136028534E-1));
#5285=VECTOR('',#5284,4.264141208965E-1);
#5286=CARTESIAN_POINT('',(1.881523064399E1,3.1E1,-2.625000044703E0));
#5287=LINE('',#5286,#5285);
#5288=DIRECTION('',(0.E0,0.E0,-1.E0));
#5289=VECTOR('',#5288,5.625001341105E-1);
#5290=CARTESIAN_POINT('',(1.881523064399E1,3.1E1,-2.062499910593E0));
#5291=LINE('',#5290,#5289);
#5292=DIRECTION('',(8.981382931841E-1,0.E0,-4.397130954570E-1));
#5293=VECTOR('',#5292,4.264140029562E-1);
#5294=CARTESIAN_POINT('',(1.843225189918E1,3.1E1,-1.875000089407E0));
#5295=LINE('',#5294,#5293);
#5296=DIRECTION('',(5.627909312417E-1,0.E0,-8.265992787996E-1));
#5297=VECTOR('',#5296,3.402495105106E-1);
#5298=CARTESIAN_POINT('',(1.824076256031E1,3.1E1,-1.593750089407E0));
#5299=LINE('',#5298,#5297);
#5300=DIRECTION('',(2.473831068378E-1,0.E0,-9.689177459678E-1));
#5301=VECTOR('',#5300,3.870299417825E-1);
#5302=CARTESIAN_POINT('',(1.814501789087E1,3.1E1,-1.218749910593E0));
#5303=LINE('',#5302,#5301);
#5304=DIRECTION('',(0.E0,0.E0,-1.E0));
#5305=VECTOR('',#5304,5.625E-1);
#5306=CARTESIAN_POINT('',(1.814501789087E1,3.1E1,-6.562499105930E-1));
#5307=LINE('',#5306,#5305);
#5308=DIRECTION('',(-2.473832729514E-1,0.E0,-9.689177035558E-1));
#5309=VECTOR('',#5308,3.870296818985E-1);
#5310=CARTESIAN_POINT('',(1.824076256031E1,3.1E1,-2.8125E-1));
#5311=LINE('',#5310,#5309);
#5312=DIRECTION('',(-5.627909312417E-1,0.E0,-8.265992787996E-1));
#5313=VECTOR('',#5312,3.402495105106E-1);
#5314=CARTESIAN_POINT('',(1.843225189918E1,3.1E1,0.E0));
#5315=LINE('',#5314,#5313);
#5316=DIRECTION('',(-8.373794175671E-1,0.E0,-5.466220916090E-1));
#5317=VECTOR('',#5316,3.430154471697E-1);
#5318=CARTESIAN_POINT('',(1.871948597455E1,3.1E1,1.874998211861E-1));
#5319=LINE('',#5318,#5317);
#5320=DIRECTION('',(-9.506450175458E-1,0.E0,-3.102805998049E-1));
#5321=VECTOR('',#5320,3.021464405859E-1);
#5322=CARTESIAN_POINT('',(1.900671998286E1,3.1E1,2.8125E-1));
#5323=LINE('',#5322,#5321);
#5324=DIRECTION('',(-1.E0,0.E0,0.E0));
#5325=VECTOR('',#5324,1.914893388748E-1);
#5326=CARTESIAN_POINT('',(1.919820932173E1,3.1E1,2.8125E-1));
#5327=LINE('',#5326,#5325);
#5328=DIRECTION('',(-9.506450602779E-1,0.E0,3.102804688813E-1));
#5329=VECTOR('',#5328,3.021465680774E-1);
#5330=CARTESIAN_POINT('',(1.948544346416E1,3.1E1,1.874998211861E-1));
#5331=LINE('',#5330,#5329);
#5332=DIRECTION('',(-8.373793591563E-1,0.E0,5.466221810895E-1));
#5333=VECTOR('',#5332,3.430153910190E-1);
#5334=CARTESIAN_POINT('',(1.977267747247E1,3.1E1,0.E0));
#5335=LINE('',#5334,#5333);
#5336=DIRECTION('',(-5.627909312417E-1,0.E0,8.265992787996E-1));
#5337=VECTOR('',#5336,3.402495105106E-1);
#5338=CARTESIAN_POINT('',(1.996416681134E1,3.1E1,-2.8125E-1));
#5339=LINE('',#5338,#5337);
#5340=DIRECTION('',(-2.473832729514E-1,0.E0,9.689177035558E-1));
#5341=VECTOR('',#5340,3.870296818985E-1);
#5342=CARTESIAN_POINT('',(2.005991148078E1,3.1E1,-6.562499105930E-1));
#5343=LINE('',#5342,#5341);
#5344=DIRECTION('',(0.E0,0.E0,1.E0));
#5345=VECTOR('',#5344,5.625E-1);
#5346=CARTESIAN_POINT('',(2.005991148078E1,3.1E1,-1.218749910593E0));
#5347=LINE('',#5346,#5345);
#5348=DIRECTION('',(2.473831068378E-1,0.E0,9.689177459678E-1));
#5349=VECTOR('',#5348,3.870299417825E-1);
#5350=CARTESIAN_POINT('',(1.996416681134E1,3.1E1,-1.593750089407E0));
#5351=LINE('',#5350,#5349);
#5352=DIRECTION('',(1.E0,0.E0,0.E0));
#5353=VECTOR('',#5352,4.787233471870E-1);
#5354=CARTESIAN_POINT('',(2.168757112944E1,3.1E1,4.874999642372E0));
#5355=LINE('',#5354,#5353);
#5356=DIRECTION('',(9.063209321251E-1,0.E0,4.225900708629E-1));
#5357=VECTOR('',#5356,4.436923511613E0);
#5358=CARTESIAN_POINT('',(1.766629447663E1,3.1E1,2.999999821186E0));
#5359=LINE('',#5358,#5357);
#5360=DIRECTION('',(0.E0,0.E0,1.E0));
#5361=VECTOR('',#5360,5.625E-1);
#5362=CARTESIAN_POINT('',(1.766629447663E1,3.1E1,2.437499821186E0));
#5363=LINE('',#5362,#5361);
#5364=DIRECTION('',(-9.063208858186E-1,0.E0,-4.225901701756E-1));
#5365=VECTOR('',#5364,4.436923738308E0);
#5366=CARTESIAN_POINT('',(2.168757112944E1,3.1E1,4.312500178814E0));
#5367=LINE('',#5366,#5365);
#5368=DIRECTION('',(0.E0,0.E0,1.E0));
#5369=VECTOR('',#5368,2.8125E0);
#5370=CARTESIAN_POINT('',(2.168757112944E1,3.1E1,1.500000178814E0));
#5371=LINE('',#5370,#5369);
#5372=DIRECTION('',(-1.E0,0.E0,0.E0));
#5373=VECTOR('',#5372,4.787233471870E-1);
#5374=CARTESIAN_POINT('',(2.216629447663E1,3.1E1,1.500000178814E0));
#5375=LINE('',#5374,#5373);
#5376=DIRECTION('',(0.E0,0.E0,-1.E0));
#5377=VECTOR('',#5376,3.374999463558E0);
#5378=CARTESIAN_POINT('',(2.216629447663E1,3.1E1,4.874999642372E0));
#5379=LINE('',#5378,#5377);
#5380=DIRECTION('',(0.E0,1.E0,0.E0));
#5381=VECTOR('',#5380,1.E0);
#5382=CARTESIAN_POINT('',(8.075319149792E1,3.E1,-4.312499994412E0));
#5383=LINE('',#5382,#5381);
#5384=DIRECTION('',(0.E0,1.E0,0.E0));
#5385=VECTOR('',#5384,1.E0);
#5386=CARTESIAN_POINT('',(8.075319149792E1,3.E1,-3.843750022352E0));
#5387=LINE('',#5386,#5385);
#5388=DIRECTION('',(0.E0,1.E0,0.E0));
#5389=VECTOR('',#5388,1.E0);
#5390=CARTESIAN_POINT('',(8.046595742255E1,3.E1,-3.65625E0));
#5391=LINE('',#5390,#5389);
#5392=DIRECTION('',(0.E0,1.E0,0.E0));
#5393=VECTOR('',#5392,1.E0);
#5394=CARTESIAN_POINT('',(8.027446808368E1,3.E1,-3.375E0));
#5395=LINE('',#5394,#5393);
#5396=DIRECTION('',(0.E0,1.E0,0.E0));
#5397=VECTOR('',#5396,1.E0);
#5398=CARTESIAN_POINT('',(8.017872341424E1,3.E1,-3.09375E0));
#5399=LINE('',#5398,#5397);
#5400=DIRECTION('',(0.E0,1.E0,0.E0));
#5401=VECTOR('',#5400,1.E0);
#5402=CARTESIAN_POINT('',(8.017872341424E1,3.E1,-2.53125E0));
#5403=LINE('',#5402,#5401);
#5404=DIRECTION('',(0.E0,1.E0,0.E0));
#5405=VECTOR('',#5404,1.E0);
#5406=CARTESIAN_POINT('',(8.027446808368E1,3.E1,-2.25E0));
#5407=LINE('',#5406,#5405);
#5408=DIRECTION('',(0.E0,1.E0,0.E0));
#5409=VECTOR('',#5408,1.E0);
#5410=CARTESIAN_POINT('',(8.046595742255E1,3.E1,-1.96875E0));
#5411=LINE('',#5410,#5409);
#5412=DIRECTION('',(0.E0,1.E0,0.E0));
#5413=VECTOR('',#5412,1.E0);
#5414=CARTESIAN_POINT('',(8.075319149792E1,3.E1,-1.781249910593E0));
#5415=LINE('',#5414,#5413);
#5416=DIRECTION('',(0.E0,1.E0,0.E0));
#5417=VECTOR('',#5416,1.E0);
#5418=CARTESIAN_POINT('',(8.104042550623E1,3.E1,-1.6875E0));
#5419=LINE('',#5418,#5417);
#5420=DIRECTION('',(0.E0,1.E0,0.E0));
#5421=VECTOR('',#5420,1.E0);
#5422=CARTESIAN_POINT('',(8.161489365697E1,3.E1,-1.593750089407E0));
#5423=LINE('',#5422,#5421);
#5424=DIRECTION('',(0.E0,1.E0,0.E0));
#5425=VECTOR('',#5424,1.E0);
#5426=CARTESIAN_POINT('',(8.180638299584E1,3.E1,-1.593750089407E0));
#5427=LINE('',#5426,#5425);
#5428=DIRECTION('',(0.E0,1.E0,0.E0));
#5429=VECTOR('',#5428,1.E0);
#5430=CARTESIAN_POINT('',(8.142340431809E1,3.E1,-2.156250089407E0));
#5431=LINE('',#5430,#5429);
#5432=DIRECTION('',(0.E0,1.E0,0.E0));
#5433=VECTOR('',#5432,1.E0);
#5434=CARTESIAN_POINT('',(8.132765951455E1,3.E1,-2.625000044703E0));
#5435=LINE('',#5434,#5433);
#5436=DIRECTION('',(0.E0,1.E0,0.E0));
#5437=VECTOR('',#5436,1.E0);
#5438=CARTESIAN_POINT('',(8.132765951455E1,3.E1,-3.09375E0));
#5439=LINE('',#5438,#5437);
#5440=DIRECTION('',(0.E0,1.E0,0.E0));
#5441=VECTOR('',#5440,1.E0);
#5442=CARTESIAN_POINT('',(8.142340431809E1,3.E1,-3.562500022352E0));
#5443=LINE('',#5442,#5441);
#5444=DIRECTION('',(0.E0,1.E0,0.E0));
#5445=VECTOR('',#5444,1.E0);
#5446=CARTESIAN_POINT('',(8.171063832641E1,3.E1,-4.031250011176E0));
#5447=LINE('',#5446,#5445);
#5448=DIRECTION('',(0.E0,1.E0,0.E0));
#5449=VECTOR('',#5448,1.E0);
#5450=CARTESIAN_POINT('',(8.209361700416E1,3.E1,-4.312499994412E0));
#5451=LINE('',#5450,#5449);
#5452=DIRECTION('',(0.E0,1.E0,0.E0));
#5453=VECTOR('',#5452,1.E0);
#5454=CARTESIAN_POINT('',(8.257234035134E1,3.E1,-4.5E0));
#5455=LINE('',#5454,#5453);
#5456=DIRECTION('',(0.E0,1.E0,0.E0));
#5457=VECTOR('',#5456,1.E0);
#5458=CARTESIAN_POINT('',(8.295531902909E1,3.E1,-4.5E0));
#5459=LINE('',#5458,#5457);
#5460=DIRECTION('',(0.E0,1.E0,0.E0));
#5461=VECTOR('',#5460,1.E0);
#5462=CARTESIAN_POINT('',(8.343404264450E1,3.E1,-4.312499994412E0));
#5463=LINE('',#5462,#5461);
#5464=DIRECTION('',(0.E0,1.E0,0.E0));
#5465=VECTOR('',#5464,1.E0);
#5466=CARTESIAN_POINT('',(8.381702132225E1,3.E1,-4.031250011176E0));
#5467=LINE('',#5466,#5465);
#5468=DIRECTION('',(0.E0,1.E0,0.E0));
#5469=VECTOR('',#5468,1.E0);
#5470=CARTESIAN_POINT('',(8.410425533056E1,3.E1,-3.562500022352E0));
#5471=LINE('',#5470,#5469);
#5472=DIRECTION('',(0.E0,1.E0,0.E0));
#5473=VECTOR('',#5472,1.E0);
#5474=CARTESIAN_POINT('',(8.42E1,3.E1,-3.09375E0));
#5475=LINE('',#5474,#5473);
#5476=DIRECTION('',(0.E0,1.E0,0.E0));
#5477=VECTOR('',#5476,1.E0);
#5478=CARTESIAN_POINT('',(8.42E1,3.E1,-2.625000044703E0));
#5479=LINE('',#5478,#5477);
#5480=DIRECTION('',(0.E0,1.E0,0.E0));
#5481=VECTOR('',#5480,1.E0);
#5482=CARTESIAN_POINT('',(8.410425533056E1,3.E1,-2.156250089407E0));
#5483=LINE('',#5482,#5481);
#5484=DIRECTION('',(0.E0,1.E0,0.E0));
#5485=VECTOR('',#5484,1.E0);
#5486=CARTESIAN_POINT('',(8.381702132225E1,3.E1,-1.6875E0));
#5487=LINE('',#5486,#5485);
#5488=DIRECTION('',(0.E0,1.E0,0.E0));
#5489=VECTOR('',#5488,1.E0);
#5490=CARTESIAN_POINT('',(8.343404264450E1,3.E1,-1.40625E0));
#5491=LINE('',#5490,#5489);
#5492=DIRECTION('',(0.E0,1.E0,0.E0));
#5493=VECTOR('',#5492,1.E0);
#5494=CARTESIAN_POINT('',(8.295531902909E1,3.E1,-1.218749910593E0));
#5495=LINE('',#5494,#5493);
#5496=DIRECTION('',(0.E0,1.E0,0.E0));
#5497=VECTOR('',#5496,1.E0);
#5498=CARTESIAN_POINT('',(8.228510634303E1,3.E1,-1.125E0));
#5499=LINE('',#5498,#5497);
#5500=DIRECTION('',(0.E0,1.E0,0.E0));
#5501=VECTOR('',#5500,1.E0);
#5502=CARTESIAN_POINT('',(8.161489365697E1,3.E1,-1.125E0));
#5503=LINE('',#5502,#5501);
#5504=DIRECTION('',(0.E0,1.E0,0.E0));
#5505=VECTOR('',#5504,1.E0);
#5506=CARTESIAN_POINT('',(8.094468083680E1,3.E1,-1.218749910593E0));
#5507=LINE('',#5506,#5505);
#5508=DIRECTION('',(0.E0,1.E0,0.E0));
#5509=VECTOR('',#5508,1.E0);
#5510=CARTESIAN_POINT('',(8.046595742255E1,3.E1,-1.40625E0));
#5511=LINE('',#5510,#5509);
#5512=DIRECTION('',(0.E0,1.E0,0.E0));
#5513=VECTOR('',#5512,1.E0);
#5514=CARTESIAN_POINT('',(8.008297871128E1,3.E1,-1.6875E0));
#5515=LINE('',#5514,#5513);
#5516=DIRECTION('',(0.E0,1.E0,0.E0));
#5517=VECTOR('',#5516,1.E0);
#5518=CARTESIAN_POINT('',(7.979574467782E1,3.E1,-2.156250089407E0));
#5519=LINE('',#5518,#5517);
#5520=DIRECTION('',(0.E0,1.E0,0.E0));
#5521=VECTOR('',#5520,1.E0);
#5522=CARTESIAN_POINT('',(7.97E1,3.E1,-2.625000044703E0));
#5523=LINE('',#5522,#5521);
#5524=DIRECTION('',(0.E0,1.E0,0.E0));
#5525=VECTOR('',#5524,1.E0);
#5526=CARTESIAN_POINT('',(7.97E1,3.E1,-2.999999955297E0));
#5527=LINE('',#5526,#5525);
#5528=DIRECTION('',(0.E0,1.E0,0.E0));
#5529=VECTOR('',#5528,1.E0);
#5530=CARTESIAN_POINT('',(7.979574467782E1,3.E1,-3.468749977648E0));
#5531=LINE('',#5530,#5529);
#5532=DIRECTION('',(0.E0,1.E0,0.E0));
#5533=VECTOR('',#5532,1.E0);
#5534=CARTESIAN_POINT('',(8.008297871128E1,3.E1,-3.9375E0));
#5535=LINE('',#5534,#5533);
#5536=DIRECTION('',(0.E0,1.E0,0.E0));
#5537=VECTOR('',#5536,1.E0);
#5538=CARTESIAN_POINT('',(8.046595742255E1,3.E1,-4.21875E0));
#5539=LINE('',#5538,#5537);
#5540=DIRECTION('',(0.E0,1.E0,0.E0));
#5541=VECTOR('',#5540,1.E0);
#5542=CARTESIAN_POINT('',(8.266808502078E1,3.E1,-1.6875E0));
#5543=LINE('',#5542,#5541);
#5544=DIRECTION('',(0.E0,1.E0,0.E0));
#5545=VECTOR('',#5544,1.E0);
#5546=CARTESIAN_POINT('',(8.285957435966E1,3.E1,-1.6875E0));
#5547=LINE('',#5546,#5545);
#5548=DIRECTION('',(0.E0,1.E0,0.E0));
#5549=VECTOR('',#5548,1.E0);
#5550=CARTESIAN_POINT('',(8.314680863619E1,3.E1,-1.781249910593E0));
#5551=LINE('',#5550,#5549);
#5552=DIRECTION('',(0.E0,1.E0,0.E0));
#5553=VECTOR('',#5552,1.E0);
#5554=CARTESIAN_POINT('',(8.343404264450E1,3.E1,-1.96875E0));
#5555=LINE('',#5554,#5553);
#5556=DIRECTION('',(0.E0,1.E0,0.E0));
#5557=VECTOR('',#5556,1.E0);
#5558=CARTESIAN_POINT('',(8.362553198338E1,3.E1,-2.25E0));
#5559=LINE('',#5558,#5557);
#5560=DIRECTION('',(0.E0,1.E0,0.E0));
#5561=VECTOR('',#5560,1.E0);
#5562=CARTESIAN_POINT('',(8.372127665281E1,3.E1,-2.53125E0));
#5563=LINE('',#5562,#5561);
#5564=DIRECTION('',(0.E0,1.E0,0.E0));
#5565=VECTOR('',#5564,1.E0);
#5566=CARTESIAN_POINT('',(8.372127665281E1,3.E1,-3.187500044703E0));
#5567=LINE('',#5566,#5565);
#5568=DIRECTION('',(0.E0,1.E0,0.E0));
#5569=VECTOR('',#5568,1.E0);
#5570=CARTESIAN_POINT('',(8.362553198338E1,3.E1,-3.468749977648E0));
#5571=LINE('',#5570,#5569);
#5572=DIRECTION('',(0.E0,1.E0,0.E0));
#5573=VECTOR('',#5572,1.E0);
#5574=CARTESIAN_POINT('',(8.343404264450E1,3.E1,-3.749999977648E0));
#5575=LINE('',#5574,#5573);
#5576=DIRECTION('',(0.E0,1.E0,0.E0));
#5577=VECTOR('',#5576,1.E0);
#5578=CARTESIAN_POINT('',(8.314680863619E1,3.E1,-3.9375E0));
#5579=LINE('',#5578,#5577);
#5580=DIRECTION('',(0.E0,1.E0,0.E0));
#5581=VECTOR('',#5580,1.E0);
#5582=CARTESIAN_POINT('',(8.285957435966E1,3.E1,-4.031250011176E0));
#5583=LINE('',#5582,#5581);
#5584=DIRECTION('',(0.E0,1.E0,0.E0));
#5585=VECTOR('',#5584,1.E0);
#5586=CARTESIAN_POINT('',(8.266808502078E1,3.E1,-4.031250011176E0));
#5587=LINE('',#5586,#5585);
#5588=DIRECTION('',(0.E0,1.E0,0.E0));
#5589=VECTOR('',#5588,1.E0);
#5590=CARTESIAN_POINT('',(8.238085101247E1,3.E1,-3.9375E0));
#5591=LINE('',#5590,#5589);
#5592=DIRECTION('',(0.E0,1.E0,0.E0));
#5593=VECTOR('',#5592,1.E0);
#5594=CARTESIAN_POINT('',(8.209361700416E1,3.E1,-3.749999977648E0));
#5595=LINE('',#5594,#5593);
#5596=DIRECTION('',(0.E0,1.E0,0.E0));
#5597=VECTOR('',#5596,1.E0);
#5598=CARTESIAN_POINT('',(8.190212766528E1,3.E1,-3.468749977648E0));
#5599=LINE('',#5598,#5597);
#5600=DIRECTION('',(0.E0,1.E0,0.E0));
#5601=VECTOR('',#5600,1.E0);
#5602=CARTESIAN_POINT('',(8.180638299584E1,3.E1,-3.187500044703E0));
#5603=LINE('',#5602,#5601);
#5604=DIRECTION('',(0.E0,1.E0,0.E0));
#5605=VECTOR('',#5604,1.E0);
#5606=CARTESIAN_POINT('',(8.180638299584E1,3.E1,-2.53125E0));
#5607=LINE('',#5606,#5605);
#5608=DIRECTION('',(0.E0,1.E0,0.E0));
#5609=VECTOR('',#5608,1.E0);
#5610=CARTESIAN_POINT('',(8.190212766528E1,3.E1,-2.25E0));
#5611=LINE('',#5610,#5609);
#5612=DIRECTION('',(0.E0,1.E0,0.E0));
#5613=VECTOR('',#5612,1.E0);
#5614=CARTESIAN_POINT('',(8.209361700416E1,3.E1,-1.96875E0));
#5615=LINE('',#5614,#5613);
#5616=DIRECTION('',(0.E0,1.E0,0.E0));
#5617=VECTOR('',#5616,1.E0);
#5618=CARTESIAN_POINT('',(8.238085101247E1,3.E1,-1.781249910593E0));
#5619=LINE('',#5618,#5617);
#5620=DIRECTION('',(0.E0,1.E0,0.E0));
#5621=VECTOR('',#5620,1.E0);
#5622=CARTESIAN_POINT('',(8.017872341424E1,3.E1,2.718749821186E0));
#5623=LINE('',#5622,#5621);
#5624=DIRECTION('',(0.E0,1.E0,0.E0));
#5625=VECTOR('',#5624,1.E0);
#5626=CARTESIAN_POINT('',(7.998723404184E1,3.E1,2.437499821186E0));
#5627=LINE('',#5626,#5625);
#5628=DIRECTION('',(0.E0,1.E0,0.E0));
#5629=VECTOR('',#5628,1.E0);
#5630=CARTESIAN_POINT('',(7.979574467782E1,3.E1,2.062500178814E0));
#5631=LINE('',#5630,#5629);
#5632=DIRECTION('',(0.E0,1.E0,0.E0));
#5633=VECTOR('',#5632,1.E0);
#5634=CARTESIAN_POINT('',(7.97E1,3.E1,1.6875E0));
#5635=LINE('',#5634,#5633);
#5636=DIRECTION('',(0.E0,1.E0,0.E0));
#5637=VECTOR('',#5636,1.E0);
#5638=CARTESIAN_POINT('',(7.97E1,3.E1,9.375001788139E-1));
#5639=LINE('',#5638,#5637);
#5640=DIRECTION('',(0.E0,1.E0,0.E0));
#5641=VECTOR('',#5640,1.E0);
#5642=CARTESIAN_POINT('',(7.979574467782E1,3.E1,5.625E-1));
#5643=LINE('',#5642,#5641);
#5644=DIRECTION('',(0.E0,1.E0,1.421085471520E-14));
#5645=VECTOR('',#5644,1.E0);
#5646=CARTESIAN_POINT('',(7.998723404184E1,3.E1,1.874998211861E-1));
#5647=LINE('',#5646,#5645);
#5648=DIRECTION('',(0.E0,1.E0,0.E0));
#5649=VECTOR('',#5648,1.E0);
#5650=CARTESIAN_POINT('',(8.017872341424E1,3.E1,-9.374991059303E-2));
#5651=LINE('',#5650,#5649);
#5652=DIRECTION('',(0.E0,1.E0,0.E0));
#5653=VECTOR('',#5652,1.E0);
#5654=CARTESIAN_POINT('',(8.046595742255E1,3.E1,-2.8125E-1));
#5655=LINE('',#5654,#5653);
#5656=DIRECTION('',(0.E0,1.E0,0.E0));
#5657=VECTOR('',#5656,1.E0);
#5658=CARTESIAN_POINT('',(8.075319149792E1,3.E1,-3.749999105930E-1));
#5659=LINE('',#5658,#5657);
#5660=DIRECTION('',(0.E0,1.E0,0.E0));
#5661=VECTOR('',#5660,1.E0);
#5662=CARTESIAN_POINT('',(8.075319149792E1,3.E1,9.375017881393E-2));
#5663=LINE('',#5662,#5661);
#5664=DIRECTION('',(0.E0,1.E0,0.E0));
#5665=VECTOR('',#5664,1.E0);
#5666=CARTESIAN_POINT('',(8.056170215905E1,3.E1,1.874998211861E-1));
#5667=LINE('',#5666,#5665);
#5668=DIRECTION('',(0.E0,1.E0,0.E0));
#5669=VECTOR('',#5668,1.E0);
#5670=CARTESIAN_POINT('',(8.037021275312E1,3.E1,3.750001788139E-1));
#5671=LINE('',#5670,#5669);
#5672=DIRECTION('',(0.E0,1.E0,0.E0));
#5673=VECTOR('',#5672,1.E0);
#5674=CARTESIAN_POINT('',(8.027446808368E1,3.E1,5.625E-1));
#5675=LINE('',#5674,#5673);
#5676=DIRECTION('',(0.E0,1.E0,0.E0));
#5677=VECTOR('',#5676,1.E0);
#5678=CARTESIAN_POINT('',(8.017872341424E1,3.E1,1.031249821186E0));
#5679=LINE('',#5678,#5677);
#5680=DIRECTION('',(0.E0,1.E0,0.E0));
#5681=VECTOR('',#5680,1.E0);
#5682=CARTESIAN_POINT('',(8.017872341424E1,3.E1,1.593749821186E0));
#5683=LINE('',#5682,#5681);
#5684=DIRECTION('',(0.E0,1.E0,0.E0));
#5685=VECTOR('',#5684,1.E0);
#5686=CARTESIAN_POINT('',(8.027446808368E1,3.E1,2.062500178814E0));
#5687=LINE('',#5686,#5685);
#5688=DIRECTION('',(0.E0,1.E0,0.E0));
#5689=VECTOR('',#5688,1.E0);
#5690=CARTESIAN_POINT('',(8.037021275312E1,3.E1,2.25E0));
#5691=LINE('',#5690,#5689);
#5692=DIRECTION('',(0.E0,1.E0,0.E0));
#5693=VECTOR('',#5692,1.E0);
#5694=CARTESIAN_POINT('',(8.056170215905E1,3.E1,2.437499821186E0));
#5695=LINE('',#5694,#5693);
#5696=DIRECTION('',(0.E0,1.E0,0.E0));
#5697=VECTOR('',#5696,1.E0);
#5698=CARTESIAN_POINT('',(8.075319149792E1,3.E1,2.53125E0));
#5699=LINE('',#5698,#5697);
#5700=DIRECTION('',(0.E0,1.E0,0.E0));
#5701=VECTOR('',#5700,1.E0);
#5702=CARTESIAN_POINT('',(8.113617017567E1,3.E1,2.53125E0));
#5703=LINE('',#5702,#5701);
#5704=DIRECTION('',(0.E0,1.E0,0.E0));
#5705=VECTOR('',#5704,1.E0);
#5706=CARTESIAN_POINT('',(8.151914898753E1,3.E1,2.343750178814E0));
#5707=LINE('',#5706,#5705);
#5708=DIRECTION('',(0.E0,1.E0,0.E0));
#5709=VECTOR('',#5708,1.E0);
#5710=CARTESIAN_POINT('',(8.171063832641E1,3.E1,2.062500178814E0));
#5711=LINE('',#5710,#5709);
#5712=DIRECTION('',(0.E0,1.E0,0.E0));
#5713=VECTOR('',#5712,1.E0);
#5714=CARTESIAN_POINT('',(8.180638299584E1,3.E1,1.500000178814E0));
#5715=LINE('',#5714,#5713);
#5716=DIRECTION('',(0.E0,1.E0,0.E0));
#5717=VECTOR('',#5716,1.E0);
#5718=CARTESIAN_POINT('',(8.180638299584E1,3.E1,1.125E0));
#5719=LINE('',#5718,#5717);
#5720=DIRECTION('',(0.E0,1.E0,0.E0));
#5721=VECTOR('',#5720,1.E0);
#5722=CARTESIAN_POINT('',(8.218936167359E1,3.E1,1.125E0));
#5723=LINE('',#5722,#5721);
#5724=DIRECTION('',(0.E0,1.E0,0.E0));
#5725=VECTOR('',#5724,1.E0);
#5726=CARTESIAN_POINT('',(8.218936167359E1,3.E1,1.500000178814E0));
#5727=LINE('',#5726,#5725);
#5728=DIRECTION('',(0.E0,1.E0,0.E0));
#5729=VECTOR('',#5728,1.E0);
#5730=CARTESIAN_POINT('',(8.238085101247E1,3.E1,2.062500178814E0));
#5731=LINE('',#5730,#5729);
#5732=DIRECTION('',(0.E0,1.E0,0.E0));
#5733=VECTOR('',#5732,1.E0);
#5734=CARTESIAN_POINT('',(8.257234035134E1,3.E1,2.25E0));
#5735=LINE('',#5734,#5733);
#5736=DIRECTION('',(0.E0,1.E0,0.E0));
#5737=VECTOR('',#5736,1.E0);
#5738=CARTESIAN_POINT('',(8.295531902909E1,3.E1,2.437499821186E0));
#5739=LINE('',#5738,#5737);
#5740=DIRECTION('',(0.E0,1.E0,0.E0));
#5741=VECTOR('',#5740,1.E0);
#5742=CARTESIAN_POINT('',(8.314680863619E1,3.E1,2.437499821186E0));
#5743=LINE('',#5742,#5741);
#5744=DIRECTION('',(0.E0,1.E0,0.E0));
#5745=VECTOR('',#5744,1.E0);
#5746=CARTESIAN_POINT('',(8.343404264450E1,3.E1,2.25E0));
#5747=LINE('',#5746,#5745);
#5748=DIRECTION('',(0.E0,1.E0,0.E0));
#5749=VECTOR('',#5748,1.E0);
#5750=CARTESIAN_POINT('',(8.362553198338E1,3.E1,1.96875E0));
#5751=LINE('',#5750,#5749);
#5752=DIRECTION('',(0.E0,1.E0,0.E0));
#5753=VECTOR('',#5752,1.E0);
#5754=CARTESIAN_POINT('',(8.372127665281E1,3.E1,1.500000178814E0));
#5755=LINE('',#5754,#5753);
#5756=DIRECTION('',(0.E0,1.E0,0.E0));
#5757=VECTOR('',#5756,1.E0);
#5758=CARTESIAN_POINT('',(8.372127665281E1,3.E1,1.125E0));
#5759=LINE('',#5758,#5757);
#5760=DIRECTION('',(0.E0,1.E0,0.E0));
#5761=VECTOR('',#5760,1.E0);
#5762=CARTESIAN_POINT('',(8.362553198338E1,3.E1,6.562501788139E-1));
#5763=LINE('',#5762,#5761);
#5764=DIRECTION('',(0.E0,1.E0,0.E0));
#5765=VECTOR('',#5764,1.E0);
#5766=CARTESIAN_POINT('',(8.343404264450E1,3.E1,3.750001788139E-1));
#5767=LINE('',#5766,#5765);
#5768=DIRECTION('',(0.E0,1.E0,0.E0));
#5769=VECTOR('',#5768,1.E0);
#5770=CARTESIAN_POINT('',(8.314680863619E1,3.E1,1.874998211861E-1));
#5771=LINE('',#5770,#5769);
#5772=DIRECTION('',(0.E0,1.E0,0.E0));
#5773=VECTOR('',#5772,1.E0);
#5774=CARTESIAN_POINT('',(8.314680863619E1,3.E1,-2.8125E-1));
#5775=LINE('',#5774,#5773);
#5776=DIRECTION('',(-1.421085471520E-14,1.E0,0.E0));
#5777=VECTOR('',#5776,1.E0);
#5778=CARTESIAN_POINT('',(8.352978731394E1,3.E1,-1.875000894070E-1));
#5779=LINE('',#5778,#5777);
#5780=DIRECTION('',(0.E0,1.E0,0.E0));
#5781=VECTOR('',#5780,1.E0);
#5782=CARTESIAN_POINT('',(8.391276599169E1,3.E1,1.874998211861E-1));
#5783=LINE('',#5782,#5781);
#5784=DIRECTION('',(0.E0,1.E0,0.E0));
#5785=VECTOR('',#5784,1.E0);
#5786=CARTESIAN_POINT('',(8.410425533056E1,3.E1,5.625E-1));
#5787=LINE('',#5786,#5785);
#5788=DIRECTION('',(0.E0,1.E0,0.E0));
#5789=VECTOR('',#5788,1.E0);
#5790=CARTESIAN_POINT('',(8.42E1,3.E1,1.218750178814E0));
#5791=LINE('',#5790,#5789);
#5792=DIRECTION('',(0.E0,1.E0,0.E0));
#5793=VECTOR('',#5792,1.E0);
#5794=CARTESIAN_POINT('',(8.42E1,3.E1,1.40625E0));
#5795=LINE('',#5794,#5793);
#5796=DIRECTION('',(0.E0,1.E0,0.E0));
#5797=VECTOR('',#5796,1.E0);
#5798=CARTESIAN_POINT('',(8.410425533056E1,3.E1,2.062500178814E0));
#5799=LINE('',#5798,#5797);
#5800=DIRECTION('',(0.E0,1.E0,0.E0));
#5801=VECTOR('',#5800,1.E0);
#5802=CARTESIAN_POINT('',(8.391276599169E1,3.E1,2.437499821186E0));
#5803=LINE('',#5802,#5801);
#5804=DIRECTION('',(0.E0,1.E0,0.E0));
#5805=VECTOR('',#5804,1.E0);
#5806=CARTESIAN_POINT('',(8.352978731394E1,3.E1,2.8125E0));
#5807=LINE('',#5806,#5805);
#5808=DIRECTION('',(0.E0,1.E0,0.E0));
#5809=VECTOR('',#5808,1.E0);
#5810=CARTESIAN_POINT('',(8.314680863619E1,3.E1,2.906250178814E0));
#5811=LINE('',#5810,#5809);
#5812=DIRECTION('',(0.E0,1.E0,0.E0));
#5813=VECTOR('',#5812,1.E0);
#5814=CARTESIAN_POINT('',(8.295531902909E1,3.E1,2.906250178814E0));
#5815=LINE('',#5814,#5813);
#5816=DIRECTION('',(0.E0,1.E0,0.E0));
#5817=VECTOR('',#5816,1.E0);
#5818=CARTESIAN_POINT('',(8.257234035134E1,3.E1,2.8125E0));
#5819=LINE('',#5818,#5817);
#5820=DIRECTION('',(0.E0,1.E0,0.E0));
#5821=VECTOR('',#5820,1.E0);
#5822=CARTESIAN_POINT('',(8.228510634303E1,3.E1,2.625000178814E0));
#5823=LINE('',#5822,#5821);
#5824=DIRECTION('',(0.E0,1.E0,0.E0));
#5825=VECTOR('',#5824,1.E0);
#5826=CARTESIAN_POINT('',(8.199787233472E1,3.E1,2.25E0));
#5827=LINE('',#5826,#5825);
#5828=DIRECTION('',(0.E0,1.E0,0.E0));
#5829=VECTOR('',#5828,1.E0);
#5830=CARTESIAN_POINT('',(8.180638299584E1,3.E1,2.718749821186E0));
#5831=LINE('',#5830,#5829);
#5832=DIRECTION('',(0.E0,1.E0,0.E0));
#5833=VECTOR('',#5832,1.E0);
#5834=CARTESIAN_POINT('',(8.151914898753E1,3.E1,2.906250178814E0));
#5835=LINE('',#5834,#5833);
#5836=DIRECTION('',(0.E0,1.E0,0.E0));
#5837=VECTOR('',#5836,1.E0);
#5838=CARTESIAN_POINT('',(8.113617017567E1,3.E1,2.999999821186E0));
#5839=LINE('',#5838,#5837);
#5840=DIRECTION('',(0.E0,1.E0,0.E0));
#5841=VECTOR('',#5840,1.E0);
#5842=CARTESIAN_POINT('',(8.075319149792E1,3.E1,2.999999821186E0));
#5843=LINE('',#5842,#5841);
#5844=DIRECTION('',(0.E0,1.E0,0.E0));
#5845=VECTOR('',#5844,1.E0);
#5846=CARTESIAN_POINT('',(8.046595742255E1,3.E1,2.906250178814E0));
#5847=LINE('',#5846,#5845);
#5848=DIRECTION('',(0.E0,1.E0,0.E0));
#5849=VECTOR('',#5848,1.E0);
#5850=CARTESIAN_POINT('',(6.835545460680E1,3.E1,-3.375E0));
#5851=LINE('',#5850,#5849);
#5852=DIRECTION('',(0.E0,1.E0,0.E0));
#5853=VECTOR('',#5852,1.E0);
#5854=CARTESIAN_POINT('',(6.835545460680E1,3.E1,-3.9375E0));
#5855=LINE('',#5854,#5853);
#5856=DIRECTION('',(0.E0,1.E0,0.E0));
#5857=VECTOR('',#5856,1.E0);
#5858=CARTESIAN_POINT('',(7.208949725130E1,3.E1,-3.9375E0));
#5859=LINE('',#5858,#5857);
#5860=DIRECTION('',(0.E0,1.E0,0.E0));
#5861=VECTOR('',#5860,1.E0);
#5862=CARTESIAN_POINT('',(7.141928429702E1,3.E1,-4.5E0));
#5863=LINE('',#5862,#5861);
#5864=DIRECTION('',(0.E0,1.E0,0.E0));
#5865=VECTOR('',#5864,1.E0);
#5866=CARTESIAN_POINT('',(7.218524192074E1,3.E1,-4.5E0));
#5867=LINE('',#5866,#5865);
#5868=DIRECTION('',(0.E0,1.E0,0.E0));
#5869=VECTOR('',#5868,1.E0);
#5870=CARTESIAN_POINT('',(7.285545460680E1,3.E1,-3.9375E0));
#5871=LINE('',#5870,#5869);
#5872=DIRECTION('',(0.E0,1.E0,0.E0));
#5873=VECTOR('',#5872,1.E0);
#5874=CARTESIAN_POINT('',(7.285545460680E1,3.E1,-3.375E0));
#5875=LINE('',#5874,#5873);
#5876=DIRECTION('',(0.E0,1.E0,0.E0));
#5877=VECTOR('',#5876,1.E0);
#5878=CARTESIAN_POINT('',(7.103630561927E1,3.E1,-2.625000044703E0));
#5879=LINE('',#5878,#5877);
#5880=DIRECTION('',(0.E0,1.E0,0.E0));
#5881=VECTOR('',#5880,1.E0);
#5882=CARTESIAN_POINT('',(7.151502896646E1,3.E1,-2.53125E0));
#5883=LINE('',#5882,#5881);
#5884=DIRECTION('',(0.E0,1.E0,0.E0));
#5885=VECTOR('',#5884,1.E0);
#5886=CARTESIAN_POINT('',(7.180226324299E1,3.E1,-2.437499955297E0));
#5887=LINE('',#5886,#5885);
#5888=DIRECTION('',(0.E0,1.E0,0.E0));
#5889=VECTOR('',#5888,1.E0);
#5890=CARTESIAN_POINT('',(7.218524192074E1,3.E1,-2.25E0));
#5891=LINE('',#5890,#5889);
#5892=DIRECTION('',(0.E0,1.E0,0.E0));
#5893=VECTOR('',#5892,1.E0);
#5894=CARTESIAN_POINT('',(7.247247592905E1,3.E1,-1.96875E0));
#5895=LINE('',#5894,#5893);
#5896=DIRECTION('',(0.E0,1.E0,0.E0));
#5897=VECTOR('',#5896,1.E0);
#5898=CARTESIAN_POINT('',(7.275970993737E1,3.E1,-1.499999910593E0));
#5899=LINE('',#5898,#5897);
#5900=DIRECTION('',(0.E0,1.E0,0.E0));
#5901=VECTOR('',#5900,1.E0);
#5902=CARTESIAN_POINT('',(7.285545460680E1,3.E1,-9.374999105930E-1));
#5903=LINE('',#5902,#5901);
#5904=DIRECTION('',(0.E0,1.E0,0.E0));
#5905=VECTOR('',#5904,1.E0);
#5906=CARTESIAN_POINT('',(7.275970993737E1,3.E1,-3.749999105930E-1));
#5907=LINE('',#5906,#5905);
#5908=DIRECTION('',(0.E0,1.E0,0.E0));
#5909=VECTOR('',#5908,1.E0);
#5910=CARTESIAN_POINT('',(7.247247592905E1,3.E1,9.375017881393E-2));
#5911=LINE('',#5910,#5909);
#5912=DIRECTION('',(0.E0,1.E0,0.E0));
#5913=VECTOR('',#5912,1.E0);
#5914=CARTESIAN_POINT('',(7.218524192074E1,3.E1,3.750001788139E-1));
#5915=LINE('',#5914,#5913);
#5916=DIRECTION('',(0.E0,1.E0,0.E0));
#5917=VECTOR('',#5916,1.E0);
#5918=CARTESIAN_POINT('',(7.180226324299E1,3.E1,5.625E-1));
#5919=LINE('',#5918,#5917);
#5920=DIRECTION('',(0.E0,1.E0,0.E0));
#5921=VECTOR('',#5920,1.E0);
#5922=CARTESIAN_POINT('',(7.151502896646E1,3.E1,6.562501788139E-1));
#5923=LINE('',#5922,#5921);
#5924=DIRECTION('',(0.E0,1.E0,0.E0));
#5925=VECTOR('',#5924,1.E0);
#5926=CARTESIAN_POINT('',(7.103630561927E1,3.E1,7.499998211861E-1));
#5927=LINE('',#5926,#5925);
#5928=DIRECTION('',(0.E0,1.E0,0.E0));
#5929=VECTOR('',#5928,1.E0);
#5930=CARTESIAN_POINT('',(7.017460359433E1,3.E1,7.499998211861E-1));
#5931=LINE('',#5930,#5929);
#5932=DIRECTION('',(0.E0,1.E0,0.E0));
#5933=VECTOR('',#5932,1.E0);
#5934=CARTESIAN_POINT('',(6.969588011304E1,3.E1,6.562501788139E-1));
#5935=LINE('',#5934,#5933);
#5936=DIRECTION('',(0.E0,1.E0,0.E0));
#5937=VECTOR('',#5936,1.E0);
#5938=CARTESIAN_POINT('',(6.940864610473E1,3.E1,5.625E-1));
#5939=LINE('',#5938,#5937);
#5940=DIRECTION('',(0.E0,1.E0,0.E0));
#5941=VECTOR('',#5940,1.E0);
#5942=CARTESIAN_POINT('',(6.902566735992E1,3.E1,3.750001788139E-1));
#5943=LINE('',#5942,#5941);
#5944=DIRECTION('',(0.E0,1.E0,0.E0));
#5945=VECTOR('',#5944,1.E0);
#5946=CARTESIAN_POINT('',(6.873843331808E1,3.E1,9.375017881393E-2));
#5947=LINE('',#5946,#5945);
#5948=DIRECTION('',(0.E0,1.E0,0.E0));
#5949=VECTOR('',#5948,1.E0);
#5950=CARTESIAN_POINT('',(6.845119928462E1,3.E1,-3.749999105930E-1));
#5951=LINE('',#5950,#5949);
#5952=DIRECTION('',(0.E0,1.E0,0.E0));
#5953=VECTOR('',#5952,1.E0);
#5954=CARTESIAN_POINT('',(6.835545460680E1,3.E1,-9.374999105930E-1));
#5955=LINE('',#5954,#5953);
#5956=DIRECTION('',(0.E0,1.E0,0.E0));
#5957=VECTOR('',#5956,1.E0);
#5958=CARTESIAN_POINT('',(6.845119928462E1,3.E1,-1.499999910593E0));
#5959=LINE('',#5958,#5957);
#5960=DIRECTION('',(0.E0,1.E0,0.E0));
#5961=VECTOR('',#5960,1.E0);
#5962=CARTESIAN_POINT('',(6.873843331808E1,3.E1,-1.96875E0));
#5963=LINE('',#5962,#5961);
#5964=DIRECTION('',(0.E0,1.E0,0.E0));
#5965=VECTOR('',#5964,1.E0);
#5966=CARTESIAN_POINT('',(6.902566735992E1,3.E1,-2.25E0));
#5967=LINE('',#5966,#5965);
#5968=DIRECTION('',(0.E0,1.E0,0.E0));
#5969=VECTOR('',#5968,1.E0);
#5970=CARTESIAN_POINT('',(6.940864610473E1,3.E1,-2.437499955297E0));
#5971=LINE('',#5970,#5969);
#5972=DIRECTION('',(0.E0,1.E0,0.E0));
#5973=VECTOR('',#5972,1.E0);
#5974=CARTESIAN_POINT('',(6.969588011304E1,3.E1,-2.53125E0));
#5975=LINE('',#5974,#5973);
#5976=DIRECTION('',(0.E0,1.E0,0.E0));
#5977=VECTOR('',#5976,1.E0);
#5978=CARTESIAN_POINT('',(7.017460359433E1,3.E1,-2.625000044703E0));
#5979=LINE('',#5978,#5977);
#5980=DIRECTION('',(0.E0,1.E0,0.E0));
#5981=VECTOR('',#5980,1.E0);
#5982=CARTESIAN_POINT('',(7.094056094983E1,3.E1,-2.156250089407E0));
#5983=LINE('',#5982,#5981);
#5984=DIRECTION('',(0.E0,1.E0,0.E0));
#5985=VECTOR('',#5984,1.E0);
#5986=CARTESIAN_POINT('',(7.027034826377E1,3.E1,-2.156250089407E0));
#5987=LINE('',#5986,#5985);
#5988=DIRECTION('',(0.E0,1.E0,0.E0));
#5989=VECTOR('',#5988,1.E0);
#5990=CARTESIAN_POINT('',(6.969588011304E1,3.E1,-2.062499910593E0));
#5991=LINE('',#5990,#5989);
#5992=DIRECTION('',(0.E0,1.E0,0.E0));
#5993=VECTOR('',#5992,1.E0);
#5994=CARTESIAN_POINT('',(6.912141202936E1,3.E1,-1.6875E0));
#5995=LINE('',#5994,#5993);
#5996=DIRECTION('',(0.E0,1.E0,0.E0));
#5997=VECTOR('',#5996,1.E0);
#5998=CARTESIAN_POINT('',(6.892992269048E1,3.E1,-1.40625E0));
#5999=LINE('',#5998,#5997);
#6000=DIRECTION('',(0.E0,1.E0,0.E0));
#6001=VECTOR('',#6000,1.E0);
#6002=CARTESIAN_POINT('',(6.883417802105E1,3.E1,-9.374999105930E-1));
#6003=LINE('',#6002,#6001);
#6004=DIRECTION('',(0.E0,1.E0,0.E0));
#6005=VECTOR('',#6004,1.E0);
#6006=CARTESIAN_POINT('',(6.892992269048E1,3.E1,-4.687500894070E-1));
#6007=LINE('',#6006,#6005);
#6008=DIRECTION('',(0.E0,1.E0,0.E0));
#6009=VECTOR('',#6008,1.E0);
#6010=CARTESIAN_POINT('',(6.912141202936E1,3.E1,-1.875000894070E-1));
#6011=LINE('',#6010,#6009);
#6012=DIRECTION('',(0.E0,1.E0,0.E0));
#6013=VECTOR('',#6012,1.E0);
#6014=CARTESIAN_POINT('',(6.969588011304E1,3.E1,1.874998211861E-1));
#6015=LINE('',#6014,#6013);
#6016=DIRECTION('',(0.E0,1.E0,0.E0));
#6017=VECTOR('',#6016,1.E0);
#6018=CARTESIAN_POINT('',(7.027034826377E1,3.E1,2.8125E-1));
#6019=LINE('',#6018,#6017);
#6020=DIRECTION('',(0.E0,1.E0,0.E0));
#6021=VECTOR('',#6020,1.E0);
#6022=CARTESIAN_POINT('',(7.094056094983E1,3.E1,2.8125E-1));
#6023=LINE('',#6022,#6021);
#6024=DIRECTION('',(0.E0,1.E0,0.E0));
#6025=VECTOR('',#6024,1.E0);
#6026=CARTESIAN_POINT('',(7.151502896646E1,3.E1,1.874998211861E-1));
#6027=LINE('',#6026,#6025);
#6028=DIRECTION('',(0.E0,1.E0,0.E0));
#6029=VECTOR('',#6028,1.E0);
#6030=CARTESIAN_POINT('',(7.208949725130E1,3.E1,-1.875000894070E-1));
#6031=LINE('',#6030,#6029);
#6032=DIRECTION('',(0.E0,1.E0,0.E0));
#6033=VECTOR('',#6032,1.E0);
#6034=CARTESIAN_POINT('',(7.228098659018E1,3.E1,-4.687500894070E-1));
#6035=LINE('',#6034,#6033);
#6036=DIRECTION('',(0.E0,1.E0,0.E0));
#6037=VECTOR('',#6036,1.E0);
#6038=CARTESIAN_POINT('',(7.237673125962E1,3.E1,-9.374999105930E-1));
#6039=LINE('',#6038,#6037);
#6040=DIRECTION('',(0.E0,1.E0,0.E0));
#6041=VECTOR('',#6040,1.E0);
#6042=CARTESIAN_POINT('',(7.228098659018E1,3.E1,-1.40625E0));
#6043=LINE('',#6042,#6041);
#6044=DIRECTION('',(0.E0,1.E0,0.E0));
#6045=VECTOR('',#6044,1.E0);
#6046=CARTESIAN_POINT('',(7.208949725130E1,3.E1,-1.6875E0));
#6047=LINE('',#6046,#6045);
#6048=DIRECTION('',(0.E0,1.E0,0.E0));
#6049=VECTOR('',#6048,1.E0);
#6050=CARTESIAN_POINT('',(7.151502896646E1,3.E1,-2.062499910593E0));
#6051=LINE('',#6050,#6049);
#6052=DIRECTION('',(0.E0,1.E0,0.E0));
#6053=VECTOR('',#6052,1.E0);
#6054=CARTESIAN_POINT('',(7.036609293321E1,3.E1,2.156249821186E0));
#6055=LINE('',#6054,#6053);
#6056=DIRECTION('',(0.E0,1.E0,0.E0));
#6057=VECTOR('',#6056,1.E0);
#6058=CARTESIAN_POINT('',(7.036609293321E1,3.E1,1.500000178814E0));
#6059=LINE('',#6058,#6057);
#6060=DIRECTION('',(0.E0,1.E0,0.E0));
#6061=VECTOR('',#6060,1.E0);
#6062=CARTESIAN_POINT('',(7.285545460680E1,3.E1,1.500000178814E0));
#6063=LINE('',#6062,#6061);
#6064=DIRECTION('',(0.E0,1.E0,0.E0));
#6065=VECTOR('',#6064,1.E0);
#6066=CARTESIAN_POINT('',(7.285545460680E1,3.E1,4.687500357628E0));
#6067=LINE('',#6066,#6065);
#6068=DIRECTION('',(0.E0,1.E0,0.E0));
#6069=VECTOR('',#6068,1.E0);
#6070=CARTESIAN_POINT('',(7.237673125962E1,3.E1,4.687500357628E0));
#6071=LINE('',#6070,#6069);
#6072=DIRECTION('',(0.E0,1.E0,0.E0));
#6073=VECTOR('',#6072,1.E0);
#6074=CARTESIAN_POINT('',(7.237673125962E1,3.E1,1.96875E0));
#6075=LINE('',#6074,#6073);
#6076=DIRECTION('',(0.E0,1.E0,0.E0));
#6077=VECTOR('',#6076,1.E0);
#6078=CARTESIAN_POINT('',(7.084481628040E1,3.E1,1.96875E0));
#6079=LINE('',#6078,#6077);
#6080=DIRECTION('',(0.E0,1.E0,0.E0));
#6081=VECTOR('',#6080,1.E0);
#6082=CARTESIAN_POINT('',(7.113205028871E1,3.E1,2.437499821186E0));
#6083=LINE('',#6082,#6081);
#6084=DIRECTION('',(0.E0,1.E0,0.E0));
#6085=VECTOR('',#6084,1.E0);
#6086=CARTESIAN_POINT('',(7.122779495815E1,3.E1,2.906250178814E0));
#6087=LINE('',#6086,#6085);
#6088=DIRECTION('',(0.E0,1.E0,0.E0));
#6089=VECTOR('',#6088,1.E0);
#6090=CARTESIAN_POINT('',(7.122779495815E1,3.E1,3.468750178814E0));
#6091=LINE('',#6090,#6089);
#6092=DIRECTION('',(0.E0,1.E0,0.E0));
#6093=VECTOR('',#6092,1.E0);
#6094=CARTESIAN_POINT('',(7.113205028871E1,3.E1,3.9375E0));
#6095=LINE('',#6094,#6093);
#6096=DIRECTION('',(0.E0,1.E0,0.E0));
#6097=VECTOR('',#6096,1.E0);
#6098=CARTESIAN_POINT('',(7.084481628040E1,3.E1,4.406249821186E0));
#6099=LINE('',#6098,#6097);
#6100=DIRECTION('',(0.E0,1.E0,0.E0));
#6101=VECTOR('',#6100,1.E0);
#6102=CARTESIAN_POINT('',(7.046183760265E1,3.E1,4.687500357628E0));
#6103=LINE('',#6102,#6101);
#6104=DIRECTION('',(0.E0,1.E0,0.E0));
#6105=VECTOR('',#6104,1.E0);
#6106=CARTESIAN_POINT('',(6.998311412135E1,3.E1,4.874999642372E0));
#6107=LINE('',#6106,#6105);
#6108=DIRECTION('',(0.E0,1.E0,0.E0));
#6109=VECTOR('',#6108,1.E0);
#6110=CARTESIAN_POINT('',(6.960013544360E1,3.E1,4.874999642372E0));
#6111=LINE('',#6110,#6109);
#6112=DIRECTION('',(0.E0,1.E0,0.E0));
#6113=VECTOR('',#6112,1.E0);
#6114=CARTESIAN_POINT('',(6.912141202936E1,3.E1,4.687500357628E0));
#6115=LINE('',#6114,#6113);
#6116=DIRECTION('',(0.E0,1.E0,0.E0));
#6117=VECTOR('',#6116,1.E0);
#6118=CARTESIAN_POINT('',(6.873843331808E1,3.E1,4.406249821186E0));
#6119=LINE('',#6118,#6117);
#6120=DIRECTION('',(0.E0,1.E0,0.E0));
#6121=VECTOR('',#6120,1.E0);
#6122=CARTESIAN_POINT('',(6.845119928462E1,3.E1,3.9375E0));
#6123=LINE('',#6122,#6121);
#6124=DIRECTION('',(0.E0,1.E0,0.E0));
#6125=VECTOR('',#6124,1.E0);
#6126=CARTESIAN_POINT('',(6.835545460680E1,3.E1,3.468750178814E0));
#6127=LINE('',#6126,#6125);
#6128=DIRECTION('',(0.E0,1.E0,0.E0));
#6129=VECTOR('',#6128,1.E0);
#6130=CARTESIAN_POINT('',(6.835545460680E1,3.E1,2.906250178814E0));
#6131=LINE('',#6130,#6129);
#6132=DIRECTION('',(0.E0,1.E0,0.E0));
#6133=VECTOR('',#6132,1.E0);
#6134=CARTESIAN_POINT('',(6.845119928462E1,3.E1,2.437499821186E0));
#6135=LINE('',#6134,#6133);
#6136=DIRECTION('',(0.E0,1.E0,0.E0));
#6137=VECTOR('',#6136,1.E0);
#6138=CARTESIAN_POINT('',(6.873843331808E1,3.E1,1.96875E0));
#6139=LINE('',#6138,#6137);
#6140=DIRECTION('',(0.E0,1.E0,0.E0));
#6141=VECTOR('',#6140,1.E0);
#6142=CARTESIAN_POINT('',(6.912141202936E1,3.E1,1.6875E0));
#6143=LINE('',#6142,#6141);
#6144=DIRECTION('',(0.E0,1.E0,0.E0));
#6145=VECTOR('',#6144,1.E0);
#6146=CARTESIAN_POINT('',(6.950439077416E1,3.E1,1.500000178814E0));
#6147=LINE('',#6146,#6145);
#6148=DIRECTION('',(0.E0,1.E0,0.E0));
#6149=VECTOR('',#6148,1.E0);
#6150=CARTESIAN_POINT('',(6.950439077416E1,3.E1,2.062500178814E0));
#6151=LINE('',#6150,#6149);
#6152=DIRECTION('',(0.E0,1.E0,0.E0));
#6153=VECTOR('',#6152,1.E0);
#6154=CARTESIAN_POINT('',(6.912141202936E1,3.E1,2.25E0));
#6155=LINE('',#6154,#6153);
#6156=DIRECTION('',(0.E0,1.E0,0.E0));
#6157=VECTOR('',#6156,1.E0);
#6158=CARTESIAN_POINT('',(6.892992269048E1,3.E1,2.53125E0));
#6159=LINE('',#6158,#6157);
#6160=DIRECTION('',(0.E0,1.E0,0.E0));
#6161=VECTOR('',#6160,1.E0);
#6162=CARTESIAN_POINT('',(6.883417802105E1,3.E1,2.906250178814E0));
#6163=LINE('',#6162,#6161);
#6164=DIRECTION('',(0.E0,1.E0,0.E0));
#6165=VECTOR('',#6164,1.E0);
#6166=CARTESIAN_POINT('',(6.883417802105E1,3.E1,3.468750178814E0));
#6167=LINE('',#6166,#6165);
#6168=DIRECTION('',(0.E0,1.E0,0.E0));
#6169=VECTOR('',#6168,1.E0);
#6170=CARTESIAN_POINT('',(6.892992269048E1,3.E1,3.843749821186E0));
#6171=LINE('',#6170,#6169);
#6172=DIRECTION('',(0.E0,1.E0,0.E0));
#6173=VECTOR('',#6172,1.E0);
#6174=CARTESIAN_POINT('',(6.912141202936E1,3.E1,4.124999821186E0));
#6175=LINE('',#6174,#6173);
#6176=DIRECTION('',(0.E0,1.E0,0.E0));
#6177=VECTOR('',#6176,1.E0);
#6178=CARTESIAN_POINT('',(6.940864610473E1,3.E1,4.312500178814E0));
#6179=LINE('',#6178,#6177);
#6180=DIRECTION('',(0.E0,1.E0,0.E0));
#6181=VECTOR('',#6180,1.E0);
#6182=CARTESIAN_POINT('',(6.969588011304E1,3.E1,4.406249821186E0));
#6183=LINE('',#6182,#6181);
#6184=DIRECTION('',(0.E0,1.E0,0.E0));
#6185=VECTOR('',#6184,1.E0);
#6186=CARTESIAN_POINT('',(6.988736945191E1,3.E1,4.406249821186E0));
#6187=LINE('',#6186,#6185);
#6188=DIRECTION('',(0.E0,1.E0,0.E0));
#6189=VECTOR('',#6188,1.E0);
#6190=CARTESIAN_POINT('',(7.017460359433E1,3.E1,4.312500178814E0));
#6191=LINE('',#6190,#6189);
#6192=DIRECTION('',(0.E0,1.E0,0.E0));
#6193=VECTOR('',#6192,1.E0);
#6194=CARTESIAN_POINT('',(7.046183760265E1,3.E1,4.124999821186E0));
#6195=LINE('',#6194,#6193);
#6196=DIRECTION('',(0.E0,1.E0,0.E0));
#6197=VECTOR('',#6196,1.E0);
#6198=CARTESIAN_POINT('',(7.065332694152E1,3.E1,3.843749821186E0));
#6199=LINE('',#6198,#6197);
#6200=DIRECTION('',(0.E0,1.E0,0.E0));
#6201=VECTOR('',#6200,1.E0);
#6202=CARTESIAN_POINT('',(7.074907161096E1,3.E1,3.468750178814E0));
#6203=LINE('',#6202,#6201);
#6204=DIRECTION('',(0.E0,1.E0,0.E0));
#6205=VECTOR('',#6204,1.E0);
#6206=CARTESIAN_POINT('',(7.074907161096E1,3.E1,2.906250178814E0));
#6207=LINE('',#6206,#6205);
#6208=DIRECTION('',(0.E0,1.E0,0.E0));
#6209=VECTOR('',#6208,1.E0);
#6210=CARTESIAN_POINT('',(7.065332694152E1,3.E1,2.53125E0));
#6211=LINE('',#6210,#6209);
#6212=DIRECTION('',(0.E0,1.E0,0.E0));
#6213=VECTOR('',#6212,1.E0);
#6214=CARTESIAN_POINT('',(5.703720418260E1,3.E1,-3.375E0));
#6215=LINE('',#6214,#6213);
#6216=DIRECTION('',(0.E0,1.E0,0.E0));
#6217=VECTOR('',#6216,1.E0);
#6218=CARTESIAN_POINT('',(5.703720418260E1,3.E1,-3.9375E0));
#6219=LINE('',#6218,#6217);
#6220=DIRECTION('',(0.E0,1.E0,0.E0));
#6221=VECTOR('',#6220,1.E0);
#6222=CARTESIAN_POINT('',(6.077124682710E1,3.E1,-3.9375E0));
#6223=LINE('',#6222,#6221);
#6224=DIRECTION('',(0.E0,1.E0,0.E0));
#6225=VECTOR('',#6224,1.E0);
#6226=CARTESIAN_POINT('',(6.010103387281E1,3.E1,-4.5E0));
#6227=LINE('',#6226,#6225);
#6228=DIRECTION('',(0.E0,1.E0,0.E0));
#6229=VECTOR('',#6228,1.E0);
#6230=CARTESIAN_POINT('',(6.086699149653E1,3.E1,-4.5E0));
#6231=LINE('',#6230,#6229);
#6232=DIRECTION('',(0.E0,1.E0,0.E0));
#6233=VECTOR('',#6232,1.E0);
#6234=CARTESIAN_POINT('',(6.153720418260E1,3.E1,-3.9375E0));
#6235=LINE('',#6234,#6233);
#6236=DIRECTION('',(0.E0,1.E0,0.E0));
#6237=VECTOR('',#6236,1.E0);
#6238=CARTESIAN_POINT('',(6.153720418260E1,3.E1,-3.375E0));
#6239=LINE('',#6238,#6237);
#6240=DIRECTION('',(0.E0,1.E0,0.E0));
#6241=VECTOR('',#6240,1.E0);
#6242=CARTESIAN_POINT('',(5.703720418260E1,3.E1,-1.499999910593E0));
#6243=LINE('',#6242,#6241);
#6244=DIRECTION('',(0.E0,1.E0,0.E0));
#6245=VECTOR('',#6244,1.E0);
#6246=CARTESIAN_POINT('',(5.703720418260E1,3.E1,-2.062499910593E0));
#6247=LINE('',#6246,#6245);
#6248=DIRECTION('',(0.E0,1.E0,0.E0));
#6249=VECTOR('',#6248,1.E0);
#6250=CARTESIAN_POINT('',(6.077124682710E1,3.E1,-2.062499910593E0));
#6251=LINE('',#6250,#6249);
#6252=DIRECTION('',(0.E0,1.E0,0.E0));
#6253=VECTOR('',#6252,1.E0);
#6254=CARTESIAN_POINT('',(6.010103387281E1,3.E1,-2.625000044703E0));
#6255=LINE('',#6254,#6253);
#6256=DIRECTION('',(0.E0,1.E0,0.E0));
#6257=VECTOR('',#6256,1.E0);
#6258=CARTESIAN_POINT('',(6.086699149653E1,3.E1,-2.625000044703E0));
#6259=LINE('',#6258,#6257);
#6260=DIRECTION('',(0.E0,1.E0,0.E0));
#6261=VECTOR('',#6260,1.E0);
#6262=CARTESIAN_POINT('',(6.153720418260E1,3.E1,-2.062499910593E0));
#6263=LINE('',#6262,#6261);
#6264=DIRECTION('',(0.E0,1.E0,0.E0));
#6265=VECTOR('',#6264,1.E0);
#6266=CARTESIAN_POINT('',(6.153720418260E1,3.E1,-1.499999910593E0));
#6267=LINE('',#6266,#6265);
#6268=DIRECTION('',(0.E0,1.E0,0.E0));
#6269=VECTOR('',#6268,1.E0);
#6270=CARTESIAN_POINT('',(5.933507651732E1,3.E1,0.E0));
#6271=LINE('',#6270,#6269);
#6272=DIRECTION('',(0.E0,1.E0,0.E0));
#6273=VECTOR('',#6272,1.E0);
#6274=CARTESIAN_POINT('',(5.943082118675E1,3.E1,-1.875000894070E-1));
#6275=LINE('',#6274,#6273);
#6276=DIRECTION('',(0.E0,1.E0,0.E0));
#6277=VECTOR('',#6276,1.E0);
#6278=CARTESIAN_POINT('',(5.971805519506E1,3.E1,-4.687500894070E-1));
#6279=LINE('',#6278,#6277);
#6280=DIRECTION('',(0.E0,1.E0,0.E0));
#6281=VECTOR('',#6280,1.E0);
#6282=CARTESIAN_POINT('',(6.010103387281E1,3.E1,-6.562499105930E-1));
#6283=LINE('',#6282,#6281);
#6284=DIRECTION('',(0.E0,1.E0,0.E0));
#6285=VECTOR('',#6284,1.E0);
#6286=CARTESIAN_POINT('',(6.038826788113E1,3.E1,-6.562499105930E-1));
#6287=LINE('',#6286,#6285);
#6288=DIRECTION('',(0.E0,1.E0,0.E0));
#6289=VECTOR('',#6288,1.E0);
#6290=CARTESIAN_POINT('',(6.086699149653E1,3.E1,-4.687500894070E-1));
#6291=LINE('',#6290,#6289);
#6292=DIRECTION('',(0.E0,1.E0,0.E0));
#6293=VECTOR('',#6292,1.E0);
#6294=CARTESIAN_POINT('',(6.115422550485E1,3.E1,-1.875000894070E-1));
#6295=LINE('',#6294,#6293);
#6296=DIRECTION('',(0.E0,1.E0,0.E0));
#6297=VECTOR('',#6296,1.E0);
#6298=CARTESIAN_POINT('',(6.144145951316E1,3.E1,2.8125E-1));
#6299=LINE('',#6298,#6297);
#6300=DIRECTION('',(0.E0,1.E0,0.E0));
#6301=VECTOR('',#6300,1.E0);
#6302=CARTESIAN_POINT('',(6.153720418260E1,3.E1,7.499998211861E-1));
#6303=LINE('',#6302,#6301);
#6304=DIRECTION('',(0.E0,1.E0,0.E0));
#6305=VECTOR('',#6304,1.E0);
#6306=CARTESIAN_POINT('',(6.153720418260E1,3.E1,1.125E0));
#6307=LINE('',#6306,#6305);
#6308=DIRECTION('',(0.E0,1.E0,0.E0));
#6309=VECTOR('',#6308,1.E0);
#6310=CARTESIAN_POINT('',(6.144145951316E1,3.E1,1.593749821186E0));
#6311=LINE('',#6310,#6309);
#6312=DIRECTION('',(0.E0,1.E0,0.E0));
#6313=VECTOR('',#6312,1.E0);
#6314=CARTESIAN_POINT('',(6.115422550485E1,3.E1,2.062500178814E0));
#6315=LINE('',#6314,#6313);
#6316=DIRECTION('',(0.E0,1.E0,0.E0));
#6317=VECTOR('',#6316,1.E0);
#6318=CARTESIAN_POINT('',(6.086699149653E1,3.E1,2.343750178814E0));
#6319=LINE('',#6318,#6317);
#6320=DIRECTION('',(0.E0,1.E0,0.E0));
#6321=VECTOR('',#6320,1.E0);
#6322=CARTESIAN_POINT('',(6.038826788113E1,3.E1,2.53125E0));
#6323=LINE('',#6322,#6321);
#6324=DIRECTION('',(0.E0,1.E0,0.E0));
#6325=VECTOR('',#6324,1.E0);
#6326=CARTESIAN_POINT('',(6.010103387281E1,3.E1,2.53125E0));
#6327=LINE('',#6326,#6325);
#6328=DIRECTION('',(0.E0,1.E0,0.E0));
#6329=VECTOR('',#6328,1.E0);
#6330=CARTESIAN_POINT('',(5.971805519506E1,3.E1,2.343750178814E0));
#6331=LINE('',#6330,#6329);
#6332=DIRECTION('',(0.E0,1.E0,0.E0));
#6333=VECTOR('',#6332,1.E0);
#6334=CARTESIAN_POINT('',(5.943082118675E1,3.E1,2.062500178814E0));
#6335=LINE('',#6334,#6333);
#6336=DIRECTION('',(0.E0,1.E0,0.E0));
#6337=VECTOR('',#6336,1.E0);
#6338=CARTESIAN_POINT('',(5.933507651732E1,3.E1,1.874999821186E0));
#6339=LINE('',#6338,#6337);
#6340=DIRECTION('',(0.E0,1.E0,0.E0));
#6341=VECTOR('',#6340,1.E0);
#6342=CARTESIAN_POINT('',(5.923933184788E1,3.E1,2.062500178814E0));
#6343=LINE('',#6342,#6341);
#6344=DIRECTION('',(0.E0,1.E0,0.E0));
#6345=VECTOR('',#6344,1.E0);
#6346=CARTESIAN_POINT('',(5.895209783957E1,3.E1,2.437499821186E0));
#6347=LINE('',#6346,#6345);
#6348=DIRECTION('',(0.E0,1.E0,0.E0));
#6349=VECTOR('',#6348,1.E0);
#6350=CARTESIAN_POINT('',(5.847337435827E1,3.E1,2.625000178814E0));
#6351=LINE('',#6350,#6349);
#6352=DIRECTION('',(0.E0,1.E0,0.E0));
#6353=VECTOR('',#6352,1.E0);
#6354=CARTESIAN_POINT('',(5.818614034996E1,3.E1,2.625000178814E0));
#6355=LINE('',#6354,#6353);
#6356=DIRECTION('',(0.E0,1.E0,0.E0));
#6357=VECTOR('',#6356,1.E0);
#6358=CARTESIAN_POINT('',(5.770741693571E1,3.E1,2.437499821186E0));
#6359=LINE('',#6358,#6357);
#6360=DIRECTION('',(0.E0,1.E0,0.E0));
#6361=VECTOR('',#6360,1.E0);
#6362=CARTESIAN_POINT('',(5.742018289387E1,3.E1,2.156249821186E0));
#6363=LINE('',#6362,#6361);
#6364=DIRECTION('',(0.E0,1.E0,0.E0));
#6365=VECTOR('',#6364,1.E0);
#6366=CARTESIAN_POINT('',(5.713294886042E1,3.E1,1.6875E0));
#6367=LINE('',#6366,#6365);
#6368=DIRECTION('',(0.E0,1.E0,0.E0));
#6369=VECTOR('',#6368,1.E0);
#6370=CARTESIAN_POINT('',(5.703720418260E1,3.E1,1.218750178814E0));
#6371=LINE('',#6370,#6369);
#6372=DIRECTION('',(0.E0,1.E0,0.E0));
#6373=VECTOR('',#6372,1.E0);
#6374=CARTESIAN_POINT('',(5.703720418260E1,3.E1,6.562501788139E-1));
#6375=LINE('',#6374,#6373);
#6376=DIRECTION('',(0.E0,1.E0,0.E0));
#6377=VECTOR('',#6376,1.E0);
#6378=CARTESIAN_POINT('',(5.713294886042E1,3.E1,1.874998211861E-1));
#6379=LINE('',#6378,#6377);
#6380=DIRECTION('',(0.E0,1.E0,0.E0));
#6381=VECTOR('',#6380,1.E0);
#6382=CARTESIAN_POINT('',(5.742018289387E1,3.E1,-2.8125E-1));
#6383=LINE('',#6382,#6381);
#6384=DIRECTION('',(0.E0,1.E0,0.E0));
#6385=VECTOR('',#6384,1.E0);
#6386=CARTESIAN_POINT('',(5.770741693571E1,3.E1,-5.625E-1));
#6387=LINE('',#6386,#6385);
#6388=DIRECTION('',(0.E0,1.E0,0.E0));
#6389=VECTOR('',#6388,1.E0);
#6390=CARTESIAN_POINT('',(5.818614034996E1,3.E1,-7.500000894070E-1));
#6391=LINE('',#6390,#6389);
#6392=DIRECTION('',(0.E0,1.E0,0.E0));
#6393=VECTOR('',#6392,1.E0);
#6394=CARTESIAN_POINT('',(5.847337435827E1,3.E1,-7.500000894070E-1));
#6395=LINE('',#6394,#6393);
#6396=DIRECTION('',(0.E0,1.E0,0.E0));
#6397=VECTOR('',#6396,1.E0);
#6398=CARTESIAN_POINT('',(5.895209783957E1,3.E1,-5.625E-1));
#6399=LINE('',#6398,#6397);
#6400=DIRECTION('',(0.E0,1.E0,0.E0));
#6401=VECTOR('',#6400,1.E0);
#6402=CARTESIAN_POINT('',(5.923933184788E1,3.E1,-1.875000894070E-1));
#6403=LINE('',#6402,#6401);
#6404=DIRECTION('',(0.E0,1.E0,0.E0));
#6405=VECTOR('',#6404,1.E0);
#6406=CARTESIAN_POINT('',(5.751592759684E1,3.E1,7.499998211861E-1));
#6407=LINE('',#6406,#6405);
#6408=DIRECTION('',(0.E0,1.E0,0.E0));
#6409=VECTOR('',#6408,1.E0);
#6410=CARTESIAN_POINT('',(5.751592759684E1,3.E1,1.125E0));
#6411=LINE('',#6410,#6409);
#6412=DIRECTION('',(0.E0,1.E0,0.E0));
#6413=VECTOR('',#6412,1.E0);
#6414=CARTESIAN_POINT('',(5.761167226628E1,3.E1,1.500000178814E0));
#6415=LINE('',#6414,#6413);
#6416=DIRECTION('',(0.E0,1.E0,0.E0));
#6417=VECTOR('',#6416,1.E0);
#6418=CARTESIAN_POINT('',(5.780316160515E1,3.E1,1.874999821186E0));
#6419=LINE('',#6418,#6417);
#6420=DIRECTION('',(0.E0,1.E0,0.E0));
#6421=VECTOR('',#6420,1.E0);
#6422=CARTESIAN_POINT('',(5.818614034996E1,3.E1,2.156249821186E0));
#6423=LINE('',#6422,#6421);
#6424=DIRECTION('',(0.E0,1.E0,0.E0));
#6425=VECTOR('',#6424,1.E0);
#6426=CARTESIAN_POINT('',(5.847337435827E1,3.E1,2.156249821186E0));
#6427=LINE('',#6426,#6425);
#6428=DIRECTION('',(0.E0,1.E0,0.E0));
#6429=VECTOR('',#6428,1.E0);
#6430=CARTESIAN_POINT('',(5.885635317013E1,3.E1,1.874999821186E0));
#6431=LINE('',#6430,#6429);
#6432=DIRECTION('',(0.E0,1.E0,0.E0));
#6433=VECTOR('',#6432,1.E0);
#6434=CARTESIAN_POINT('',(5.904784250900E1,3.E1,1.500000178814E0));
#6435=LINE('',#6434,#6433);
#6436=DIRECTION('',(0.E0,1.E0,0.E0));
#6437=VECTOR('',#6436,1.E0);
#6438=CARTESIAN_POINT('',(5.914358717844E1,3.E1,1.125E0));
#6439=LINE('',#6438,#6437);
#6440=DIRECTION('',(0.E0,1.E0,0.E0));
#6441=VECTOR('',#6440,1.E0);
#6442=CARTESIAN_POINT('',(5.914358717844E1,3.E1,7.499998211861E-1));
#6443=LINE('',#6442,#6441);
#6444=DIRECTION('',(0.E0,1.E0,0.E0));
#6445=VECTOR('',#6444,1.E0);
#6446=CARTESIAN_POINT('',(5.904784250900E1,3.E1,3.750001788139E-1));
#6447=LINE('',#6446,#6445);
#6448=DIRECTION('',(0.E0,1.E0,0.E0));
#6449=VECTOR('',#6448,1.E0);
#6450=CARTESIAN_POINT('',(5.885635317013E1,3.E1,0.E0));
#6451=LINE('',#6450,#6449);
#6452=DIRECTION('',(0.E0,1.E0,0.E0));
#6453=VECTOR('',#6452,1.E0);
#6454=CARTESIAN_POINT('',(5.847337435827E1,3.E1,-2.8125E-1));
#6455=LINE('',#6454,#6453);
#6456=DIRECTION('',(0.E0,1.E0,0.E0));
#6457=VECTOR('',#6456,1.E0);
#6458=CARTESIAN_POINT('',(5.818614034996E1,3.E1,-2.8125E-1));
#6459=LINE('',#6458,#6457);
#6460=DIRECTION('',(0.E0,1.E0,0.E0));
#6461=VECTOR('',#6460,1.E0);
#6462=CARTESIAN_POINT('',(5.780316160515E1,3.E1,0.E0));
#6463=LINE('',#6462,#6461);
#6464=DIRECTION('',(0.E0,1.E0,0.E0));
#6465=VECTOR('',#6464,1.E0);
#6466=CARTESIAN_POINT('',(5.761167226628E1,3.E1,3.750001788139E-1));
#6467=LINE('',#6466,#6465);
#6468=DIRECTION('',(0.E0,1.E0,0.E0));
#6469=VECTOR('',#6468,1.E0);
#6470=CARTESIAN_POINT('',(6.105848083541E1,3.E1,1.125E0));
#6471=LINE('',#6470,#6469);
#6472=DIRECTION('',(0.E0,1.E0,0.E0));
#6473=VECTOR('',#6472,1.E0);
#6474=CARTESIAN_POINT('',(6.105848083541E1,3.E1,7.499998211861E-1));
#6475=LINE('',#6474,#6473);
#6476=DIRECTION('',(0.E0,1.E0,0.E0));
#6477=VECTOR('',#6476,1.E0);
#6478=CARTESIAN_POINT('',(6.096273616597E1,3.E1,3.750001788139E-1));
#6479=LINE('',#6478,#6477);
#6480=DIRECTION('',(0.E0,1.E0,0.E0));
#6481=VECTOR('',#6480,1.E0);
#6482=CARTESIAN_POINT('',(6.067550215766E1,3.E1,0.E0));
#6483=LINE('',#6482,#6481);
#6484=DIRECTION('',(0.E0,1.E0,0.E0));
#6485=VECTOR('',#6484,1.E0);
#6486=CARTESIAN_POINT('',(6.038826788113E1,3.E1,-1.875000894070E-1));
#6487=LINE('',#6486,#6485);
#6488=DIRECTION('',(0.E0,1.E0,0.E0));
#6489=VECTOR('',#6488,1.E0);
#6490=CARTESIAN_POINT('',(6.019677854225E1,3.E1,-1.875000894070E-1));
#6491=LINE('',#6490,#6489);
#6492=DIRECTION('',(0.E0,1.E0,0.E0));
#6493=VECTOR('',#6492,1.E0);
#6494=CARTESIAN_POINT('',(5.990954453394E1,3.E1,0.E0));
#6495=LINE('',#6494,#6493);
#6496=DIRECTION('',(0.E0,1.E0,0.E0));
#6497=VECTOR('',#6496,1.E0);
#6498=CARTESIAN_POINT('',(5.962231052563E1,3.E1,3.750001788139E-1));
#6499=LINE('',#6498,#6497);
#6500=DIRECTION('',(0.E0,1.E0,0.E0));
#6501=VECTOR('',#6500,1.E0);
#6502=CARTESIAN_POINT('',(5.952656585619E1,3.E1,7.499998211861E-1));
#6503=LINE('',#6502,#6501);
#6504=DIRECTION('',(0.E0,1.E0,0.E0));
#6505=VECTOR('',#6504,1.E0);
#6506=CARTESIAN_POINT('',(5.952656585619E1,3.E1,1.125E0));
#6507=LINE('',#6506,#6505);
#6508=DIRECTION('',(0.E0,1.E0,0.E0));
#6509=VECTOR('',#6508,1.E0);
#6510=CARTESIAN_POINT('',(5.962231052563E1,3.E1,1.500000178814E0));
#6511=LINE('',#6510,#6509);
#6512=DIRECTION('',(0.E0,1.E0,0.E0));
#6513=VECTOR('',#6512,1.E0);
#6514=CARTESIAN_POINT('',(5.990954453394E1,3.E1,1.874999821186E0));
#6515=LINE('',#6514,#6513);
#6516=DIRECTION('',(0.E0,1.E0,0.E0));
#6517=VECTOR('',#6516,1.E0);
#6518=CARTESIAN_POINT('',(6.019677854225E1,3.E1,2.062500178814E0));
#6519=LINE('',#6518,#6517);
#6520=DIRECTION('',(0.E0,1.E0,0.E0));
#6521=VECTOR('',#6520,1.E0);
#6522=CARTESIAN_POINT('',(6.038826788113E1,3.E1,2.062500178814E0));
#6523=LINE('',#6522,#6521);
#6524=DIRECTION('',(0.E0,1.E0,0.E0));
#6525=VECTOR('',#6524,1.E0);
#6526=CARTESIAN_POINT('',(6.067550215766E1,3.E1,1.874999821186E0));
#6527=LINE('',#6526,#6525);
#6528=DIRECTION('',(0.E0,1.E0,0.E0));
#6529=VECTOR('',#6528,1.E0);
#6530=CARTESIAN_POINT('',(6.096273616597E1,3.E1,1.500000178814E0));
#6531=LINE('',#6530,#6529);
#6532=DIRECTION('',(0.E0,1.E0,0.E0));
#6533=VECTOR('',#6532,1.E0);
#6534=CARTESIAN_POINT('',(4.152139463513E1,3.E1,-3.375E0));
#6535=LINE('',#6534,#6533);
#6536=DIRECTION('',(0.E0,1.E0,0.E0));
#6537=VECTOR('',#6536,1.E0);
#6538=CARTESIAN_POINT('',(4.152139463513E1,3.E1,-3.9375E0));
#6539=LINE('',#6538,#6537);
#6540=DIRECTION('',(0.E0,1.E0,0.E0));
#6541=VECTOR('',#6540,1.E0);
#6542=CARTESIAN_POINT('',(4.525543727964E1,3.E1,-3.9375E0));
#6543=LINE('',#6542,#6541);
#6544=DIRECTION('',(0.E0,1.E0,0.E0));
#6545=VECTOR('',#6544,1.E0);
#6546=CARTESIAN_POINT('',(4.458522432535E1,3.E1,-4.5E0));
#6547=LINE('',#6546,#6545);
#6548=DIRECTION('',(0.E0,1.E0,0.E0));
#6549=VECTOR('',#6548,1.E0);
#6550=CARTESIAN_POINT('',(4.535118194907E1,3.E1,-4.5E0));
#6551=LINE('',#6550,#6549);
#6552=DIRECTION('',(0.E0,1.E0,0.E0));
#6553=VECTOR('',#6552,1.E0);
#6554=CARTESIAN_POINT('',(4.602139463513E1,3.E1,-3.9375E0));
#6555=LINE('',#6554,#6553);
#6556=DIRECTION('',(0.E0,1.E0,0.E0));
#6557=VECTOR('',#6556,1.E0);
#6558=CARTESIAN_POINT('',(4.602139463513E1,3.E1,-3.375E0));
#6559=LINE('',#6558,#6557);
#6560=DIRECTION('',(0.E0,1.E0,0.E0));
#6561=VECTOR('',#6560,1.E0);
#6562=CARTESIAN_POINT('',(4.200011804938E1,3.E1,4.687498211861E-1));
#6563=LINE('',#6562,#6561);
#6564=DIRECTION('',(0.E0,1.E0,0.E0));
#6565=VECTOR('',#6564,1.E0);
#6566=CARTESIAN_POINT('',(4.180862867697E1,3.E1,1.874998211861E-1));
#6567=LINE('',#6566,#6565);
#6568=DIRECTION('',(0.E0,1.E0,0.E0));
#6569=VECTOR('',#6568,1.E0);
#6570=CARTESIAN_POINT('',(4.161713931295E1,3.E1,-1.875000894070E-1));
#6571=LINE('',#6570,#6569);
#6572=DIRECTION('',(0.E0,1.E0,0.E0));
#6573=VECTOR('',#6572,1.E0);
#6574=CARTESIAN_POINT('',(4.152139463513E1,3.E1,-5.625E-1));
#6575=LINE('',#6574,#6573);
#6576=DIRECTION('',(0.E0,1.E0,0.E0));
#6577=VECTOR('',#6576,1.E0);
#6578=CARTESIAN_POINT('',(4.152139463513E1,3.E1,-1.312500089407E0));
#6579=LINE('',#6578,#6577);
#6580=DIRECTION('',(0.E0,1.E0,0.E0));
#6581=VECTOR('',#6580,1.E0);
#6582=CARTESIAN_POINT('',(4.161713931295E1,3.E1,-1.6875E0));
#6583=LINE('',#6582,#6581);
#6584=DIRECTION('',(0.E0,1.E0,0.E0));
#6585=VECTOR('',#6584,1.E0);
#6586=CARTESIAN_POINT('',(4.180862867697E1,3.E1,-2.062499910593E0));
#6587=LINE('',#6586,#6585);
#6588=DIRECTION('',(0.E0,1.E0,0.E0));
#6589=VECTOR('',#6588,1.E0);
#6590=CARTESIAN_POINT('',(4.200011804938E1,3.E1,-2.343750044703E0));
#6591=LINE('',#6590,#6589);
#6592=DIRECTION('',(0.E0,1.E0,0.E0));
#6593=VECTOR('',#6592,1.E0);
#6594=CARTESIAN_POINT('',(4.228735205769E1,3.E1,-2.53125E0));
#6595=LINE('',#6594,#6593);
#6596=DIRECTION('',(0.E0,1.E0,0.E0));
#6597=VECTOR('',#6596,1.E0);
#6598=CARTESIAN_POINT('',(4.257458613306E1,3.E1,-2.625000044703E0));
#6599=LINE('',#6598,#6597);
#6600=DIRECTION('',(0.E0,1.E0,0.E0));
#6601=VECTOR('',#6600,1.E0);
#6602=CARTESIAN_POINT('',(4.257458613306E1,3.E1,-2.156250089407E0));
#6603=LINE('',#6602,#6601);
#6604=DIRECTION('',(0.E0,1.E0,0.E0));
#6605=VECTOR('',#6604,1.E0);
#6606=CARTESIAN_POINT('',(4.238309679418E1,3.E1,-2.062499910593E0));
#6607=LINE('',#6606,#6605);
#6608=DIRECTION('',(0.E0,1.E0,0.E0));
#6609=VECTOR('',#6608,1.E0);
#6610=CARTESIAN_POINT('',(4.219160738825E1,3.E1,-1.875000089407E0));
#6611=LINE('',#6610,#6609);
#6612=DIRECTION('',(0.E0,1.E0,0.E0));
#6613=VECTOR('',#6612,1.E0);
#6614=CARTESIAN_POINT('',(4.209586271881E1,3.E1,-1.6875E0));
#6615=LINE('',#6614,#6613);
#6616=DIRECTION('',(0.E0,1.E0,0.E0));
#6617=VECTOR('',#6616,1.E0);
#6618=CARTESIAN_POINT('',(4.200011804938E1,3.E1,-1.218749910593E0));
#6619=LINE('',#6618,#6617);
#6620=DIRECTION('',(0.E0,1.E0,0.E0));
#6621=VECTOR('',#6620,1.E0);
#6622=CARTESIAN_POINT('',(4.200011804938E1,3.E1,-6.562499105930E-1));
#6623=LINE('',#6622,#6621);
#6624=DIRECTION('',(0.E0,1.E0,0.E0));
#6625=VECTOR('',#6624,1.E0);
#6626=CARTESIAN_POINT('',(4.209586271881E1,3.E1,-1.875000894070E-1));
#6627=LINE('',#6626,#6625);
#6628=DIRECTION('',(0.E0,1.E0,0.E0));
#6629=VECTOR('',#6628,1.E0);
#6630=CARTESIAN_POINT('',(4.219160738825E1,3.E1,0.E0));
#6631=LINE('',#6630,#6629);
#6632=DIRECTION('',(0.E0,1.E0,0.E0));
#6633=VECTOR('',#6632,1.E0);
#6634=CARTESIAN_POINT('',(4.238309679418E1,3.E1,1.874998211861E-1));
#6635=LINE('',#6634,#6633);
#6636=DIRECTION('',(0.E0,1.E0,0.E0));
#6637=VECTOR('',#6636,1.E0);
#6638=CARTESIAN_POINT('',(4.257458613306E1,3.E1,2.8125E-1));
#6639=LINE('',#6638,#6637);
#6640=DIRECTION('',(0.E0,1.E0,0.E0));
#6641=VECTOR('',#6640,1.E0);
#6642=CARTESIAN_POINT('',(4.295756481081E1,3.E1,2.8125E-1));
#6643=LINE('',#6642,#6641);
#6644=DIRECTION('',(0.E0,1.E0,0.E0));
#6645=VECTOR('',#6644,1.E0);
#6646=CARTESIAN_POINT('',(4.334054362267E1,3.E1,9.375017881393E-2));
#6647=LINE('',#6646,#6645);
#6648=DIRECTION('',(0.E0,1.E0,0.E0));
#6649=VECTOR('',#6648,1.E0);
#6650=CARTESIAN_POINT('',(4.353203296154E1,3.E1,-1.875000894070E-1));
#6651=LINE('',#6650,#6649);
#6652=DIRECTION('',(0.E0,1.E0,0.E0));
#6653=VECTOR('',#6652,1.E0);
#6654=CARTESIAN_POINT('',(4.362777763098E1,3.E1,-7.500000894070E-1));
#6655=LINE('',#6654,#6653);
#6656=DIRECTION('',(0.E0,1.E0,0.E0));
#6657=VECTOR('',#6656,1.E0);
#6658=CARTESIAN_POINT('',(4.362777763098E1,3.E1,-1.125E0));
#6659=LINE('',#6658,#6657);
#6660=DIRECTION('',(0.E0,1.E0,0.E0));
#6661=VECTOR('',#6660,1.E0);
#6662=CARTESIAN_POINT('',(4.401075630873E1,3.E1,-1.125E0));
#6663=LINE('',#6662,#6661);
#6664=DIRECTION('',(0.E0,1.E0,0.E0));
#6665=VECTOR('',#6664,1.E0);
#6666=CARTESIAN_POINT('',(4.401075630873E1,3.E1,-7.500000894070E-1));
#6667=LINE('',#6666,#6665);
#6668=DIRECTION('',(0.E0,1.E0,0.E0));
#6669=VECTOR('',#6668,1.E0);
#6670=CARTESIAN_POINT('',(4.420224564760E1,3.E1,-1.875000894070E-1));
#6671=LINE('',#6670,#6669);
#6672=DIRECTION('',(0.E0,1.E0,0.E0));
#6673=VECTOR('',#6672,1.E0);
#6674=CARTESIAN_POINT('',(4.439373498648E1,3.E1,0.E0));
#6675=LINE('',#6674,#6673);
#6676=DIRECTION('',(0.E0,1.E0,0.E0));
#6677=VECTOR('',#6676,1.E0);
#6678=CARTESIAN_POINT('',(4.477671366423E1,3.E1,1.874998211861E-1));
#6679=LINE('',#6678,#6677);
#6680=DIRECTION('',(0.E0,1.E0,0.E0));
#6681=VECTOR('',#6680,1.E0);
#6682=CARTESIAN_POINT('',(4.496820327132E1,3.E1,1.874998211861E-1));
#6683=LINE('',#6682,#6681);
#6684=DIRECTION('',(0.E0,1.E0,0.E0));
#6685=VECTOR('',#6684,1.E0);
#6686=CARTESIAN_POINT('',(4.525543727964E1,3.E1,0.E0));
#6687=LINE('',#6686,#6685);
#6688=DIRECTION('',(0.E0,1.E0,0.E0));
#6689=VECTOR('',#6688,1.E0);
#6690=CARTESIAN_POINT('',(4.544692661851E1,3.E1,-2.8125E-1));
#6691=LINE('',#6690,#6689);
#6692=DIRECTION('',(0.E0,1.E0,0.E0));
#6693=VECTOR('',#6692,1.E0);
#6694=CARTESIAN_POINT('',(4.554267128795E1,3.E1,-7.500000894070E-1));
#6695=LINE('',#6694,#6693);
#6696=DIRECTION('',(0.E0,1.E0,0.E0));
#6697=VECTOR('',#6696,1.E0);
#6698=CARTESIAN_POINT('',(4.554267128795E1,3.E1,-1.125E0));
#6699=LINE('',#6698,#6697);
#6700=DIRECTION('',(0.E0,1.E0,0.E0));
#6701=VECTOR('',#6700,1.E0);
#6702=CARTESIAN_POINT('',(4.544692661851E1,3.E1,-1.593750089407E0));
#6703=LINE('',#6702,#6701);
#6704=DIRECTION('',(0.E0,1.E0,0.E0));
#6705=VECTOR('',#6704,1.E0);
#6706=CARTESIAN_POINT('',(4.525543727964E1,3.E1,-1.875000089407E0));
#6707=LINE('',#6706,#6705);
#6708=DIRECTION('',(0.E0,1.E0,0.E0));
#6709=VECTOR('',#6708,1.E0);
#6710=CARTESIAN_POINT('',(4.496820327132E1,3.E1,-2.062499910593E0));
#6711=LINE('',#6710,#6709);
#6712=DIRECTION('',(0.E0,1.E0,0.E0));
#6713=VECTOR('',#6712,1.E0);
#6714=CARTESIAN_POINT('',(4.496820327132E1,3.E1,-2.53125E0));
#6715=LINE('',#6714,#6713);
#6716=DIRECTION('',(0.E0,1.E0,0.E0));
#6717=VECTOR('',#6716,1.E0);
#6718=CARTESIAN_POINT('',(4.535118194907E1,3.E1,-2.437499955297E0));
#6719=LINE('',#6718,#6717);
#6720=DIRECTION('',(0.E0,1.E0,0.E0));
#6721=VECTOR('',#6720,1.E0);
#6722=CARTESIAN_POINT('',(4.573416062682E1,3.E1,-2.062499910593E0));
#6723=LINE('',#6722,#6721);
#6724=DIRECTION('',(0.E0,1.E0,0.E0));
#6725=VECTOR('',#6724,1.E0);
#6726=CARTESIAN_POINT('',(4.592564996570E1,3.E1,-1.6875E0));
#6727=LINE('',#6726,#6725);
#6728=DIRECTION('',(0.E0,1.E0,0.E0));
#6729=VECTOR('',#6728,1.E0);
#6730=CARTESIAN_POINT('',(4.602139463513E1,3.E1,-1.031250089407E0));
#6731=LINE('',#6730,#6729);
#6732=DIRECTION('',(0.E0,1.E0,0.E0));
#6733=VECTOR('',#6732,1.E0);
#6734=CARTESIAN_POINT('',(4.602139463513E1,3.E1,-8.4375E-1));
#6735=LINE('',#6734,#6733);
#6736=DIRECTION('',(0.E0,1.E0,0.E0));
#6737=VECTOR('',#6736,1.E0);
#6738=CARTESIAN_POINT('',(4.592564996570E1,3.E1,-1.875000894070E-1));
#6739=LINE('',#6738,#6737);
#6740=DIRECTION('',(0.E0,1.E0,0.E0));
#6741=VECTOR('',#6740,1.E0);
#6742=CARTESIAN_POINT('',(4.573416062682E1,3.E1,1.874998211861E-1));
#6743=LINE('',#6742,#6741);
#6744=DIRECTION('',(0.E0,1.E0,0.E0));
#6745=VECTOR('',#6744,1.E0);
#6746=CARTESIAN_POINT('',(4.535118194907E1,3.E1,5.625E-1));
#6747=LINE('',#6746,#6745);
#6748=DIRECTION('',(0.E0,1.E0,0.E0));
#6749=VECTOR('',#6748,1.E0);
#6750=CARTESIAN_POINT('',(4.496820327132E1,3.E1,6.562501788139E-1));
#6751=LINE('',#6750,#6749);
#6752=DIRECTION('',(0.E0,1.E0,0.E0));
#6753=VECTOR('',#6752,1.E0);
#6754=CARTESIAN_POINT('',(4.477671366423E1,3.E1,6.562501788139E-1));
#6755=LINE('',#6754,#6753);
#6756=DIRECTION('',(0.E0,1.E0,0.E0));
#6757=VECTOR('',#6756,1.E0);
#6758=CARTESIAN_POINT('',(4.439373498648E1,3.E1,5.625E-1));
#6759=LINE('',#6758,#6757);
#6760=DIRECTION('',(0.E0,1.E0,0.E0));
#6761=VECTOR('',#6760,1.E0);
#6762=CARTESIAN_POINT('',(4.410650097817E1,3.E1,3.750001788139E-1));
#6763=LINE('',#6762,#6761);
#6764=DIRECTION('',(0.E0,1.E0,0.E0));
#6765=VECTOR('',#6764,1.E0);
#6766=CARTESIAN_POINT('',(4.381926696985E1,3.E1,0.E0));
#6767=LINE('',#6766,#6765);
#6768=DIRECTION('',(0.E0,1.E0,0.E0));
#6769=VECTOR('',#6768,1.E0);
#6770=CARTESIAN_POINT('',(4.362777763098E1,3.E1,4.687498211861E-1));
#6771=LINE('',#6770,#6769);
#6772=DIRECTION('',(0.E0,1.E0,0.E0));
#6773=VECTOR('',#6772,1.E0);
#6774=CARTESIAN_POINT('',(4.334054362267E1,3.E1,6.562501788139E-1));
#6775=LINE('',#6774,#6773);
#6776=DIRECTION('',(0.E0,1.E0,0.E0));
#6777=VECTOR('',#6776,1.E0);
#6778=CARTESIAN_POINT('',(4.295756481081E1,3.E1,7.499998211861E-1));
#6779=LINE('',#6778,#6777);
#6780=DIRECTION('',(0.E0,1.E0,0.E0));
#6781=VECTOR('',#6780,1.E0);
#6782=CARTESIAN_POINT('',(4.257458613306E1,3.E1,7.499998211861E-1));
#6783=LINE('',#6782,#6781);
#6784=DIRECTION('',(0.E0,1.E0,0.E0));
#6785=VECTOR('',#6784,1.E0);
#6786=CARTESIAN_POINT('',(4.228735205769E1,3.E1,6.562501788139E-1));
#6787=LINE('',#6786,#6785);
#6788=DIRECTION('',(0.E0,1.E0,0.E0));
#6789=VECTOR('',#6788,1.E0);
#6790=CARTESIAN_POINT('',(4.200011804938E1,3.E1,4.593749642372E0));
#6791=LINE('',#6790,#6789);
#6792=DIRECTION('',(0.E0,1.E0,0.E0));
#6793=VECTOR('',#6792,1.E0);
#6794=CARTESIAN_POINT('',(4.180862867697E1,3.E1,4.312500178814E0));
#6795=LINE('',#6794,#6793);
#6796=DIRECTION('',(0.E0,1.E0,0.E0));
#6797=VECTOR('',#6796,1.E0);
#6798=CARTESIAN_POINT('',(4.161713931295E1,3.E1,3.9375E0));
#6799=LINE('',#6798,#6797);
#6800=DIRECTION('',(0.E0,1.E0,0.E0));
#6801=VECTOR('',#6800,1.E0);
#6802=CARTESIAN_POINT('',(4.152139463513E1,3.E1,3.562499821186E0));
#6803=LINE('',#6802,#6801);
#6804=DIRECTION('',(0.E0,1.E0,0.E0));
#6805=VECTOR('',#6804,1.E0);
#6806=CARTESIAN_POINT('',(4.152139463513E1,3.E1,2.8125E0));
#6807=LINE('',#6806,#6805);
#6808=DIRECTION('',(0.E0,1.E0,0.E0));
#6809=VECTOR('',#6808,1.E0);
#6810=CARTESIAN_POINT('',(4.161713931295E1,3.E1,2.437499821186E0));
#6811=LINE('',#6810,#6809);
#6812=DIRECTION('',(0.E0,1.E0,0.E0));
#6813=VECTOR('',#6812,1.E0);
#6814=CARTESIAN_POINT('',(4.180862867697E1,3.E1,2.062500178814E0));
#6815=LINE('',#6814,#6813);
#6816=DIRECTION('',(0.E0,1.E0,0.E0));
#6817=VECTOR('',#6816,1.E0);
#6818=CARTESIAN_POINT('',(4.200011804938E1,3.E1,1.781250178814E0));
#6819=LINE('',#6818,#6817);
#6820=DIRECTION('',(0.E0,1.E0,0.E0));
#6821=VECTOR('',#6820,1.E0);
#6822=CARTESIAN_POINT('',(4.228735205769E1,3.E1,1.593749821186E0));
#6823=LINE('',#6822,#6821);
#6824=DIRECTION('',(0.E0,1.E0,0.E0));
#6825=VECTOR('',#6824,1.E0);
#6826=CARTESIAN_POINT('',(4.257458613306E1,3.E1,1.500000178814E0));
#6827=LINE('',#6826,#6825);
#6828=DIRECTION('',(0.E0,1.E0,0.E0));
#6829=VECTOR('',#6828,1.E0);
#6830=CARTESIAN_POINT('',(4.257458613306E1,3.E1,1.96875E0));
#6831=LINE('',#6830,#6829);
#6832=DIRECTION('',(0.E0,1.E0,0.E0));
#6833=VECTOR('',#6832,1.E0);
#6834=CARTESIAN_POINT('',(4.238309679418E1,3.E1,2.062500178814E0));
#6835=LINE('',#6834,#6833);
#6836=DIRECTION('',(0.E0,1.E0,0.E0));
#6837=VECTOR('',#6836,1.E0);
#6838=CARTESIAN_POINT('',(4.219160738825E1,3.E1,2.25E0));
#6839=LINE('',#6838,#6837);
#6840=DIRECTION('',(0.E0,1.E0,0.E0));
#6841=VECTOR('',#6840,1.E0);
#6842=CARTESIAN_POINT('',(4.209586271881E1,3.E1,2.437499821186E0));
#6843=LINE('',#6842,#6841);
#6844=DIRECTION('',(0.E0,1.E0,0.E0));
#6845=VECTOR('',#6844,1.E0);
#6846=CARTESIAN_POINT('',(4.200011804938E1,3.E1,2.906250178814E0));
#6847=LINE('',#6846,#6845);
#6848=DIRECTION('',(0.E0,1.E0,0.E0));
#6849=VECTOR('',#6848,1.E0);
#6850=CARTESIAN_POINT('',(4.200011804938E1,3.E1,3.468750178814E0));
#6851=LINE('',#6850,#6849);
#6852=DIRECTION('',(0.E0,1.E0,0.E0));
#6853=VECTOR('',#6852,1.E0);
#6854=CARTESIAN_POINT('',(4.209586271881E1,3.E1,3.9375E0));
#6855=LINE('',#6854,#6853);
#6856=DIRECTION('',(0.E0,1.E0,0.E0));
#6857=VECTOR('',#6856,1.E0);
#6858=CARTESIAN_POINT('',(4.219160738825E1,3.E1,4.124999821186E0));
#6859=LINE('',#6858,#6857);
#6860=DIRECTION('',(0.E0,1.E0,0.E0));
#6861=VECTOR('',#6860,1.E0);
#6862=CARTESIAN_POINT('',(4.238309679418E1,3.E1,4.312500178814E0));
#6863=LINE('',#6862,#6861);
#6864=DIRECTION('',(0.E0,1.E0,0.E0));
#6865=VECTOR('',#6864,1.E0);
#6866=CARTESIAN_POINT('',(4.257458613306E1,3.E1,4.406249821186E0));
#6867=LINE('',#6866,#6865);
#6868=DIRECTION('',(0.E0,1.E0,0.E0));
#6869=VECTOR('',#6868,1.E0);
#6870=CARTESIAN_POINT('',(4.295756481081E1,3.E1,4.406249821186E0));
#6871=LINE('',#6870,#6869);
#6872=DIRECTION('',(0.E0,1.E0,0.E0));
#6873=VECTOR('',#6872,1.E0);
#6874=CARTESIAN_POINT('',(4.334054362267E1,3.E1,4.21875E0));
#6875=LINE('',#6874,#6873);
#6876=DIRECTION('',(0.E0,1.E0,0.E0));
#6877=VECTOR('',#6876,1.E0);
#6878=CARTESIAN_POINT('',(4.353203296154E1,3.E1,3.9375E0));
#6879=LINE('',#6878,#6877);
#6880=DIRECTION('',(0.E0,1.E0,0.E0));
#6881=VECTOR('',#6880,1.E0);
#6882=CARTESIAN_POINT('',(4.362777763098E1,3.E1,3.375E0));
#6883=LINE('',#6882,#6881);
#6884=DIRECTION('',(0.E0,1.E0,0.E0));
#6885=VECTOR('',#6884,1.E0);
#6886=CARTESIAN_POINT('',(4.362777763098E1,3.E1,2.999999821186E0));
#6887=LINE('',#6886,#6885);
#6888=DIRECTION('',(0.E0,1.E0,0.E0));
#6889=VECTOR('',#6888,1.E0);
#6890=CARTESIAN_POINT('',(4.401075630873E1,3.E1,2.999999821186E0));
#6891=LINE('',#6890,#6889);
#6892=DIRECTION('',(0.E0,1.E0,0.E0));
#6893=VECTOR('',#6892,1.E0);
#6894=CARTESIAN_POINT('',(4.401075630873E1,3.E1,3.375E0));
#6895=LINE('',#6894,#6893);
#6896=DIRECTION('',(0.E0,1.E0,0.E0));
#6897=VECTOR('',#6896,1.E0);
#6898=CARTESIAN_POINT('',(4.420224564760E1,3.E1,3.9375E0));
#6899=LINE('',#6898,#6897);
#6900=DIRECTION('',(0.E0,1.E0,0.E0));
#6901=VECTOR('',#6900,1.E0);
#6902=CARTESIAN_POINT('',(4.439373498648E1,3.E1,4.124999821186E0));
#6903=LINE('',#6902,#6901);
#6904=DIRECTION('',(0.E0,1.E0,0.E0));
#6905=VECTOR('',#6904,1.E0);
#6906=CARTESIAN_POINT('',(4.477671366423E1,3.E1,4.312500178814E0));
#6907=LINE('',#6906,#6905);
#6908=DIRECTION('',(0.E0,1.E0,0.E0));
#6909=VECTOR('',#6908,1.E0);
#6910=CARTESIAN_POINT('',(4.496820327132E1,3.E1,4.312500178814E0));
#6911=LINE('',#6910,#6909);
#6912=DIRECTION('',(0.E0,1.E0,0.E0));
#6913=VECTOR('',#6912,1.E0);
#6914=CARTESIAN_POINT('',(4.525543727964E1,3.E1,4.124999821186E0));
#6915=LINE('',#6914,#6913);
#6916=DIRECTION('',(0.E0,1.E0,0.E0));
#6917=VECTOR('',#6916,1.E0);
#6918=CARTESIAN_POINT('',(4.544692661851E1,3.E1,3.843749821186E0));
#6919=LINE('',#6918,#6917);
#6920=DIRECTION('',(0.E0,1.E0,0.E0));
#6921=VECTOR('',#6920,1.E0);
#6922=CARTESIAN_POINT('',(4.554267128795E1,3.E1,3.375E0));
#6923=LINE('',#6922,#6921);
#6924=DIRECTION('',(0.E0,1.E0,0.E0));
#6925=VECTOR('',#6924,1.E0);
#6926=CARTESIAN_POINT('',(4.554267128795E1,3.E1,2.999999821186E0));
#6927=LINE('',#6926,#6925);
#6928=DIRECTION('',(0.E0,1.E0,0.E0));
#6929=VECTOR('',#6928,1.E0);
#6930=CARTESIAN_POINT('',(4.544692661851E1,3.E1,2.53125E0));
#6931=LINE('',#6930,#6929);
#6932=DIRECTION('',(0.E0,1.E0,0.E0));
#6933=VECTOR('',#6932,1.E0);
#6934=CARTESIAN_POINT('',(4.525543727964E1,3.E1,2.25E0));
#6935=LINE('',#6934,#6933);
#6936=DIRECTION('',(0.E0,1.E0,0.E0));
#6937=VECTOR('',#6936,1.E0);
#6938=CARTESIAN_POINT('',(4.496820327132E1,3.E1,2.062500178814E0));
#6939=LINE('',#6938,#6937);
#6940=DIRECTION('',(0.E0,1.E0,0.E0));
#6941=VECTOR('',#6940,1.E0);
#6942=CARTESIAN_POINT('',(4.496820327132E1,3.E1,1.593749821186E0));
#6943=LINE('',#6942,#6941);
#6944=DIRECTION('',(0.E0,1.E0,0.E0));
#6945=VECTOR('',#6944,1.E0);
#6946=CARTESIAN_POINT('',(4.535118194907E1,3.E1,1.6875E0));
#6947=LINE('',#6946,#6945);
#6948=DIRECTION('',(0.E0,1.E0,0.E0));
#6949=VECTOR('',#6948,1.E0);
#6950=CARTESIAN_POINT('',(4.573416062682E1,3.E1,2.062500178814E0));
#6951=LINE('',#6950,#6949);
#6952=DIRECTION('',(0.E0,1.E0,0.E0));
#6953=VECTOR('',#6952,1.E0);
#6954=CARTESIAN_POINT('',(4.592564996570E1,3.E1,2.437499821186E0));
#6955=LINE('',#6954,#6953);
#6956=DIRECTION('',(0.E0,1.E0,0.E0));
#6957=VECTOR('',#6956,1.E0);
#6958=CARTESIAN_POINT('',(4.602139463513E1,3.E1,3.09375E0));
#6959=LINE('',#6958,#6957);
#6960=DIRECTION('',(0.E0,1.E0,0.E0));
#6961=VECTOR('',#6960,1.E0);
#6962=CARTESIAN_POINT('',(4.602139463513E1,3.E1,3.281249821186E0));
#6963=LINE('',#6962,#6961);
#6964=DIRECTION('',(0.E0,1.E0,0.E0));
#6965=VECTOR('',#6964,1.E0);
#6966=CARTESIAN_POINT('',(4.592564996570E1,3.E1,3.9375E0));
#6967=LINE('',#6966,#6965);
#6968=DIRECTION('',(0.E0,1.E0,0.E0));
#6969=VECTOR('',#6968,1.E0);
#6970=CARTESIAN_POINT('',(4.573416062682E1,3.E1,4.312500178814E0));
#6971=LINE('',#6970,#6969);
#6972=DIRECTION('',(0.E0,1.E0,0.E0));
#6973=VECTOR('',#6972,1.E0);
#6974=CARTESIAN_POINT('',(4.535118194907E1,3.E1,4.687500357628E0));
#6975=LINE('',#6974,#6973);
#6976=DIRECTION('',(0.E0,1.E0,0.E0));
#6977=VECTOR('',#6976,1.E0);
#6978=CARTESIAN_POINT('',(4.496820327132E1,3.E1,4.78125E0));
#6979=LINE('',#6978,#6977);
#6980=DIRECTION('',(0.E0,1.E0,0.E0));
#6981=VECTOR('',#6980,1.E0);
#6982=CARTESIAN_POINT('',(4.477671366423E1,3.E1,4.78125E0));
#6983=LINE('',#6982,#6981);
#6984=DIRECTION('',(0.E0,1.E0,0.E0));
#6985=VECTOR('',#6984,1.E0);
#6986=CARTESIAN_POINT('',(4.439373498648E1,3.E1,4.687500357628E0));
#6987=LINE('',#6986,#6985);
#6988=DIRECTION('',(0.E0,1.E0,0.E0));
#6989=VECTOR('',#6988,1.E0);
#6990=CARTESIAN_POINT('',(4.410650097817E1,3.E1,4.5E0));
#6991=LINE('',#6990,#6989);
#6992=DIRECTION('',(0.E0,1.E0,0.E0));
#6993=VECTOR('',#6992,1.E0);
#6994=CARTESIAN_POINT('',(4.381926696985E1,3.E1,4.124999821186E0));
#6995=LINE('',#6994,#6993);
#6996=DIRECTION('',(0.E0,1.E0,0.E0));
#6997=VECTOR('',#6996,1.E0);
#6998=CARTESIAN_POINT('',(4.362777763098E1,3.E1,4.593749642372E0));
#6999=LINE('',#6998,#6997);
#7000=DIRECTION('',(0.E0,1.E0,0.E0));
#7001=VECTOR('',#7000,1.E0);
#7002=CARTESIAN_POINT('',(4.334054362267E1,3.E1,4.78125E0));
#7003=LINE('',#7002,#7001);
#7004=DIRECTION('',(0.E0,1.E0,0.E0));
#7005=VECTOR('',#7004,1.E0);
#7006=CARTESIAN_POINT('',(4.295756481081E1,3.E1,4.874999642372E0));
#7007=LINE('',#7006,#7005);
#7008=DIRECTION('',(0.E0,1.E0,0.E0));
#7009=VECTOR('',#7008,1.E0);
#7010=CARTESIAN_POINT('',(4.257458613306E1,3.E1,4.874999642372E0));
#7011=LINE('',#7010,#7009);
#7012=DIRECTION('',(0.E0,1.E0,0.E0));
#7013=VECTOR('',#7012,1.E0);
#7014=CARTESIAN_POINT('',(4.228735205769E1,3.E1,4.78125E0));
#7015=LINE('',#7014,#7013);
#7016=DIRECTION('',(0.E0,1.E0,0.E0));
#7017=VECTOR('',#7016,1.E0);
#7018=CARTESIAN_POINT('',(4.152139463513E1,3.E1,6.093750357628E0));
#7019=LINE('',#7018,#7017);
#7020=DIRECTION('',(0.E0,1.E0,0.E0));
#7021=VECTOR('',#7020,1.E0);
#7022=CARTESIAN_POINT('',(4.152139463513E1,3.E1,5.625E0));
#7023=LINE('',#7022,#7021);
#7024=DIRECTION('',(0.E0,1.E0,0.E0));
#7025=VECTOR('',#7024,1.E0);
#7026=CARTESIAN_POINT('',(4.200011804938E1,3.E1,5.625E0));
#7027=LINE('',#7026,#7025);
#7028=DIRECTION('',(0.E0,1.E0,0.E0));
#7029=VECTOR('',#7028,1.E0);
#7030=CARTESIAN_POINT('',(4.200011804938E1,3.E1,6.093750357628E0));
#7031=LINE('',#7030,#7029);
#7032=DIRECTION('',(0.E0,1.E0,0.E0));
#7033=VECTOR('',#7032,1.E0);
#7034=CARTESIAN_POINT('',(4.353203296154E1,3.E1,7.500000357628E0));
#7035=LINE('',#7034,#7033);
#7036=DIRECTION('',(0.E0,1.E0,0.E0));
#7037=VECTOR('',#7036,1.E0);
#7038=CARTESIAN_POINT('',(4.353203296154E1,3.E1,6.843749642372E0));
#7039=LINE('',#7038,#7037);
#7040=DIRECTION('',(0.E0,1.E0,0.E0));
#7041=VECTOR('',#7040,1.E0);
#7042=CARTESIAN_POINT('',(4.602139463513E1,3.E1,6.843749642372E0));
#7043=LINE('',#7042,#7041);
#7044=DIRECTION('',(0.E0,1.E0,0.E0));
#7045=VECTOR('',#7044,1.E0);
#7046=CARTESIAN_POINT('',(4.602139463513E1,3.E1,1.003125035763E1));
#7047=LINE('',#7046,#7045);
#7048=DIRECTION('',(0.E0,1.E0,0.E0));
#7049=VECTOR('',#7048,1.E0);
#7050=CARTESIAN_POINT('',(4.554267128795E1,3.E1,1.003125035763E1));
#7051=LINE('',#7050,#7049);
#7052=DIRECTION('',(0.E0,1.E0,0.E0));
#7053=VECTOR('',#7052,1.E0);
#7054=CARTESIAN_POINT('',(4.554267128795E1,3.E1,7.3125E0));
#7055=LINE('',#7054,#7053);
#7056=DIRECTION('',(0.E0,1.E0,0.E0));
#7057=VECTOR('',#7056,1.E0);
#7058=CARTESIAN_POINT('',(4.401075630873E1,3.E1,7.3125E0));
#7059=LINE('',#7058,#7057);
#7060=DIRECTION('',(0.E0,1.E0,0.E0));
#7061=VECTOR('',#7060,1.E0);
#7062=CARTESIAN_POINT('',(4.429799031704E1,3.E1,7.781250357628E0));
#7063=LINE('',#7062,#7061);
#7064=DIRECTION('',(0.E0,1.E0,0.E0));
#7065=VECTOR('',#7064,1.E0);
#7066=CARTESIAN_POINT('',(4.439373498648E1,3.E1,8.249999642372E0));
#7067=LINE('',#7066,#7065);
#7068=DIRECTION('',(0.E0,1.E0,0.E0));
#7069=VECTOR('',#7068,1.E0);
#7070=CARTESIAN_POINT('',(4.439373498648E1,3.E1,8.812499642372E0));
#7071=LINE('',#7070,#7069);
#7072=DIRECTION('',(0.E0,1.E0,0.E0));
#7073=VECTOR('',#7072,1.E0);
#7074=CARTESIAN_POINT('',(4.429799031704E1,3.E1,9.28125E0));
#7075=LINE('',#7074,#7073);
#7076=DIRECTION('',(0.E0,1.E0,0.E0));
#7077=VECTOR('',#7076,1.E0);
#7078=CARTESIAN_POINT('',(4.401075630873E1,3.E1,9.750000357628E0));
#7079=LINE('',#7078,#7077);
#7080=DIRECTION('',(0.E0,1.E0,0.E0));
#7081=VECTOR('',#7080,1.E0);
#7082=CARTESIAN_POINT('',(4.362777763098E1,3.E1,1.003125035763E1));
#7083=LINE('',#7082,#7081);
#7084=DIRECTION('',(0.E0,1.E0,0.E0));
#7085=VECTOR('',#7084,1.E0);
#7086=CARTESIAN_POINT('',(4.314905414968E1,3.E1,1.021874964237E1));
#7087=LINE('',#7086,#7085);
#7088=DIRECTION('',(0.E0,1.E0,0.E0));
#7089=VECTOR('',#7088,1.E0);
#7090=CARTESIAN_POINT('',(4.276607547193E1,3.E1,1.021874964237E1));
#7091=LINE('',#7090,#7089);
#7092=DIRECTION('',(0.E0,1.E0,0.E0));
#7093=VECTOR('',#7092,1.E0);
#7094=CARTESIAN_POINT('',(4.228735205769E1,3.E1,1.003125035763E1));
#7095=LINE('',#7094,#7093);
#7096=DIRECTION('',(0.E0,1.E0,0.E0));
#7097=VECTOR('',#7096,1.E0);
#7098=CARTESIAN_POINT('',(4.190437334641E1,3.E1,9.750000357628E0));
#7099=LINE('',#7098,#7097);
#7100=DIRECTION('',(0.E0,1.E0,0.E0));
#7101=VECTOR('',#7100,1.E0);
#7102=CARTESIAN_POINT('',(4.161713931295E1,3.E1,9.28125E0));
#7103=LINE('',#7102,#7101);
#7104=DIRECTION('',(0.E0,1.E0,0.E0));
#7105=VECTOR('',#7104,1.E0);
#7106=CARTESIAN_POINT('',(4.152139463513E1,3.E1,8.812499642372E0));
#7107=LINE('',#7106,#7105);
#7108=DIRECTION('',(0.E0,1.E0,0.E0));
#7109=VECTOR('',#7108,1.E0);
#7110=CARTESIAN_POINT('',(4.152139463513E1,3.E1,8.249999642372E0));
#7111=LINE('',#7110,#7109);
#7112=DIRECTION('',(0.E0,1.E0,0.E0));
#7113=VECTOR('',#7112,1.E0);
#7114=CARTESIAN_POINT('',(4.161713931295E1,3.E1,7.781250357628E0));
#7115=LINE('',#7114,#7113);
#7116=DIRECTION('',(0.E0,1.E0,0.E0));
#7117=VECTOR('',#7116,1.E0);
#7118=CARTESIAN_POINT('',(4.190437334641E1,3.E1,7.3125E0));
#7119=LINE('',#7118,#7117);
#7120=DIRECTION('',(0.E0,1.E0,0.E0));
#7121=VECTOR('',#7120,1.E0);
#7122=CARTESIAN_POINT('',(4.228735205769E1,3.E1,7.03125E0));
#7123=LINE('',#7122,#7121);
#7124=DIRECTION('',(0.E0,1.E0,0.E0));
#7125=VECTOR('',#7124,1.E0);
#7126=CARTESIAN_POINT('',(4.267033080249E1,3.E1,6.843749642372E0));
#7127=LINE('',#7126,#7125);
#7128=DIRECTION('',(0.E0,1.E0,0.E0));
#7129=VECTOR('',#7128,1.E0);
#7130=CARTESIAN_POINT('',(4.267033080249E1,3.E1,7.406249642372E0));
#7131=LINE('',#7130,#7129);
#7132=DIRECTION('',(0.E0,1.E0,0.E0));
#7133=VECTOR('',#7132,1.E0);
#7134=CARTESIAN_POINT('',(4.228735205769E1,3.E1,7.59375E0));
#7135=LINE('',#7134,#7133);
#7136=DIRECTION('',(0.E0,1.E0,0.E0));
#7137=VECTOR('',#7136,1.E0);
#7138=CARTESIAN_POINT('',(4.209586271881E1,3.E1,7.875E0));
#7139=LINE('',#7138,#7137);
#7140=DIRECTION('',(0.E0,1.E0,0.E0));
#7141=VECTOR('',#7140,1.E0);
#7142=CARTESIAN_POINT('',(4.200011804938E1,3.E1,8.249999642372E0));
#7143=LINE('',#7142,#7141);
#7144=DIRECTION('',(0.E0,1.E0,0.E0));
#7145=VECTOR('',#7144,1.E0);
#7146=CARTESIAN_POINT('',(4.200011804938E1,3.E1,8.812499642372E0));
#7147=LINE('',#7146,#7145);
#7148=DIRECTION('',(0.E0,1.E0,0.E0));
#7149=VECTOR('',#7148,1.E0);
#7150=CARTESIAN_POINT('',(4.209586271881E1,3.E1,9.187500357628E0));
#7151=LINE('',#7150,#7149);
#7152=DIRECTION('',(0.E0,1.E0,0.E0));
#7153=VECTOR('',#7152,1.E0);
#7154=CARTESIAN_POINT('',(4.228735205769E1,3.E1,9.468750357628E0));
#7155=LINE('',#7154,#7153);
#7156=DIRECTION('',(0.E0,1.E0,0.E0));
#7157=VECTOR('',#7156,1.E0);
#7158=CARTESIAN_POINT('',(4.257458613306E1,3.E1,9.656249642372E0));
#7159=LINE('',#7158,#7157);
#7160=DIRECTION('',(0.E0,1.E0,0.E0));
#7161=VECTOR('',#7160,1.E0);
#7162=CARTESIAN_POINT('',(4.286182014137E1,3.E1,9.750000357628E0));
#7163=LINE('',#7162,#7161);
#7164=DIRECTION('',(0.E0,1.E0,0.E0));
#7165=VECTOR('',#7164,1.E0);
#7166=CARTESIAN_POINT('',(4.305330948024E1,3.E1,9.750000357628E0));
#7167=LINE('',#7166,#7165);
#7168=DIRECTION('',(0.E0,1.E0,0.E0));
#7169=VECTOR('',#7168,1.E0);
#7170=CARTESIAN_POINT('',(4.334054362267E1,3.E1,9.656249642372E0));
#7171=LINE('',#7170,#7169);
#7172=DIRECTION('',(0.E0,1.E0,0.E0));
#7173=VECTOR('',#7172,1.E0);
#7174=CARTESIAN_POINT('',(4.362777763098E1,3.E1,9.468750357628E0));
#7175=LINE('',#7174,#7173);
#7176=DIRECTION('',(0.E0,1.E0,0.E0));
#7177=VECTOR('',#7176,1.E0);
#7178=CARTESIAN_POINT('',(4.381926696985E1,3.E1,9.187500357628E0));
#7179=LINE('',#7178,#7177);
#7180=DIRECTION('',(0.E0,1.E0,0.E0));
#7181=VECTOR('',#7180,1.E0);
#7182=CARTESIAN_POINT('',(4.391501163929E1,3.E1,8.812499642372E0));
#7183=LINE('',#7182,#7181);
#7184=DIRECTION('',(0.E0,1.E0,0.E0));
#7185=VECTOR('',#7184,1.E0);
#7186=CARTESIAN_POINT('',(4.391501163929E1,3.E1,8.249999642372E0));
#7187=LINE('',#7186,#7185);
#7188=DIRECTION('',(0.E0,1.E0,0.E0));
#7189=VECTOR('',#7188,1.E0);
#7190=CARTESIAN_POINT('',(4.381926696985E1,3.E1,7.875E0));
#7191=LINE('',#7190,#7189);
#7192=DIRECTION('',(0.E0,1.E0,0.E0));
#7193=VECTOR('',#7192,1.E0);
#7194=CARTESIAN_POINT('',(1.967693280303E1,3.E1,-1.96875E0));
#7195=LINE('',#7194,#7193);
#7196=DIRECTION('',(0.E0,1.E0,0.E0));
#7197=VECTOR('',#7196,1.E0);
#7198=CARTESIAN_POINT('',(1.967693280303E1,3.E1,-2.625000044703E0));
#7199=LINE('',#7198,#7197);
#7200=DIRECTION('',(0.E0,1.E0,0.E0));
#7201=VECTOR('',#7200,1.E0);
#7202=CARTESIAN_POINT('',(2.216629447663E1,3.E1,-2.625000044703E0));
#7203=LINE('',#7202,#7201);
#7204=DIRECTION('',(0.E0,1.E0,0.E0));
#7205=VECTOR('',#7204,1.E0);
#7206=CARTESIAN_POINT('',(2.216629447663E1,3.E1,5.625E-1));
#7207=LINE('',#7206,#7205);
#7208=DIRECTION('',(0.E0,1.E0,0.E0));
#7209=VECTOR('',#7208,1.E0);
#7210=CARTESIAN_POINT('',(2.168757112944E1,3.E1,5.625E-1));
#7211=LINE('',#7210,#7209);
#7212=DIRECTION('',(0.E0,1.E0,0.E0));
#7213=VECTOR('',#7212,1.E0);
#7214=CARTESIAN_POINT('',(2.168757112944E1,3.E1,-2.156250089407E0));
#7215=LINE('',#7214,#7213);
#7216=DIRECTION('',(0.E0,1.E0,0.E0));
#7217=VECTOR('',#7216,1.E0);
#7218=CARTESIAN_POINT('',(2.015565615022E1,3.E1,-2.156250089407E0));
#7219=LINE('',#7218,#7217);
#7220=DIRECTION('',(0.E0,1.E0,0.E0));
#7221=VECTOR('',#7220,1.E0);
#7222=CARTESIAN_POINT('',(2.044289015853E1,3.E1,-1.6875E0));
#7223=LINE('',#7222,#7221);
#7224=DIRECTION('',(0.E0,1.E0,0.E0));
#7225=VECTOR('',#7224,1.E0);
#7226=CARTESIAN_POINT('',(2.053863482797E1,3.E1,-1.218749910593E0));
#7227=LINE('',#7226,#7225);
#7228=DIRECTION('',(0.E0,1.E0,0.E0));
#7229=VECTOR('',#7228,1.E0);
#7230=CARTESIAN_POINT('',(2.053863482797E1,3.E1,-6.562499105930E-1));
#7231=LINE('',#7230,#7229);
#7232=DIRECTION('',(0.E0,1.E0,0.E0));
#7233=VECTOR('',#7232,1.E0);
#7234=CARTESIAN_POINT('',(2.044289015853E1,3.E1,-1.875000894070E-1));
#7235=LINE('',#7234,#7233);
#7236=DIRECTION('',(0.E0,1.E0,0.E0));
#7237=VECTOR('',#7236,1.E0);
#7238=CARTESIAN_POINT('',(2.015565615022E1,3.E1,2.8125E-1));
#7239=LINE('',#7238,#7237);
#7240=DIRECTION('',(0.E0,1.E0,0.E0));
#7241=VECTOR('',#7240,1.E0);
#7242=CARTESIAN_POINT('',(1.977267747247E1,3.E1,5.625E-1));
#7243=LINE('',#7242,#7241);
#7244=DIRECTION('',(0.E0,1.E0,0.E0));
#7245=VECTOR('',#7244,1.E0);
#7246=CARTESIAN_POINT('',(1.929395399117E1,3.E1,7.499998211861E-1));
#7247=LINE('',#7246,#7245);
#7248=DIRECTION('',(0.E0,1.E0,0.E0));
#7249=VECTOR('',#7248,1.E0);
#7250=CARTESIAN_POINT('',(1.891097531342E1,3.E1,7.499998211861E-1));
#7251=LINE('',#7250,#7249);
#7252=DIRECTION('',(0.E0,1.E0,0.E0));
#7253=VECTOR('',#7252,1.E0);
#7254=CARTESIAN_POINT('',(1.843225189918E1,3.E1,5.625E-1));
#7255=LINE('',#7254,#7253);
#7256=DIRECTION('',(0.E0,1.E0,0.E0));
#7257=VECTOR('',#7256,1.E0);
#7258=CARTESIAN_POINT('',(1.804927318790E1,3.E1,2.8125E-1));
#7259=LINE('',#7258,#7257);
#7260=DIRECTION('',(0.E0,1.E0,0.E0));
#7261=VECTOR('',#7260,1.E0);
#7262=CARTESIAN_POINT('',(1.776203915445E1,3.E1,-1.875000894070E-1));
#7263=LINE('',#7262,#7261);
#7264=DIRECTION('',(0.E0,1.E0,0.E0));
#7265=VECTOR('',#7264,1.E0);
#7266=CARTESIAN_POINT('',(1.766629447663E1,3.E1,-6.562499105930E-1));
#7267=LINE('',#7266,#7265);
#7268=DIRECTION('',(0.E0,1.E0,0.E0));
#7269=VECTOR('',#7268,1.E0);
#7270=CARTESIAN_POINT('',(1.766629447663E1,3.E1,-1.218749910593E0));
#7271=LINE('',#7270,#7269);
#7272=DIRECTION('',(0.E0,1.E0,0.E0));
#7273=VECTOR('',#7272,1.E0);
#7274=CARTESIAN_POINT('',(1.776203915445E1,3.E1,-1.6875E0));
#7275=LINE('',#7274,#7273);
#7276=DIRECTION('',(0.E0,1.E0,0.E0));
#7277=VECTOR('',#7276,1.E0);
#7278=CARTESIAN_POINT('',(1.804927318790E1,3.E1,-2.156250089407E0));
#7279=LINE('',#7278,#7277);
#7280=DIRECTION('',(0.E0,1.E0,0.E0));
#7281=VECTOR('',#7280,1.E0);
#7282=CARTESIAN_POINT('',(1.843225189918E1,3.E1,-2.437499955297E0));
#7283=LINE('',#7282,#7281);
#7284=DIRECTION('',(0.E0,1.E0,0.E0));
#7285=VECTOR('',#7284,1.E0);
#7286=CARTESIAN_POINT('',(1.881523064399E1,3.E1,-2.625000044703E0));
#7287=LINE('',#7286,#7285);
#7288=DIRECTION('',(0.E0,1.E0,0.E0));
#7289=VECTOR('',#7288,1.E0);
#7290=CARTESIAN_POINT('',(1.881523064399E1,3.E1,-2.062499910593E0));
#7291=LINE('',#7290,#7289);
#7292=DIRECTION('',(0.E0,1.E0,0.E0));
#7293=VECTOR('',#7292,1.E0);
#7294=CARTESIAN_POINT('',(1.843225189918E1,3.E1,-1.875000089407E0));
#7295=LINE('',#7294,#7293);
#7296=DIRECTION('',(0.E0,1.E0,0.E0));
#7297=VECTOR('',#7296,1.E0);
#7298=CARTESIAN_POINT('',(1.824076256031E1,3.E1,-1.593750089407E0));
#7299=LINE('',#7298,#7297);
#7300=DIRECTION('',(0.E0,1.E0,0.E0));
#7301=VECTOR('',#7300,1.E0);
#7302=CARTESIAN_POINT('',(1.814501789087E1,3.E1,-1.218749910593E0));
#7303=LINE('',#7302,#7301);
#7304=DIRECTION('',(0.E0,1.E0,0.E0));
#7305=VECTOR('',#7304,1.E0);
#7306=CARTESIAN_POINT('',(1.814501789087E1,3.E1,-6.562499105930E-1));
#7307=LINE('',#7306,#7305);
#7308=DIRECTION('',(0.E0,1.E0,0.E0));
#7309=VECTOR('',#7308,1.E0);
#7310=CARTESIAN_POINT('',(1.824076256031E1,3.E1,-2.8125E-1));
#7311=LINE('',#7310,#7309);
#7312=DIRECTION('',(0.E0,1.E0,0.E0));
#7313=VECTOR('',#7312,1.E0);
#7314=CARTESIAN_POINT('',(1.843225189918E1,3.E1,0.E0));
#7315=LINE('',#7314,#7313);
#7316=DIRECTION('',(0.E0,1.E0,0.E0));
#7317=VECTOR('',#7316,1.E0);
#7318=CARTESIAN_POINT('',(1.871948597455E1,3.E1,1.874998211861E-1));
#7319=LINE('',#7318,#7317);
#7320=DIRECTION('',(0.E0,1.E0,0.E0));
#7321=VECTOR('',#7320,1.E0);
#7322=CARTESIAN_POINT('',(1.900671998286E1,3.E1,2.8125E-1));
#7323=LINE('',#7322,#7321);
#7324=DIRECTION('',(0.E0,1.E0,0.E0));
#7325=VECTOR('',#7324,1.E0);
#7326=CARTESIAN_POINT('',(1.919820932173E1,3.E1,2.8125E-1));
#7327=LINE('',#7326,#7325);
#7328=DIRECTION('',(0.E0,1.E0,0.E0));
#7329=VECTOR('',#7328,1.E0);
#7330=CARTESIAN_POINT('',(1.948544346416E1,3.E1,1.874998211861E-1));
#7331=LINE('',#7330,#7329);
#7332=DIRECTION('',(0.E0,1.E0,0.E0));
#7333=VECTOR('',#7332,1.E0);
#7334=CARTESIAN_POINT('',(1.977267747247E1,3.E1,0.E0));
#7335=LINE('',#7334,#7333);
#7336=DIRECTION('',(0.E0,1.E0,0.E0));
#7337=VECTOR('',#7336,1.E0);
#7338=CARTESIAN_POINT('',(1.996416681134E1,3.E1,-2.8125E-1));
#7339=LINE('',#7338,#7337);
#7340=DIRECTION('',(0.E0,1.E0,0.E0));
#7341=VECTOR('',#7340,1.E0);
#7342=CARTESIAN_POINT('',(2.005991148078E1,3.E1,-6.562499105930E-1));
#7343=LINE('',#7342,#7341);
#7344=DIRECTION('',(0.E0,1.E0,0.E0));
#7345=VECTOR('',#7344,1.E0);
#7346=CARTESIAN_POINT('',(2.005991148078E1,3.E1,-1.218749910593E0));
#7347=LINE('',#7346,#7345);
#7348=DIRECTION('',(0.E0,1.E0,0.E0));
#7349=VECTOR('',#7348,1.E0);
#7350=CARTESIAN_POINT('',(1.996416681134E1,3.E1,-1.593750089407E0));
#7351=LINE('',#7350,#7349);
#7352=DIRECTION('',(0.E0,1.E0,0.E0));
#7353=VECTOR('',#7352,1.E0);
#7354=CARTESIAN_POINT('',(2.168757112944E1,3.E1,4.874999642372E0));
#7355=LINE('',#7354,#7353);
#7356=DIRECTION('',(0.E0,1.E0,0.E0));
#7357=VECTOR('',#7356,1.E0);
#7358=CARTESIAN_POINT('',(1.766629447663E1,3.E1,2.999999821186E0));
#7359=LINE('',#7358,#7357);
#7360=DIRECTION('',(0.E0,1.E0,0.E0));
#7361=VECTOR('',#7360,1.E0);
#7362=CARTESIAN_POINT('',(1.766629447663E1,3.E1,2.437499821186E0));
#7363=LINE('',#7362,#7361);
#7364=DIRECTION('',(0.E0,1.E0,0.E0));
#7365=VECTOR('',#7364,1.E0);
#7366=CARTESIAN_POINT('',(2.168757112944E1,3.E1,4.312500178814E0));
#7367=LINE('',#7366,#7365);
#7368=DIRECTION('',(0.E0,1.E0,0.E0));
#7369=VECTOR('',#7368,1.E0);
#7370=CARTESIAN_POINT('',(2.168757112944E1,3.E1,1.500000178814E0));
#7371=LINE('',#7370,#7369);
#7372=DIRECTION('',(0.E0,1.E0,0.E0));
#7373=VECTOR('',#7372,1.E0);
#7374=CARTESIAN_POINT('',(2.216629447663E1,3.E1,1.500000178814E0));
#7375=LINE('',#7374,#7373);
#7376=DIRECTION('',(0.E0,1.E0,0.E0));
#7377=VECTOR('',#7376,1.E0);
#7378=CARTESIAN_POINT('',(2.216629447663E1,3.E1,4.874999642372E0));
#7379=LINE('',#7378,#7377);
#7380=CARTESIAN_POINT('',(0.E0,1.2E1,5.7E0));
#7381=CARTESIAN_POINT('',(0.E0,1.2E1,-5.7E0));
#7382=VERTEX_POINT('',#7380);
#7383=VERTEX_POINT('',#7381);
#7384=CARTESIAN_POINT('',(7.77E1,5.8E0,-1.75E1));
#7385=CARTESIAN_POINT('',(7.67E1,5.8E0,-1.75E1));
#7386=VERTEX_POINT('',#7384);
#7387=VERTEX_POINT('',#7385);
#7388=CARTESIAN_POINT('',(6.57E1,5.8E0,-1.75E1));
#7389=CARTESIAN_POINT('',(6.47E1,5.8E0,-1.75E1));
#7390=VERTEX_POINT('',#7388);
#7391=VERTEX_POINT('',#7389);
#7392=CARTESIAN_POINT('',(5.27E1,5.8E0,-1.75E1));
#7393=CARTESIAN_POINT('',(5.17E1,5.8E0,-1.75E1));
#7394=VERTEX_POINT('',#7392);
#7395=VERTEX_POINT('',#7393);
#7396=CARTESIAN_POINT('',(3.72E1,5.8E0,-1.75E1));
#7397=CARTESIAN_POINT('',(3.62E1,5.8E0,-1.75E1));
#7398=VERTEX_POINT('',#7396);
#7399=VERTEX_POINT('',#7397);
#7400=CARTESIAN_POINT('',(1.37E1,5.8E0,-1.75E1));
#7401=CARTESIAN_POINT('',(1.27E1,5.8E0,-1.75E1));
#7402=VERTEX_POINT('',#7400);
#7403=VERTEX_POINT('',#7401);
#7404=CARTESIAN_POINT('',(7.77E1,5.8E0,1.75E1));
#7405=CARTESIAN_POINT('',(7.67E1,5.8E0,1.75E1));
#7406=VERTEX_POINT('',#7404);
#7407=VERTEX_POINT('',#7405);
#7408=CARTESIAN_POINT('',(6.57E1,5.8E0,1.75E1));
#7409=CARTESIAN_POINT('',(6.47E1,5.8E0,1.75E1));
#7410=VERTEX_POINT('',#7408);
#7411=VERTEX_POINT('',#7409);
#7412=CARTESIAN_POINT('',(5.27E1,5.8E0,1.75E1));
#7413=CARTESIAN_POINT('',(5.17E1,5.8E0,1.75E1));
#7414=VERTEX_POINT('',#7412);
#7415=VERTEX_POINT('',#7413);
#7416=CARTESIAN_POINT('',(3.72E1,5.8E0,1.75E1));
#7417=CARTESIAN_POINT('',(3.62E1,5.8E0,1.75E1));
#7418=VERTEX_POINT('',#7416);
#7419=VERTEX_POINT('',#7417);
#7420=CARTESIAN_POINT('',(1.37E1,5.8E0,1.75E1));
#7421=CARTESIAN_POINT('',(1.27E1,5.8E0,1.75E1));
#7422=VERTEX_POINT('',#7420);
#7423=VERTEX_POINT('',#7421);
#7424=CARTESIAN_POINT('',(1.27E1,1.2E1,5.7E0));
#7425=CARTESIAN_POINT('',(1.27E1,1.2E1,-5.7E0));
#7426=VERTEX_POINT('',#7424);
#7427=VERTEX_POINT('',#7425);
#7428=CARTESIAN_POINT('',(1.37E1,1.2E1,5.7E0));
#7429=CARTESIAN_POINT('',(1.37E1,1.2E1,-5.7E0));
#7430=VERTEX_POINT('',#7428);
#7431=VERTEX_POINT('',#7429);
#7432=CARTESIAN_POINT('',(3.62E1,1.2E1,5.7E0));
#7433=CARTESIAN_POINT('',(3.62E1,1.2E1,-5.7E0));
#7434=VERTEX_POINT('',#7432);
#7435=VERTEX_POINT('',#7433);
#7436=CARTESIAN_POINT('',(3.72E1,1.2E1,5.7E0));
#7437=CARTESIAN_POINT('',(3.72E1,1.2E1,-5.7E0));
#7438=VERTEX_POINT('',#7436);
#7439=VERTEX_POINT('',#7437);
#7440=CARTESIAN_POINT('',(5.17E1,1.2E1,5.7E0));
#7441=CARTESIAN_POINT('',(5.17E1,1.2E1,-5.7E0));
#7442=VERTEX_POINT('',#7440);
#7443=VERTEX_POINT('',#7441);
#7444=CARTESIAN_POINT('',(5.27E1,1.2E1,5.7E0));
#7445=CARTESIAN_POINT('',(5.27E1,1.2E1,-5.7E0));
#7446=VERTEX_POINT('',#7444);
#7447=VERTEX_POINT('',#7445);
#7448=CARTESIAN_POINT('',(6.47E1,1.2E1,5.7E0));
#7449=CARTESIAN_POINT('',(6.47E1,1.2E1,-5.7E0));
#7450=VERTEX_POINT('',#7448);
#7451=VERTEX_POINT('',#7449);
#7452=CARTESIAN_POINT('',(6.57E1,1.2E1,5.7E0));
#7453=CARTESIAN_POINT('',(6.57E1,1.2E1,-5.7E0));
#7454=VERTEX_POINT('',#7452);
#7455=VERTEX_POINT('',#7453);
#7456=CARTESIAN_POINT('',(7.67E1,1.2E1,5.7E0));
#7457=CARTESIAN_POINT('',(7.67E1,1.2E1,-5.7E0));
#7458=VERTEX_POINT('',#7456);
#7459=VERTEX_POINT('',#7457);
#7460=CARTESIAN_POINT('',(7.77E1,1.2E1,5.7E0));
#7461=CARTESIAN_POINT('',(7.77E1,1.2E1,-5.7E0));
#7462=VERTEX_POINT('',#7460);
#7463=VERTEX_POINT('',#7461);
#7464=CARTESIAN_POINT('',(3.62E1,3.E1,1.41E1));
#7465=CARTESIAN_POINT('',(3.62E1,2.66E1,1.75E1));
#7466=VERTEX_POINT('',#7464);
#7467=VERTEX_POINT('',#7465);
#7468=CARTESIAN_POINT('',(1.37E1,2.66E1,1.75E1));
#7469=VERTEX_POINT('',#7468);
#7470=CARTESIAN_POINT('',(1.37E1,3.E1,1.41E1));
#7471=VERTEX_POINT('',#7470);
#7472=CARTESIAN_POINT('',(5.17E1,3.E1,1.41E1));
#7473=CARTESIAN_POINT('',(5.17E1,2.66E1,1.75E1));
#7474=VERTEX_POINT('',#7472);
#7475=VERTEX_POINT('',#7473);
#7476=CARTESIAN_POINT('',(3.72E1,2.66E1,1.75E1));
#7477=VERTEX_POINT('',#7476);
#7478=CARTESIAN_POINT('',(3.72E1,3.E1,1.41E1));
#7479=VERTEX_POINT('',#7478);
#7480=CARTESIAN_POINT('',(6.47E1,3.E1,1.41E1));
#7481=CARTESIAN_POINT('',(6.47E1,2.66E1,1.75E1));
#7482=VERTEX_POINT('',#7480);
#7483=VERTEX_POINT('',#7481);
#7484=CARTESIAN_POINT('',(5.27E1,2.66E1,1.75E1));
#7485=VERTEX_POINT('',#7484);
#7486=CARTESIAN_POINT('',(5.27E1,3.E1,1.41E1));
#7487=VERTEX_POINT('',#7486);
#7488=CARTESIAN_POINT('',(7.67E1,3.E1,1.41E1));
#7489=CARTESIAN_POINT('',(7.67E1,2.66E1,1.75E1));
#7490=VERTEX_POINT('',#7488);
#7491=VERTEX_POINT('',#7489);
#7492=CARTESIAN_POINT('',(6.57E1,2.66E1,1.75E1));
#7493=VERTEX_POINT('',#7492);
#7494=CARTESIAN_POINT('',(6.57E1,3.E1,1.41E1));
#7495=VERTEX_POINT('',#7494);
#7496=CARTESIAN_POINT('',(1.27E1,3.E1,1.41E1));
#7497=CARTESIAN_POINT('',(1.27E1,2.66E1,1.75E1));
#7498=VERTEX_POINT('',#7496);
#7499=VERTEX_POINT('',#7497);
#7500=CARTESIAN_POINT('',(5.799999984215E0,2.66E1,1.75E1));
#7501=VERTEX_POINT('',#7500);
#7502=CARTESIAN_POINT('',(5.8E0,3.E1,1.41E1));
#7503=VERTEX_POINT('',#7502);
#7504=CARTESIAN_POINT('',(3.4E0,3.E1,1.17E1));
#7505=VERTEX_POINT('',#7504);
#7506=CARTESIAN_POINT('',(0.E0,2.66E1,1.17E1));
#7507=VERTEX_POINT('',#7506);
#7508=CARTESIAN_POINT('',(3.4E0,3.E1,-1.17E1));
#7509=VERTEX_POINT('',#7508);
#7510=CARTESIAN_POINT('',(0.E0,2.66E1,-1.170000001579E1));
#7511=VERTEX_POINT('',#7510);
#7512=CARTESIAN_POINT('',(5.8E0,3.E1,-1.41E1));
#7513=VERTEX_POINT('',#7512);
#7514=CARTESIAN_POINT('',(5.8E0,2.66E1,-1.75E1));
#7515=VERTEX_POINT('',#7514);
#7516=CARTESIAN_POINT('',(1.27E1,2.66E1,-1.75E1));
#7517=CARTESIAN_POINT('',(1.27E1,3.E1,-1.41E1));
#7518=VERTEX_POINT('',#7516);
#7519=VERTEX_POINT('',#7517);
#7520=CARTESIAN_POINT('',(1.37E1,3.E1,-1.41E1));
#7521=CARTESIAN_POINT('',(1.37E1,2.66E1,-1.75E1));
#7522=VERTEX_POINT('',#7520);
#7523=VERTEX_POINT('',#7521);
#7524=CARTESIAN_POINT('',(3.62E1,2.66E1,-1.75E1));
#7525=VERTEX_POINT('',#7524);
#7526=CARTESIAN_POINT('',(3.62E1,3.E1,-1.41E1));
#7527=VERTEX_POINT('',#7526);
#7528=CARTESIAN_POINT('',(3.72E1,3.E1,-1.41E1));
#7529=CARTESIAN_POINT('',(3.72E1,2.66E1,-1.75E1));
#7530=VERTEX_POINT('',#7528);
#7531=VERTEX_POINT('',#7529);
#7532=CARTESIAN_POINT('',(5.17E1,2.66E1,-1.75E1));
#7533=VERTEX_POINT('',#7532);
#7534=CARTESIAN_POINT('',(5.17E1,3.E1,-1.41E1));
#7535=VERTEX_POINT('',#7534);
#7536=CARTESIAN_POINT('',(5.27E1,3.E1,-1.41E1));
#7537=CARTESIAN_POINT('',(5.27E1,2.66E1,-1.75E1));
#7538=VERTEX_POINT('',#7536);
#7539=VERTEX_POINT('',#7537);
#7540=CARTESIAN_POINT('',(6.47E1,2.66E1,-1.75E1));
#7541=VERTEX_POINT('',#7540);
#7542=CARTESIAN_POINT('',(6.47E1,3.E1,-1.41E1));
#7543=VERTEX_POINT('',#7542);
#7544=CARTESIAN_POINT('',(6.57E1,3.E1,-1.41E1));
#7545=CARTESIAN_POINT('',(6.57E1,2.66E1,-1.75E1));
#7546=VERTEX_POINT('',#7544);
#7547=VERTEX_POINT('',#7545);
#7548=CARTESIAN_POINT('',(7.67E1,2.66E1,-1.75E1));
#7549=VERTEX_POINT('',#7548);
#7550=CARTESIAN_POINT('',(7.67E1,3.E1,-1.41E1));
#7551=VERTEX_POINT('',#7550);
#7552=CARTESIAN_POINT('',(7.77E1,3.E1,-1.41E1));
#7553=CARTESIAN_POINT('',(7.77E1,2.66E1,-1.75E1));
#7554=VERTEX_POINT('',#7552);
#7555=VERTEX_POINT('',#7553);
#7556=CARTESIAN_POINT('',(1.748087361845E2,2.66E1,-1.75E1));
#7557=VERTEX_POINT('',#7556);
#7558=CARTESIAN_POINT('',(1.772087361687E2,3.E1,-1.17E1));
#7559=CARTESIAN_POINT('',(1.748087361687E2,3.E1,-1.41E1));
#7560=VERTEX_POINT('',#7558);
#7561=VERTEX_POINT('',#7559);
#7562=CARTESIAN_POINT('',(1.806087361687E2,2.66E1,-1.17E1));
#7563=VERTEX_POINT('',#7562);
#7564=CARTESIAN_POINT('',(1.806087361687E2,2.66E1,1.170000001579E1));
#7565=VERTEX_POINT('',#7564);
#7566=CARTESIAN_POINT('',(1.748087361687E2,2.66E1,1.75E1));
#7567=VERTEX_POINT('',#7566);
#7568=CARTESIAN_POINT('',(7.77E1,2.66E1,1.75E1));
#7569=CARTESIAN_POINT('',(7.77E1,3.E1,1.41E1));
#7570=VERTEX_POINT('',#7568);
#7571=VERTEX_POINT('',#7569);
#7572=CARTESIAN_POINT('',(8.843924698303E1,1.2E1,5.7E0));
#7573=CARTESIAN_POINT('',(8.843924698303E1,1.2E1,-5.7E0));
#7574=VERTEX_POINT('',#7572);
#7575=VERTEX_POINT('',#7573);
#7576=CARTESIAN_POINT('',(1.586207569692E2,3.E1,-1.078170885157E1));
#7577=CARTESIAN_POINT('',(9.068924698303E1,3.E1,-1.078170885157E1));
#7578=VERTEX_POINT('',#7576);
#7579=VERTEX_POINT('',#7577);
#7580=CARTESIAN_POINT('',(8.843924698303E1,3.E1,-8.531708851566E0));
#7581=CARTESIAN_POINT('',(8.843924698303E1,3.E1,8.531708851566E0));
#7582=VERTEX_POINT('',#7580);
#7583=VERTEX_POINT('',#7581);
#7584=CARTESIAN_POINT('',(9.068924698303E1,3.E1,1.078170885157E1));
#7585=CARTESIAN_POINT('',(1.586207569692E2,3.E1,1.078170885157E1));
#7586=VERTEX_POINT('',#7584);
#7587=VERTEX_POINT('',#7585);
#7588=CARTESIAN_POINT('',(1.608707569692E2,3.E1,8.531708851566E0));
#7589=CARTESIAN_POINT('',(1.608707569692E2,3.E1,-8.531708851566E0));
#7590=VERTEX_POINT('',#7588);
#7591=VERTEX_POINT('',#7589);
#7592=CARTESIAN_POINT('',(8.075319149792E1,3.1E1,-4.312499994412E0));
#7593=CARTESIAN_POINT('',(8.046595742255E1,3.1E1,-4.21875E0));
#7594=VERTEX_POINT('',#7592);
#7595=VERTEX_POINT('',#7593);
#7596=CARTESIAN_POINT('',(8.008297871128E1,3.1E1,-3.9375E0));
#7597=VERTEX_POINT('',#7596);
#7598=CARTESIAN_POINT('',(7.979574467782E1,3.1E1,-3.468749977648E0));
#7599=VERTEX_POINT('',#7598);
#7600=CARTESIAN_POINT('',(7.97E1,3.1E1,-2.999999955297E0));
#7601=VERTEX_POINT('',#7600);
#7602=CARTESIAN_POINT('',(7.97E1,3.1E1,-2.625000044703E0));
#7603=VERTEX_POINT('',#7602);
#7604=CARTESIAN_POINT('',(7.979574467782E1,3.1E1,-2.156250089407E0));
#7605=VERTEX_POINT('',#7604);
#7606=CARTESIAN_POINT('',(8.008297871128E1,3.1E1,-1.6875E0));
#7607=VERTEX_POINT('',#7606);
#7608=CARTESIAN_POINT('',(8.046595742255E1,3.1E1,-1.40625E0));
#7609=VERTEX_POINT('',#7608);
#7610=CARTESIAN_POINT('',(8.094468083680E1,3.1E1,-1.218749910593E0));
#7611=VERTEX_POINT('',#7610);
#7612=CARTESIAN_POINT('',(8.161489365697E1,3.1E1,-1.125E0));
#7613=VERTEX_POINT('',#7612);
#7614=CARTESIAN_POINT('',(8.228510634303E1,3.1E1,-1.125E0));
#7615=VERTEX_POINT('',#7614);
#7616=CARTESIAN_POINT('',(8.295531902909E1,3.1E1,-1.218749910593E0));
#7617=VERTEX_POINT('',#7616);
#7618=CARTESIAN_POINT('',(8.343404264450E1,3.1E1,-1.40625E0));
#7619=VERTEX_POINT('',#7618);
#7620=CARTESIAN_POINT('',(8.381702132225E1,3.1E1,-1.6875E0));
#7621=VERTEX_POINT('',#7620);
#7622=CARTESIAN_POINT('',(8.410425533056E1,3.1E1,-2.156250089407E0));
#7623=VERTEX_POINT('',#7622);
#7624=CARTESIAN_POINT('',(8.42E1,3.1E1,-2.625000044703E0));
#7625=VERTEX_POINT('',#7624);
#7626=CARTESIAN_POINT('',(8.42E1,3.1E1,-3.09375E0));
#7627=VERTEX_POINT('',#7626);
#7628=CARTESIAN_POINT('',(8.410425533056E1,3.1E1,-3.562500022352E0));
#7629=VERTEX_POINT('',#7628);
#7630=CARTESIAN_POINT('',(8.381702132225E1,3.1E1,-4.031250011176E0));
#7631=VERTEX_POINT('',#7630);
#7632=CARTESIAN_POINT('',(8.343404264450E1,3.1E1,-4.312499994412E0));
#7633=VERTEX_POINT('',#7632);
#7634=CARTESIAN_POINT('',(8.295531902909E1,3.1E1,-4.5E0));
#7635=VERTEX_POINT('',#7634);
#7636=CARTESIAN_POINT('',(8.257234035134E1,3.1E1,-4.5E0));
#7637=VERTEX_POINT('',#7636);
#7638=CARTESIAN_POINT('',(8.209361700416E1,3.1E1,-4.312499994412E0));
#7639=VERTEX_POINT('',#7638);
#7640=CARTESIAN_POINT('',(8.171063832641E1,3.1E1,-4.031250011176E0));
#7641=VERTEX_POINT('',#7640);
#7642=CARTESIAN_POINT('',(8.142340431809E1,3.1E1,-3.562500022352E0));
#7643=VERTEX_POINT('',#7642);
#7644=CARTESIAN_POINT('',(8.132765951455E1,3.1E1,-3.09375E0));
#7645=VERTEX_POINT('',#7644);
#7646=CARTESIAN_POINT('',(8.132765951455E1,3.1E1,-2.625000044703E0));
#7647=VERTEX_POINT('',#7646);
#7648=CARTESIAN_POINT('',(8.142340431809E1,3.1E1,-2.156250089407E0));
#7649=VERTEX_POINT('',#7648);
#7650=CARTESIAN_POINT('',(8.180638299584E1,3.1E1,-1.593750089407E0));
#7651=VERTEX_POINT('',#7650);
#7652=CARTESIAN_POINT('',(8.161489365697E1,3.1E1,-1.593750089407E0));
#7653=VERTEX_POINT('',#7652);
#7654=CARTESIAN_POINT('',(8.104042550623E1,3.1E1,-1.6875E0));
#7655=VERTEX_POINT('',#7654);
#7656=CARTESIAN_POINT('',(8.075319149792E1,3.1E1,-1.781249910593E0));
#7657=VERTEX_POINT('',#7656);
#7658=CARTESIAN_POINT('',(8.046595742255E1,3.1E1,-1.96875E0));
#7659=VERTEX_POINT('',#7658);
#7660=CARTESIAN_POINT('',(8.027446808368E1,3.1E1,-2.25E0));
#7661=VERTEX_POINT('',#7660);
#7662=CARTESIAN_POINT('',(8.017872341424E1,3.1E1,-2.53125E0));
#7663=VERTEX_POINT('',#7662);
#7664=CARTESIAN_POINT('',(8.017872341424E1,3.1E1,-3.09375E0));
#7665=VERTEX_POINT('',#7664);
#7666=CARTESIAN_POINT('',(8.027446808368E1,3.1E1,-3.375E0));
#7667=VERTEX_POINT('',#7666);
#7668=CARTESIAN_POINT('',(8.046595742255E1,3.1E1,-3.65625E0));
#7669=VERTEX_POINT('',#7668);
#7670=CARTESIAN_POINT('',(8.075319149792E1,3.1E1,-3.843750022352E0));
#7671=VERTEX_POINT('',#7670);
#7672=CARTESIAN_POINT('',(8.266808502078E1,3.1E1,-1.6875E0));
#7673=CARTESIAN_POINT('',(8.238085101247E1,3.1E1,-1.781249910593E0));
#7674=VERTEX_POINT('',#7672);
#7675=VERTEX_POINT('',#7673);
#7676=CARTESIAN_POINT('',(8.209361700416E1,3.1E1,-1.96875E0));
#7677=VERTEX_POINT('',#7676);
#7678=CARTESIAN_POINT('',(8.190212766528E1,3.1E1,-2.25E0));
#7679=VERTEX_POINT('',#7678);
#7680=CARTESIAN_POINT('',(8.180638299584E1,3.1E1,-2.53125E0));
#7681=VERTEX_POINT('',#7680);
#7682=CARTESIAN_POINT('',(8.180638299584E1,3.1E1,-3.187500044703E0));
#7683=VERTEX_POINT('',#7682);
#7684=CARTESIAN_POINT('',(8.190212766528E1,3.1E1,-3.468749977648E0));
#7685=VERTEX_POINT('',#7684);
#7686=CARTESIAN_POINT('',(8.209361700416E1,3.1E1,-3.749999977648E0));
#7687=VERTEX_POINT('',#7686);
#7688=CARTESIAN_POINT('',(8.238085101247E1,3.1E1,-3.9375E0));
#7689=VERTEX_POINT('',#7688);
#7690=CARTESIAN_POINT('',(8.266808502078E1,3.1E1,-4.031250011176E0));
#7691=VERTEX_POINT('',#7690);
#7692=CARTESIAN_POINT('',(8.285957435966E1,3.1E1,-4.031250011176E0));
#7693=VERTEX_POINT('',#7692);
#7694=CARTESIAN_POINT('',(8.314680863619E1,3.1E1,-3.9375E0));
#7695=VERTEX_POINT('',#7694);
#7696=CARTESIAN_POINT('',(8.343404264450E1,3.1E1,-3.749999977648E0));
#7697=VERTEX_POINT('',#7696);
#7698=CARTESIAN_POINT('',(8.362553198338E1,3.1E1,-3.468749977648E0));
#7699=VERTEX_POINT('',#7698);
#7700=CARTESIAN_POINT('',(8.372127665281E1,3.1E1,-3.187500044703E0));
#7701=VERTEX_POINT('',#7700);
#7702=CARTESIAN_POINT('',(8.372127665281E1,3.1E1,-2.53125E0));
#7703=VERTEX_POINT('',#7702);
#7704=CARTESIAN_POINT('',(8.362553198338E1,3.1E1,-2.25E0));
#7705=VERTEX_POINT('',#7704);
#7706=CARTESIAN_POINT('',(8.343404264450E1,3.1E1,-1.96875E0));
#7707=VERTEX_POINT('',#7706);
#7708=CARTESIAN_POINT('',(8.314680863619E1,3.1E1,-1.781249910593E0));
#7709=VERTEX_POINT('',#7708);
#7710=CARTESIAN_POINT('',(8.285957435966E1,3.1E1,-1.6875E0));
#7711=VERTEX_POINT('',#7710);
#7712=CARTESIAN_POINT('',(8.017872341424E1,3.1E1,2.718749821186E0));
#7713=CARTESIAN_POINT('',(8.046595742255E1,3.1E1,2.906250178814E0));
#7714=VERTEX_POINT('',#7712);
#7715=VERTEX_POINT('',#7713);
#7716=CARTESIAN_POINT('',(8.075319149792E1,3.1E1,2.999999821186E0));
#7717=VERTEX_POINT('',#7716);
#7718=CARTESIAN_POINT('',(8.113617017567E1,3.1E1,2.999999821186E0));
#7719=VERTEX_POINT('',#7718);
#7720=CARTESIAN_POINT('',(8.151914898753E1,3.1E1,2.906250178814E0));
#7721=VERTEX_POINT('',#7720);
#7722=CARTESIAN_POINT('',(8.180638299584E1,3.1E1,2.718749821186E0));
#7723=VERTEX_POINT('',#7722);
#7724=CARTESIAN_POINT('',(8.199787233472E1,3.1E1,2.25E0));
#7725=VERTEX_POINT('',#7724);
#7726=CARTESIAN_POINT('',(8.228510634303E1,3.1E1,2.625000178814E0));
#7727=VERTEX_POINT('',#7726);
#7728=CARTESIAN_POINT('',(8.257234035134E1,3.1E1,2.8125E0));
#7729=VERTEX_POINT('',#7728);
#7730=CARTESIAN_POINT('',(8.295531902909E1,3.1E1,2.906250178814E0));
#7731=VERTEX_POINT('',#7730);
#7732=CARTESIAN_POINT('',(8.314680863619E1,3.1E1,2.906250178814E0));
#7733=VERTEX_POINT('',#7732);
#7734=CARTESIAN_POINT('',(8.352978731394E1,3.1E1,2.8125E0));
#7735=VERTEX_POINT('',#7734);
#7736=CARTESIAN_POINT('',(8.391276599169E1,3.1E1,2.437499821186E0));
#7737=VERTEX_POINT('',#7736);
#7738=CARTESIAN_POINT('',(8.410425533056E1,3.1E1,2.062500178814E0));
#7739=VERTEX_POINT('',#7738);
#7740=CARTESIAN_POINT('',(8.42E1,3.1E1,1.40625E0));
#7741=VERTEX_POINT('',#7740);
#7742=CARTESIAN_POINT('',(8.42E1,3.1E1,1.218750178814E0));
#7743=VERTEX_POINT('',#7742);
#7744=CARTESIAN_POINT('',(8.410425533056E1,3.1E1,5.625E-1));
#7745=VERTEX_POINT('',#7744);
#7746=CARTESIAN_POINT('',(8.391276599169E1,3.1E1,1.874998211861E-1));
#7747=VERTEX_POINT('',#7746);
#7748=CARTESIAN_POINT('',(8.352978731394E1,3.1E1,-1.875000894070E-1));
#7749=VERTEX_POINT('',#7748);
#7750=CARTESIAN_POINT('',(8.314680863619E1,3.1E1,-2.8125E-1));
#7751=VERTEX_POINT('',#7750);
#7752=CARTESIAN_POINT('',(8.314680863619E1,3.1E1,1.874998211861E-1));
#7753=VERTEX_POINT('',#7752);
#7754=CARTESIAN_POINT('',(8.343404264450E1,3.1E1,3.750001788139E-1));
#7755=VERTEX_POINT('',#7754);
#7756=CARTESIAN_POINT('',(8.362553198338E1,3.1E1,6.562501788139E-1));
#7757=VERTEX_POINT('',#7756);
#7758=CARTESIAN_POINT('',(8.372127665281E1,3.1E1,1.125E0));
#7759=VERTEX_POINT('',#7758);
#7760=CARTESIAN_POINT('',(8.372127665281E1,3.1E1,1.500000178814E0));
#7761=VERTEX_POINT('',#7760);
#7762=CARTESIAN_POINT('',(8.362553198338E1,3.1E1,1.96875E0));
#7763=VERTEX_POINT('',#7762);
#7764=CARTESIAN_POINT('',(8.343404264450E1,3.1E1,2.25E0));
#7765=VERTEX_POINT('',#7764);
#7766=CARTESIAN_POINT('',(8.314680863619E1,3.1E1,2.437499821186E0));
#7767=VERTEX_POINT('',#7766);
#7768=CARTESIAN_POINT('',(8.295531902909E1,3.1E1,2.437499821186E0));
#7769=VERTEX_POINT('',#7768);
#7770=CARTESIAN_POINT('',(8.257234035134E1,3.1E1,2.25E0));
#7771=VERTEX_POINT('',#7770);
#7772=CARTESIAN_POINT('',(8.238085101247E1,3.1E1,2.062500178814E0));
#7773=VERTEX_POINT('',#7772);
#7774=CARTESIAN_POINT('',(8.218936167359E1,3.1E1,1.500000178814E0));
#7775=VERTEX_POINT('',#7774);
#7776=CARTESIAN_POINT('',(8.218936167359E1,3.1E1,1.125E0));
#7777=VERTEX_POINT('',#7776);
#7778=CARTESIAN_POINT('',(8.180638299584E1,3.1E1,1.125E0));
#7779=VERTEX_POINT('',#7778);
#7780=CARTESIAN_POINT('',(8.180638299584E1,3.1E1,1.500000178814E0));
#7781=VERTEX_POINT('',#7780);
#7782=CARTESIAN_POINT('',(8.171063832641E1,3.1E1,2.062500178814E0));
#7783=VERTEX_POINT('',#7782);
#7784=CARTESIAN_POINT('',(8.151914898753E1,3.1E1,2.343750178814E0));
#7785=VERTEX_POINT('',#7784);
#7786=CARTESIAN_POINT('',(8.113617017567E1,3.1E1,2.53125E0));
#7787=VERTEX_POINT('',#7786);
#7788=CARTESIAN_POINT('',(8.075319149792E1,3.1E1,2.53125E0));
#7789=VERTEX_POINT('',#7788);
#7790=CARTESIAN_POINT('',(8.056170215905E1,3.1E1,2.437499821186E0));
#7791=VERTEX_POINT('',#7790);
#7792=CARTESIAN_POINT('',(8.037021275312E1,3.1E1,2.25E0));
#7793=VERTEX_POINT('',#7792);
#7794=CARTESIAN_POINT('',(8.027446808368E1,3.1E1,2.062500178814E0));
#7795=VERTEX_POINT('',#7794);
#7796=CARTESIAN_POINT('',(8.017872341424E1,3.1E1,1.593749821186E0));
#7797=VERTEX_POINT('',#7796);
#7798=CARTESIAN_POINT('',(8.017872341424E1,3.1E1,1.031249821186E0));
#7799=VERTEX_POINT('',#7798);
#7800=CARTESIAN_POINT('',(8.027446808368E1,3.1E1,5.625E-1));
#7801=VERTEX_POINT('',#7800);
#7802=CARTESIAN_POINT('',(8.037021275312E1,3.1E1,3.750001788139E-1));
#7803=VERTEX_POINT('',#7802);
#7804=CARTESIAN_POINT('',(8.056170215905E1,3.1E1,1.874998211861E-1));
#7805=VERTEX_POINT('',#7804);
#7806=CARTESIAN_POINT('',(8.075319149792E1,3.1E1,9.375017881393E-2));
#7807=VERTEX_POINT('',#7806);
#7808=CARTESIAN_POINT('',(8.075319149792E1,3.1E1,-3.749999105930E-1));
#7809=VERTEX_POINT('',#7808);
#7810=CARTESIAN_POINT('',(8.046595742255E1,3.1E1,-2.8125E-1));
#7811=VERTEX_POINT('',#7810);
#7812=CARTESIAN_POINT('',(8.017872341424E1,3.1E1,-9.374991059303E-2));
#7813=VERTEX_POINT('',#7812);
#7814=CARTESIAN_POINT('',(7.998723404184E1,3.1E1,1.874998211861E-1));
#7815=VERTEX_POINT('',#7814);
#7816=CARTESIAN_POINT('',(7.979574467782E1,3.1E1,5.625E-1));
#7817=VERTEX_POINT('',#7816);
#7818=CARTESIAN_POINT('',(7.97E1,3.1E1,9.375001788139E-1));
#7819=VERTEX_POINT('',#7818);
#7820=CARTESIAN_POINT('',(7.97E1,3.1E1,1.6875E0));
#7821=VERTEX_POINT('',#7820);
#7822=CARTESIAN_POINT('',(7.979574467782E1,3.1E1,2.062500178814E0));
#7823=VERTEX_POINT('',#7822);
#7824=CARTESIAN_POINT('',(7.998723404184E1,3.1E1,2.437499821186E0));
#7825=VERTEX_POINT('',#7824);
#7826=CARTESIAN_POINT('',(6.835545460680E1,3.1E1,-3.375E0));
#7827=CARTESIAN_POINT('',(7.285545460680E1,3.1E1,-3.375E0));
#7828=VERTEX_POINT('',#7826);
#7829=VERTEX_POINT('',#7827);
#7830=CARTESIAN_POINT('',(7.285545460680E1,3.1E1,-3.9375E0));
#7831=VERTEX_POINT('',#7830);
#7832=CARTESIAN_POINT('',(7.218524192074E1,3.1E1,-4.5E0));
#7833=VERTEX_POINT('',#7832);
#7834=CARTESIAN_POINT('',(7.141928429702E1,3.1E1,-4.5E0));
#7835=VERTEX_POINT('',#7834);
#7836=CARTESIAN_POINT('',(7.208949725130E1,3.1E1,-3.9375E0));
#7837=VERTEX_POINT('',#7836);
#7838=CARTESIAN_POINT('',(6.835545460680E1,3.1E1,-3.9375E0));
#7839=VERTEX_POINT('',#7838);
#7840=CARTESIAN_POINT('',(7.103630561927E1,3.1E1,-2.625000044703E0));
#7841=CARTESIAN_POINT('',(7.017460359433E1,3.1E1,-2.625000044703E0));
#7842=VERTEX_POINT('',#7840);
#7843=VERTEX_POINT('',#7841);
#7844=CARTESIAN_POINT('',(6.969588011304E1,3.1E1,-2.53125E0));
#7845=VERTEX_POINT('',#7844);
#7846=CARTESIAN_POINT('',(6.940864610473E1,3.1E1,-2.437499955297E0));
#7847=VERTEX_POINT('',#7846);
#7848=CARTESIAN_POINT('',(6.902566735992E1,3.1E1,-2.25E0));
#7849=VERTEX_POINT('',#7848);
#7850=CARTESIAN_POINT('',(6.873843331808E1,3.1E1,-1.96875E0));
#7851=VERTEX_POINT('',#7850);
#7852=CARTESIAN_POINT('',(6.845119928462E1,3.1E1,-1.499999910593E0));
#7853=VERTEX_POINT('',#7852);
#7854=CARTESIAN_POINT('',(6.835545460680E1,3.1E1,-9.374999105930E-1));
#7855=VERTEX_POINT('',#7854);
#7856=CARTESIAN_POINT('',(6.845119928462E1,3.1E1,-3.749999105930E-1));
#7857=VERTEX_POINT('',#7856);
#7858=CARTESIAN_POINT('',(6.873843331808E1,3.1E1,9.375017881393E-2));
#7859=VERTEX_POINT('',#7858);
#7860=CARTESIAN_POINT('',(6.902566735992E1,3.1E1,3.750001788139E-1));
#7861=VERTEX_POINT('',#7860);
#7862=CARTESIAN_POINT('',(6.940864610473E1,3.1E1,5.625E-1));
#7863=VERTEX_POINT('',#7862);
#7864=CARTESIAN_POINT('',(6.969588011304E1,3.1E1,6.562501788139E-1));
#7865=VERTEX_POINT('',#7864);
#7866=CARTESIAN_POINT('',(7.017460359433E1,3.1E1,7.499998211861E-1));
#7867=VERTEX_POINT('',#7866);
#7868=CARTESIAN_POINT('',(7.103630561927E1,3.1E1,7.499998211861E-1));
#7869=VERTEX_POINT('',#7868);
#7870=CARTESIAN_POINT('',(7.151502896646E1,3.1E1,6.562501788139E-1));
#7871=VERTEX_POINT('',#7870);
#7872=CARTESIAN_POINT('',(7.180226324299E1,3.1E1,5.625E-1));
#7873=VERTEX_POINT('',#7872);
#7874=CARTESIAN_POINT('',(7.218524192074E1,3.1E1,3.750001788139E-1));
#7875=VERTEX_POINT('',#7874);
#7876=CARTESIAN_POINT('',(7.247247592905E1,3.1E1,9.375017881393E-2));
#7877=VERTEX_POINT('',#7876);
#7878=CARTESIAN_POINT('',(7.275970993737E1,3.1E1,-3.749999105930E-1));
#7879=VERTEX_POINT('',#7878);
#7880=CARTESIAN_POINT('',(7.285545460680E1,3.1E1,-9.374999105930E-1));
#7881=VERTEX_POINT('',#7880);
#7882=CARTESIAN_POINT('',(7.275970993737E1,3.1E1,-1.499999910593E0));
#7883=VERTEX_POINT('',#7882);
#7884=CARTESIAN_POINT('',(7.247247592905E1,3.1E1,-1.96875E0));
#7885=VERTEX_POINT('',#7884);
#7886=CARTESIAN_POINT('',(7.218524192074E1,3.1E1,-2.25E0));
#7887=VERTEX_POINT('',#7886);
#7888=CARTESIAN_POINT('',(7.180226324299E1,3.1E1,-2.437499955297E0));
#7889=VERTEX_POINT('',#7888);
#7890=CARTESIAN_POINT('',(7.151502896646E1,3.1E1,-2.53125E0));
#7891=VERTEX_POINT('',#7890);
#7892=CARTESIAN_POINT('',(7.094056094983E1,3.1E1,-2.156250089407E0));
#7893=CARTESIAN_POINT('',(7.151502896646E1,3.1E1,-2.062499910593E0));
#7894=VERTEX_POINT('',#7892);
#7895=VERTEX_POINT('',#7893);
#7896=CARTESIAN_POINT('',(7.208949725130E1,3.1E1,-1.6875E0));
#7897=VERTEX_POINT('',#7896);
#7898=CARTESIAN_POINT('',(7.228098659018E1,3.1E1,-1.40625E0));
#7899=VERTEX_POINT('',#7898);
#7900=CARTESIAN_POINT('',(7.237673125962E1,3.1E1,-9.374999105930E-1));
#7901=VERTEX_POINT('',#7900);
#7902=CARTESIAN_POINT('',(7.228098659018E1,3.1E1,-4.687500894070E-1));
#7903=VERTEX_POINT('',#7902);
#7904=CARTESIAN_POINT('',(7.208949725130E1,3.1E1,-1.875000894070E-1));
#7905=VERTEX_POINT('',#7904);
#7906=CARTESIAN_POINT('',(7.151502896646E1,3.1E1,1.874998211861E-1));
#7907=VERTEX_POINT('',#7906);
#7908=CARTESIAN_POINT('',(7.094056094983E1,3.1E1,2.8125E-1));
#7909=VERTEX_POINT('',#7908);
#7910=CARTESIAN_POINT('',(7.027034826377E1,3.1E1,2.8125E-1));
#7911=VERTEX_POINT('',#7910);
#7912=CARTESIAN_POINT('',(6.969588011304E1,3.1E1,1.874998211861E-1));
#7913=VERTEX_POINT('',#7912);
#7914=CARTESIAN_POINT('',(6.912141202936E1,3.1E1,-1.875000894070E-1));
#7915=VERTEX_POINT('',#7914);
#7916=CARTESIAN_POINT('',(6.892992269048E1,3.1E1,-4.687500894070E-1));
#7917=VERTEX_POINT('',#7916);
#7918=CARTESIAN_POINT('',(6.883417802105E1,3.1E1,-9.374999105930E-1));
#7919=VERTEX_POINT('',#7918);
#7920=CARTESIAN_POINT('',(6.892992269048E1,3.1E1,-1.40625E0));
#7921=VERTEX_POINT('',#7920);
#7922=CARTESIAN_POINT('',(6.912141202936E1,3.1E1,-1.6875E0));
#7923=VERTEX_POINT('',#7922);
#7924=CARTESIAN_POINT('',(6.969588011304E1,3.1E1,-2.062499910593E0));
#7925=VERTEX_POINT('',#7924);
#7926=CARTESIAN_POINT('',(7.027034826377E1,3.1E1,-2.156250089407E0));
#7927=VERTEX_POINT('',#7926);
#7928=CARTESIAN_POINT('',(7.036609293321E1,3.1E1,2.156249821186E0));
#7929=CARTESIAN_POINT('',(7.065332694152E1,3.1E1,2.53125E0));
#7930=VERTEX_POINT('',#7928);
#7931=VERTEX_POINT('',#7929);
#7932=CARTESIAN_POINT('',(7.074907161096E1,3.1E1,2.906250178814E0));
#7933=VERTEX_POINT('',#7932);
#7934=CARTESIAN_POINT('',(7.074907161096E1,3.1E1,3.468750178814E0));
#7935=VERTEX_POINT('',#7934);
#7936=CARTESIAN_POINT('',(7.065332694152E1,3.1E1,3.843749821186E0));
#7937=VERTEX_POINT('',#7936);
#7938=CARTESIAN_POINT('',(7.046183760265E1,3.1E1,4.124999821186E0));
#7939=VERTEX_POINT('',#7938);
#7940=CARTESIAN_POINT('',(7.017460359433E1,3.1E1,4.312500178814E0));
#7941=VERTEX_POINT('',#7940);
#7942=CARTESIAN_POINT('',(6.988736945191E1,3.1E1,4.406249821186E0));
#7943=VERTEX_POINT('',#7942);
#7944=CARTESIAN_POINT('',(6.969588011304E1,3.1E1,4.406249821186E0));
#7945=VERTEX_POINT('',#7944);
#7946=CARTESIAN_POINT('',(6.940864610473E1,3.1E1,4.312500178814E0));
#7947=VERTEX_POINT('',#7946);
#7948=CARTESIAN_POINT('',(6.912141202936E1,3.1E1,4.124999821186E0));
#7949=VERTEX_POINT('',#7948);
#7950=CARTESIAN_POINT('',(6.892992269048E1,3.1E1,3.843749821186E0));
#7951=VERTEX_POINT('',#7950);
#7952=CARTESIAN_POINT('',(6.883417802105E1,3.1E1,3.468750178814E0));
#7953=VERTEX_POINT('',#7952);
#7954=CARTESIAN_POINT('',(6.883417802105E1,3.1E1,2.906250178814E0));
#7955=VERTEX_POINT('',#7954);
#7956=CARTESIAN_POINT('',(6.892992269048E1,3.1E1,2.53125E0));
#7957=VERTEX_POINT('',#7956);
#7958=CARTESIAN_POINT('',(6.912141202936E1,3.1E1,2.25E0));
#7959=VERTEX_POINT('',#7958);
#7960=CARTESIAN_POINT('',(6.950439077416E1,3.1E1,2.062500178814E0));
#7961=VERTEX_POINT('',#7960);
#7962=CARTESIAN_POINT('',(6.950439077416E1,3.1E1,1.500000178814E0));
#7963=VERTEX_POINT('',#7962);
#7964=CARTESIAN_POINT('',(6.912141202936E1,3.1E1,1.6875E0));
#7965=VERTEX_POINT('',#7964);
#7966=CARTESIAN_POINT('',(6.873843331808E1,3.1E1,1.96875E0));
#7967=VERTEX_POINT('',#7966);
#7968=CARTESIAN_POINT('',(6.845119928462E1,3.1E1,2.437499821186E0));
#7969=VERTEX_POINT('',#7968);
#7970=CARTESIAN_POINT('',(6.835545460680E1,3.1E1,2.906250178814E0));
#7971=VERTEX_POINT('',#7970);
#7972=CARTESIAN_POINT('',(6.835545460680E1,3.1E1,3.468750178814E0));
#7973=VERTEX_POINT('',#7972);
#7974=CARTESIAN_POINT('',(6.845119928462E1,3.1E1,3.9375E0));
#7975=VERTEX_POINT('',#7974);
#7976=CARTESIAN_POINT('',(6.873843331808E1,3.1E1,4.406249821186E0));
#7977=VERTEX_POINT('',#7976);
#7978=CARTESIAN_POINT('',(6.912141202936E1,3.1E1,4.687500357628E0));
#7979=VERTEX_POINT('',#7978);
#7980=CARTESIAN_POINT('',(6.960013544360E1,3.1E1,4.874999642372E0));
#7981=VERTEX_POINT('',#7980);
#7982=CARTESIAN_POINT('',(6.998311412135E1,3.1E1,4.874999642372E0));
#7983=VERTEX_POINT('',#7982);
#7984=CARTESIAN_POINT('',(7.046183760265E1,3.1E1,4.687500357628E0));
#7985=VERTEX_POINT('',#7984);
#7986=CARTESIAN_POINT('',(7.084481628040E1,3.1E1,4.406249821186E0));
#7987=VERTEX_POINT('',#7986);
#7988=CARTESIAN_POINT('',(7.113205028871E1,3.1E1,3.9375E0));
#7989=VERTEX_POINT('',#7988);
#7990=CARTESIAN_POINT('',(7.122779495815E1,3.1E1,3.468750178814E0));
#7991=VERTEX_POINT('',#7990);
#7992=CARTESIAN_POINT('',(7.122779495815E1,3.1E1,2.906250178814E0));
#7993=VERTEX_POINT('',#7992);
#7994=CARTESIAN_POINT('',(7.113205028871E1,3.1E1,2.437499821186E0));
#7995=VERTEX_POINT('',#7994);
#7996=CARTESIAN_POINT('',(7.084481628040E1,3.1E1,1.96875E0));
#7997=VERTEX_POINT('',#7996);
#7998=CARTESIAN_POINT('',(7.237673125962E1,3.1E1,1.96875E0));
#7999=VERTEX_POINT('',#7998);
#8000=CARTESIAN_POINT('',(7.237673125962E1,3.1E1,4.687500357628E0));
#8001=VERTEX_POINT('',#8000);
#8002=CARTESIAN_POINT('',(7.285545460680E1,3.1E1,4.687500357628E0));
#8003=VERTEX_POINT('',#8002);
#8004=CARTESIAN_POINT('',(7.285545460680E1,3.1E1,1.500000178814E0));
#8005=VERTEX_POINT('',#8004);
#8006=CARTESIAN_POINT('',(7.036609293321E1,3.1E1,1.500000178814E0));
#8007=VERTEX_POINT('',#8006);
#8008=CARTESIAN_POINT('',(5.703720418260E1,3.1E1,-3.375E0));
#8009=CARTESIAN_POINT('',(6.153720418260E1,3.1E1,-3.375E0));
#8010=VERTEX_POINT('',#8008);
#8011=VERTEX_POINT('',#8009);
#8012=CARTESIAN_POINT('',(6.153720418260E1,3.1E1,-3.9375E0));
#8013=VERTEX_POINT('',#8012);
#8014=CARTESIAN_POINT('',(6.086699149653E1,3.1E1,-4.5E0));
#8015=VERTEX_POINT('',#8014);
#8016=CARTESIAN_POINT('',(6.010103387281E1,3.1E1,-4.5E0));
#8017=VERTEX_POINT('',#8016);
#8018=CARTESIAN_POINT('',(6.077124682710E1,3.1E1,-3.9375E0));
#8019=VERTEX_POINT('',#8018);
#8020=CARTESIAN_POINT('',(5.703720418260E1,3.1E1,-3.9375E0));
#8021=VERTEX_POINT('',#8020);
#8022=CARTESIAN_POINT('',(5.703720418260E1,3.1E1,-1.499999910593E0));
#8023=CARTESIAN_POINT('',(6.153720418260E1,3.1E1,-1.499999910593E0));
#8024=VERTEX_POINT('',#8022);
#8025=VERTEX_POINT('',#8023);
#8026=CARTESIAN_POINT('',(6.153720418260E1,3.1E1,-2.062499910593E0));
#8027=VERTEX_POINT('',#8026);
#8028=CARTESIAN_POINT('',(6.086699149653E1,3.1E1,-2.625000044703E0));
#8029=VERTEX_POINT('',#8028);
#8030=CARTESIAN_POINT('',(6.010103387281E1,3.1E1,-2.625000044703E0));
#8031=VERTEX_POINT('',#8030);
#8032=CARTESIAN_POINT('',(6.077124682710E1,3.1E1,-2.062499910593E0));
#8033=VERTEX_POINT('',#8032);
#8034=CARTESIAN_POINT('',(5.703720418260E1,3.1E1,-2.062499910593E0));
#8035=VERTEX_POINT('',#8034);
#8036=CARTESIAN_POINT('',(5.933507651732E1,3.1E1,0.E0));
#8037=CARTESIAN_POINT('',(5.923933184788E1,3.1E1,-1.875000894070E-1));
#8038=VERTEX_POINT('',#8036);
#8039=VERTEX_POINT('',#8037);
#8040=CARTESIAN_POINT('',(5.895209783957E1,3.1E1,-5.625E-1));
#8041=VERTEX_POINT('',#8040);
#8042=CARTESIAN_POINT('',(5.847337435827E1,3.1E1,-7.500000894070E-1));
#8043=VERTEX_POINT('',#8042);
#8044=CARTESIAN_POINT('',(5.818614034996E1,3.1E1,-7.500000894070E-1));
#8045=VERTEX_POINT('',#8044);
#8046=CARTESIAN_POINT('',(5.770741693571E1,3.1E1,-5.625E-1));
#8047=VERTEX_POINT('',#8046);
#8048=CARTESIAN_POINT('',(5.742018289387E1,3.1E1,-2.8125E-1));
#8049=VERTEX_POINT('',#8048);
#8050=CARTESIAN_POINT('',(5.713294886042E1,3.1E1,1.874998211861E-1));
#8051=VERTEX_POINT('',#8050);
#8052=CARTESIAN_POINT('',(5.703720418260E1,3.1E1,6.562501788139E-1));
#8053=VERTEX_POINT('',#8052);
#8054=CARTESIAN_POINT('',(5.703720418260E1,3.1E1,1.218750178814E0));
#8055=VERTEX_POINT('',#8054);
#8056=CARTESIAN_POINT('',(5.713294886042E1,3.1E1,1.6875E0));
#8057=VERTEX_POINT('',#8056);
#8058=CARTESIAN_POINT('',(5.742018289387E1,3.1E1,2.156249821186E0));
#8059=VERTEX_POINT('',#8058);
#8060=CARTESIAN_POINT('',(5.770741693571E1,3.1E1,2.437499821186E0));
#8061=VERTEX_POINT('',#8060);
#8062=CARTESIAN_POINT('',(5.818614034996E1,3.1E1,2.625000178814E0));
#8063=VERTEX_POINT('',#8062);
#8064=CARTESIAN_POINT('',(5.847337435827E1,3.1E1,2.625000178814E0));
#8065=VERTEX_POINT('',#8064);
#8066=CARTESIAN_POINT('',(5.895209783957E1,3.1E1,2.437499821186E0));
#8067=VERTEX_POINT('',#8066);
#8068=CARTESIAN_POINT('',(5.923933184788E1,3.1E1,2.062500178814E0));
#8069=VERTEX_POINT('',#8068);
#8070=CARTESIAN_POINT('',(5.933507651732E1,3.1E1,1.874999821186E0));
#8071=VERTEX_POINT('',#8070);
#8072=CARTESIAN_POINT('',(5.943082118675E1,3.1E1,2.062500178814E0));
#8073=VERTEX_POINT('',#8072);
#8074=CARTESIAN_POINT('',(5.971805519506E1,3.1E1,2.343750178814E0));
#8075=VERTEX_POINT('',#8074);
#8076=CARTESIAN_POINT('',(6.010103387281E1,3.1E1,2.53125E0));
#8077=VERTEX_POINT('',#8076);
#8078=CARTESIAN_POINT('',(6.038826788113E1,3.1E1,2.53125E0));
#8079=VERTEX_POINT('',#8078);
#8080=CARTESIAN_POINT('',(6.086699149653E1,3.1E1,2.343750178814E0));
#8081=VERTEX_POINT('',#8080);
#8082=CARTESIAN_POINT('',(6.115422550485E1,3.1E1,2.062500178814E0));
#8083=VERTEX_POINT('',#8082);
#8084=CARTESIAN_POINT('',(6.144145951316E1,3.1E1,1.593749821186E0));
#8085=VERTEX_POINT('',#8084);
#8086=CARTESIAN_POINT('',(6.153720418260E1,3.1E1,1.125E0));
#8087=VERTEX_POINT('',#8086);
#8088=CARTESIAN_POINT('',(6.153720418260E1,3.1E1,7.499998211861E-1));
#8089=VERTEX_POINT('',#8088);
#8090=CARTESIAN_POINT('',(6.144145951316E1,3.1E1,2.8125E-1));
#8091=VERTEX_POINT('',#8090);
#8092=CARTESIAN_POINT('',(6.115422550485E1,3.1E1,-1.875000894070E-1));
#8093=VERTEX_POINT('',#8092);
#8094=CARTESIAN_POINT('',(6.086699149653E1,3.1E1,-4.687500894070E-1));
#8095=VERTEX_POINT('',#8094);
#8096=CARTESIAN_POINT('',(6.038826788113E1,3.1E1,-6.562499105930E-1));
#8097=VERTEX_POINT('',#8096);
#8098=CARTESIAN_POINT('',(6.010103387281E1,3.1E1,-6.562499105930E-1));
#8099=VERTEX_POINT('',#8098);
#8100=CARTESIAN_POINT('',(5.971805519506E1,3.1E1,-4.687500894070E-1));
#8101=VERTEX_POINT('',#8100);
#8102=CARTESIAN_POINT('',(5.943082118675E1,3.1E1,-1.875000894070E-1));
#8103=VERTEX_POINT('',#8102);
#8104=CARTESIAN_POINT('',(5.751592759684E1,3.1E1,7.499998211861E-1));
#8105=CARTESIAN_POINT('',(5.761167226628E1,3.1E1,3.750001788139E-1));
#8106=VERTEX_POINT('',#8104);
#8107=VERTEX_POINT('',#8105);
#8108=CARTESIAN_POINT('',(5.780316160515E1,3.1E1,0.E0));
#8109=VERTEX_POINT('',#8108);
#8110=CARTESIAN_POINT('',(5.818614034996E1,3.1E1,-2.8125E-1));
#8111=VERTEX_POINT('',#8110);
#8112=CARTESIAN_POINT('',(5.847337435827E1,3.1E1,-2.8125E-1));
#8113=VERTEX_POINT('',#8112);
#8114=CARTESIAN_POINT('',(5.885635317013E1,3.1E1,0.E0));
#8115=VERTEX_POINT('',#8114);
#8116=CARTESIAN_POINT('',(5.904784250900E1,3.1E1,3.750001788139E-1));
#8117=VERTEX_POINT('',#8116);
#8118=CARTESIAN_POINT('',(5.914358717844E1,3.1E1,7.499998211861E-1));
#8119=VERTEX_POINT('',#8118);
#8120=CARTESIAN_POINT('',(5.914358717844E1,3.1E1,1.125E0));
#8121=VERTEX_POINT('',#8120);
#8122=CARTESIAN_POINT('',(5.904784250900E1,3.1E1,1.500000178814E0));
#8123=VERTEX_POINT('',#8122);
#8124=CARTESIAN_POINT('',(5.885635317013E1,3.1E1,1.874999821186E0));
#8125=VERTEX_POINT('',#8124);
#8126=CARTESIAN_POINT('',(5.847337435827E1,3.1E1,2.156249821186E0));
#8127=VERTEX_POINT('',#8126);
#8128=CARTESIAN_POINT('',(5.818614034996E1,3.1E1,2.156249821186E0));
#8129=VERTEX_POINT('',#8128);
#8130=CARTESIAN_POINT('',(5.780316160515E1,3.1E1,1.874999821186E0));
#8131=VERTEX_POINT('',#8130);
#8132=CARTESIAN_POINT('',(5.761167226628E1,3.1E1,1.500000178814E0));
#8133=VERTEX_POINT('',#8132);
#8134=CARTESIAN_POINT('',(5.751592759684E1,3.1E1,1.125E0));
#8135=VERTEX_POINT('',#8134);
#8136=CARTESIAN_POINT('',(6.105848083541E1,3.1E1,1.125E0));
#8137=CARTESIAN_POINT('',(6.096273616597E1,3.1E1,1.500000178814E0));
#8138=VERTEX_POINT('',#8136);
#8139=VERTEX_POINT('',#8137);
#8140=CARTESIAN_POINT('',(6.067550215766E1,3.1E1,1.874999821186E0));
#8141=VERTEX_POINT('',#8140);
#8142=CARTESIAN_POINT('',(6.038826788113E1,3.1E1,2.062500178814E0));
#8143=VERTEX_POINT('',#8142);
#8144=CARTESIAN_POINT('',(6.019677854225E1,3.1E1,2.062500178814E0));
#8145=VERTEX_POINT('',#8144);
#8146=CARTESIAN_POINT('',(5.990954453394E1,3.1E1,1.874999821186E0));
#8147=VERTEX_POINT('',#8146);
#8148=CARTESIAN_POINT('',(5.962231052563E1,3.1E1,1.500000178814E0));
#8149=VERTEX_POINT('',#8148);
#8150=CARTESIAN_POINT('',(5.952656585619E1,3.1E1,1.125E0));
#8151=VERTEX_POINT('',#8150);
#8152=CARTESIAN_POINT('',(5.952656585619E1,3.1E1,7.499998211861E-1));
#8153=VERTEX_POINT('',#8152);
#8154=CARTESIAN_POINT('',(5.962231052563E1,3.1E1,3.750001788139E-1));
#8155=VERTEX_POINT('',#8154);
#8156=CARTESIAN_POINT('',(5.990954453394E1,3.1E1,0.E0));
#8157=VERTEX_POINT('',#8156);
#8158=CARTESIAN_POINT('',(6.019677854225E1,3.1E1,-1.875000894070E-1));
#8159=VERTEX_POINT('',#8158);
#8160=CARTESIAN_POINT('',(6.038826788113E1,3.1E1,-1.875000894070E-1));
#8161=VERTEX_POINT('',#8160);
#8162=CARTESIAN_POINT('',(6.067550215766E1,3.1E1,0.E0));
#8163=VERTEX_POINT('',#8162);
#8164=CARTESIAN_POINT('',(6.096273616597E1,3.1E1,3.750001788139E-1));
#8165=VERTEX_POINT('',#8164);
#8166=CARTESIAN_POINT('',(6.105848083541E1,3.1E1,7.499998211861E-1));
#8167=VERTEX_POINT('',#8166);
#8168=CARTESIAN_POINT('',(4.152139463513E1,3.1E1,-3.375E0));
#8169=CARTESIAN_POINT('',(4.602139463513E1,3.1E1,-3.375E0));
#8170=VERTEX_POINT('',#8168);
#8171=VERTEX_POINT('',#8169);
#8172=CARTESIAN_POINT('',(4.602139463513E1,3.1E1,-3.9375E0));
#8173=VERTEX_POINT('',#8172);
#8174=CARTESIAN_POINT('',(4.535118194907E1,3.1E1,-4.5E0));
#8175=VERTEX_POINT('',#8174);
#8176=CARTESIAN_POINT('',(4.458522432535E1,3.1E1,-4.5E0));
#8177=VERTEX_POINT('',#8176);
#8178=CARTESIAN_POINT('',(4.525543727964E1,3.1E1,-3.9375E0));
#8179=VERTEX_POINT('',#8178);
#8180=CARTESIAN_POINT('',(4.152139463513E1,3.1E1,-3.9375E0));
#8181=VERTEX_POINT('',#8180);
#8182=CARTESIAN_POINT('',(4.200011804938E1,3.1E1,4.687498211861E-1));
#8183=CARTESIAN_POINT('',(4.228735205769E1,3.1E1,6.562501788139E-1));
#8184=VERTEX_POINT('',#8182);
#8185=VERTEX_POINT('',#8183);
#8186=CARTESIAN_POINT('',(4.257458613306E1,3.1E1,7.499998211861E-1));
#8187=VERTEX_POINT('',#8186);
#8188=CARTESIAN_POINT('',(4.295756481081E1,3.1E1,7.499998211861E-1));
#8189=VERTEX_POINT('',#8188);
#8190=CARTESIAN_POINT('',(4.334054362267E1,3.1E1,6.562501788139E-1));
#8191=VERTEX_POINT('',#8190);
#8192=CARTESIAN_POINT('',(4.362777763098E1,3.1E1,4.687498211861E-1));
#8193=VERTEX_POINT('',#8192);
#8194=CARTESIAN_POINT('',(4.381926696985E1,3.1E1,0.E0));
#8195=VERTEX_POINT('',#8194);
#8196=CARTESIAN_POINT('',(4.410650097817E1,3.1E1,3.750001788139E-1));
#8197=VERTEX_POINT('',#8196);
#8198=CARTESIAN_POINT('',(4.439373498648E1,3.1E1,5.625E-1));
#8199=VERTEX_POINT('',#8198);
#8200=CARTESIAN_POINT('',(4.477671366423E1,3.1E1,6.562501788139E-1));
#8201=VERTEX_POINT('',#8200);
#8202=CARTESIAN_POINT('',(4.496820327132E1,3.1E1,6.562501788139E-1));
#8203=VERTEX_POINT('',#8202);
#8204=CARTESIAN_POINT('',(4.535118194907E1,3.1E1,5.625E-1));
#8205=VERTEX_POINT('',#8204);
#8206=CARTESIAN_POINT('',(4.573416062682E1,3.1E1,1.874998211861E-1));
#8207=VERTEX_POINT('',#8206);
#8208=CARTESIAN_POINT('',(4.592564996570E1,3.1E1,-1.875000894070E-1));
#8209=VERTEX_POINT('',#8208);
#8210=CARTESIAN_POINT('',(4.602139463513E1,3.1E1,-8.4375E-1));
#8211=VERTEX_POINT('',#8210);
#8212=CARTESIAN_POINT('',(4.602139463513E1,3.1E1,-1.031250089407E0));
#8213=VERTEX_POINT('',#8212);
#8214=CARTESIAN_POINT('',(4.592564996570E1,3.1E1,-1.6875E0));
#8215=VERTEX_POINT('',#8214);
#8216=CARTESIAN_POINT('',(4.573416062682E1,3.1E1,-2.062499910593E0));
#8217=VERTEX_POINT('',#8216);
#8218=CARTESIAN_POINT('',(4.535118194907E1,3.1E1,-2.437499955297E0));
#8219=VERTEX_POINT('',#8218);
#8220=CARTESIAN_POINT('',(4.496820327132E1,3.1E1,-2.53125E0));
#8221=VERTEX_POINT('',#8220);
#8222=CARTESIAN_POINT('',(4.496820327132E1,3.1E1,-2.062499910593E0));
#8223=VERTEX_POINT('',#8222);
#8224=CARTESIAN_POINT('',(4.525543727964E1,3.1E1,-1.875000089407E0));
#8225=VERTEX_POINT('',#8224);
#8226=CARTESIAN_POINT('',(4.544692661851E1,3.1E1,-1.593750089407E0));
#8227=VERTEX_POINT('',#8226);
#8228=CARTESIAN_POINT('',(4.554267128795E1,3.1E1,-1.125E0));
#8229=VERTEX_POINT('',#8228);
#8230=CARTESIAN_POINT('',(4.554267128795E1,3.1E1,-7.500000894070E-1));
#8231=VERTEX_POINT('',#8230);
#8232=CARTESIAN_POINT('',(4.544692661851E1,3.1E1,-2.8125E-1));
#8233=VERTEX_POINT('',#8232);
#8234=CARTESIAN_POINT('',(4.525543727964E1,3.1E1,0.E0));
#8235=VERTEX_POINT('',#8234);
#8236=CARTESIAN_POINT('',(4.496820327132E1,3.1E1,1.874998211861E-1));
#8237=VERTEX_POINT('',#8236);
#8238=CARTESIAN_POINT('',(4.477671366423E1,3.1E1,1.874998211861E-1));
#8239=VERTEX_POINT('',#8238);
#8240=CARTESIAN_POINT('',(4.439373498648E1,3.1E1,0.E0));
#8241=VERTEX_POINT('',#8240);
#8242=CARTESIAN_POINT('',(4.420224564760E1,3.1E1,-1.875000894070E-1));
#8243=VERTEX_POINT('',#8242);
#8244=CARTESIAN_POINT('',(4.401075630873E1,3.1E1,-7.500000894070E-1));
#8245=VERTEX_POINT('',#8244);
#8246=CARTESIAN_POINT('',(4.401075630873E1,3.1E1,-1.125E0));
#8247=VERTEX_POINT('',#8246);
#8248=CARTESIAN_POINT('',(4.362777763098E1,3.1E1,-1.125E0));
#8249=VERTEX_POINT('',#8248);
#8250=CARTESIAN_POINT('',(4.362777763098E1,3.1E1,-7.500000894070E-1));
#8251=VERTEX_POINT('',#8250);
#8252=CARTESIAN_POINT('',(4.353203296154E1,3.1E1,-1.875000894070E-1));
#8253=VERTEX_POINT('',#8252);
#8254=CARTESIAN_POINT('',(4.334054362267E1,3.1E1,9.375017881393E-2));
#8255=VERTEX_POINT('',#8254);
#8256=CARTESIAN_POINT('',(4.295756481081E1,3.1E1,2.8125E-1));
#8257=VERTEX_POINT('',#8256);
#8258=CARTESIAN_POINT('',(4.257458613306E1,3.1E1,2.8125E-1));
#8259=VERTEX_POINT('',#8258);
#8260=CARTESIAN_POINT('',(4.238309679418E1,3.1E1,1.874998211861E-1));
#8261=VERTEX_POINT('',#8260);
#8262=CARTESIAN_POINT('',(4.219160738825E1,3.1E1,0.E0));
#8263=VERTEX_POINT('',#8262);
#8264=CARTESIAN_POINT('',(4.209586271881E1,3.1E1,-1.875000894070E-1));
#8265=VERTEX_POINT('',#8264);
#8266=CARTESIAN_POINT('',(4.200011804938E1,3.1E1,-6.562499105930E-1));
#8267=VERTEX_POINT('',#8266);
#8268=CARTESIAN_POINT('',(4.200011804938E1,3.1E1,-1.218749910593E0));
#8269=VERTEX_POINT('',#8268);
#8270=CARTESIAN_POINT('',(4.209586271881E1,3.1E1,-1.6875E0));
#8271=VERTEX_POINT('',#8270);
#8272=CARTESIAN_POINT('',(4.219160738825E1,3.1E1,-1.875000089407E0));
#8273=VERTEX_POINT('',#8272);
#8274=CARTESIAN_POINT('',(4.238309679418E1,3.1E1,-2.062499910593E0));
#8275=VERTEX_POINT('',#8274);
#8276=CARTESIAN_POINT('',(4.257458613306E1,3.1E1,-2.156250089407E0));
#8277=VERTEX_POINT('',#8276);
#8278=CARTESIAN_POINT('',(4.257458613306E1,3.1E1,-2.625000044703E0));
#8279=VERTEX_POINT('',#8278);
#8280=CARTESIAN_POINT('',(4.228735205769E1,3.1E1,-2.53125E0));
#8281=VERTEX_POINT('',#8280);
#8282=CARTESIAN_POINT('',(4.200011804938E1,3.1E1,-2.343750044703E0));
#8283=VERTEX_POINT('',#8282);
#8284=CARTESIAN_POINT('',(4.180862867697E1,3.1E1,-2.062499910593E0));
#8285=VERTEX_POINT('',#8284);
#8286=CARTESIAN_POINT('',(4.161713931295E1,3.1E1,-1.6875E0));
#8287=VERTEX_POINT('',#8286);
#8288=CARTESIAN_POINT('',(4.152139463513E1,3.1E1,-1.312500089407E0));
#8289=VERTEX_POINT('',#8288);
#8290=CARTESIAN_POINT('',(4.152139463513E1,3.1E1,-5.625E-1));
#8291=VERTEX_POINT('',#8290);
#8292=CARTESIAN_POINT('',(4.161713931295E1,3.1E1,-1.875000894070E-1));
#8293=VERTEX_POINT('',#8292);
#8294=CARTESIAN_POINT('',(4.180862867697E1,3.1E1,1.874998211861E-1));
#8295=VERTEX_POINT('',#8294);
#8296=CARTESIAN_POINT('',(4.200011804938E1,3.1E1,4.593749642372E0));
#8297=CARTESIAN_POINT('',(4.228735205769E1,3.1E1,4.78125E0));
#8298=VERTEX_POINT('',#8296);
#8299=VERTEX_POINT('',#8297);
#8300=CARTESIAN_POINT('',(4.257458613306E1,3.1E1,4.874999642372E0));
#8301=VERTEX_POINT('',#8300);
#8302=CARTESIAN_POINT('',(4.295756481081E1,3.1E1,4.874999642372E0));
#8303=VERTEX_POINT('',#8302);
#8304=CARTESIAN_POINT('',(4.334054362267E1,3.1E1,4.78125E0));
#8305=VERTEX_POINT('',#8304);
#8306=CARTESIAN_POINT('',(4.362777763098E1,3.1E1,4.593749642372E0));
#8307=VERTEX_POINT('',#8306);
#8308=CARTESIAN_POINT('',(4.381926696985E1,3.1E1,4.124999821186E0));
#8309=VERTEX_POINT('',#8308);
#8310=CARTESIAN_POINT('',(4.410650097817E1,3.1E1,4.5E0));
#8311=VERTEX_POINT('',#8310);
#8312=CARTESIAN_POINT('',(4.439373498648E1,3.1E1,4.687500357628E0));
#8313=VERTEX_POINT('',#8312);
#8314=CARTESIAN_POINT('',(4.477671366423E1,3.1E1,4.78125E0));
#8315=VERTEX_POINT('',#8314);
#8316=CARTESIAN_POINT('',(4.496820327132E1,3.1E1,4.78125E0));
#8317=VERTEX_POINT('',#8316);
#8318=CARTESIAN_POINT('',(4.535118194907E1,3.1E1,4.687500357628E0));
#8319=VERTEX_POINT('',#8318);
#8320=CARTESIAN_POINT('',(4.573416062682E1,3.1E1,4.312500178814E0));
#8321=VERTEX_POINT('',#8320);
#8322=CARTESIAN_POINT('',(4.592564996570E1,3.1E1,3.9375E0));
#8323=VERTEX_POINT('',#8322);
#8324=CARTESIAN_POINT('',(4.602139463513E1,3.1E1,3.281249821186E0));
#8325=VERTEX_POINT('',#8324);
#8326=CARTESIAN_POINT('',(4.602139463513E1,3.1E1,3.09375E0));
#8327=VERTEX_POINT('',#8326);
#8328=CARTESIAN_POINT('',(4.592564996570E1,3.1E1,2.437499821186E0));
#8329=VERTEX_POINT('',#8328);
#8330=CARTESIAN_POINT('',(4.573416062682E1,3.1E1,2.062500178814E0));
#8331=VERTEX_POINT('',#8330);
#8332=CARTESIAN_POINT('',(4.535118194907E1,3.1E1,1.6875E0));
#8333=VERTEX_POINT('',#8332);
#8334=CARTESIAN_POINT('',(4.496820327132E1,3.1E1,1.593749821186E0));
#8335=VERTEX_POINT('',#8334);
#8336=CARTESIAN_POINT('',(4.496820327132E1,3.1E1,2.062500178814E0));
#8337=VERTEX_POINT('',#8336);
#8338=CARTESIAN_POINT('',(4.525543727964E1,3.1E1,2.25E0));
#8339=VERTEX_POINT('',#8338);
#8340=CARTESIAN_POINT('',(4.544692661851E1,3.1E1,2.53125E0));
#8341=VERTEX_POINT('',#8340);
#8342=CARTESIAN_POINT('',(4.554267128795E1,3.1E1,2.999999821186E0));
#8343=VERTEX_POINT('',#8342);
#8344=CARTESIAN_POINT('',(4.554267128795E1,3.1E1,3.375E0));
#8345=VERTEX_POINT('',#8344);
#8346=CARTESIAN_POINT('',(4.544692661851E1,3.1E1,3.843749821186E0));
#8347=VERTEX_POINT('',#8346);
#8348=CARTESIAN_POINT('',(4.525543727964E1,3.1E1,4.124999821186E0));
#8349=VERTEX_POINT('',#8348);
#8350=CARTESIAN_POINT('',(4.496820327132E1,3.1E1,4.312500178814E0));
#8351=VERTEX_POINT('',#8350);
#8352=CARTESIAN_POINT('',(4.477671366423E1,3.1E1,4.312500178814E0));
#8353=VERTEX_POINT('',#8352);
#8354=CARTESIAN_POINT('',(4.439373498648E1,3.1E1,4.124999821186E0));
#8355=VERTEX_POINT('',#8354);
#8356=CARTESIAN_POINT('',(4.420224564760E1,3.1E1,3.9375E0));
#8357=VERTEX_POINT('',#8356);
#8358=CARTESIAN_POINT('',(4.401075630873E1,3.1E1,3.375E0));
#8359=VERTEX_POINT('',#8358);
#8360=CARTESIAN_POINT('',(4.401075630873E1,3.1E1,2.999999821186E0));
#8361=VERTEX_POINT('',#8360);
#8362=CARTESIAN_POINT('',(4.362777763098E1,3.1E1,2.999999821186E0));
#8363=VERTEX_POINT('',#8362);
#8364=CARTESIAN_POINT('',(4.362777763098E1,3.1E1,3.375E0));
#8365=VERTEX_POINT('',#8364);
#8366=CARTESIAN_POINT('',(4.353203296154E1,3.1E1,3.9375E0));
#8367=VERTEX_POINT('',#8366);
#8368=CARTESIAN_POINT('',(4.334054362267E1,3.1E1,4.21875E0));
#8369=VERTEX_POINT('',#8368);
#8370=CARTESIAN_POINT('',(4.295756481081E1,3.1E1,4.406249821186E0));
#8371=VERTEX_POINT('',#8370);
#8372=CARTESIAN_POINT('',(4.257458613306E1,3.1E1,4.406249821186E0));
#8373=VERTEX_POINT('',#8372);
#8374=CARTESIAN_POINT('',(4.238309679418E1,3.1E1,4.312500178814E0));
#8375=VERTEX_POINT('',#8374);
#8376=CARTESIAN_POINT('',(4.219160738825E1,3.1E1,4.124999821186E0));
#8377=VERTEX_POINT('',#8376);
#8378=CARTESIAN_POINT('',(4.209586271881E1,3.1E1,3.9375E0));
#8379=VERTEX_POINT('',#8378);
#8380=CARTESIAN_POINT('',(4.200011804938E1,3.1E1,3.468750178814E0));
#8381=VERTEX_POINT('',#8380);
#8382=CARTESIAN_POINT('',(4.200011804938E1,3.1E1,2.906250178814E0));
#8383=VERTEX_POINT('',#8382);
#8384=CARTESIAN_POINT('',(4.209586271881E1,3.1E1,2.437499821186E0));
#8385=VERTEX_POINT('',#8384);
#8386=CARTESIAN_POINT('',(4.219160738825E1,3.1E1,2.25E0));
#8387=VERTEX_POINT('',#8386);
#8388=CARTESIAN_POINT('',(4.238309679418E1,3.1E1,2.062500178814E0));
#8389=VERTEX_POINT('',#8388);
#8390=CARTESIAN_POINT('',(4.257458613306E1,3.1E1,1.96875E0));
#8391=VERTEX_POINT('',#8390);
#8392=CARTESIAN_POINT('',(4.257458613306E1,3.1E1,1.500000178814E0));
#8393=VERTEX_POINT('',#8392);
#8394=CARTESIAN_POINT('',(4.228735205769E1,3.1E1,1.593749821186E0));
#8395=VERTEX_POINT('',#8394);
#8396=CARTESIAN_POINT('',(4.200011804938E1,3.1E1,1.781250178814E0));
#8397=VERTEX_POINT('',#8396);
#8398=CARTESIAN_POINT('',(4.180862867697E1,3.1E1,2.062500178814E0));
#8399=VERTEX_POINT('',#8398);
#8400=CARTESIAN_POINT('',(4.161713931295E1,3.1E1,2.437499821186E0));
#8401=VERTEX_POINT('',#8400);
#8402=CARTESIAN_POINT('',(4.152139463513E1,3.1E1,2.8125E0));
#8403=VERTEX_POINT('',#8402);
#8404=CARTESIAN_POINT('',(4.152139463513E1,3.1E1,3.562499821186E0));
#8405=VERTEX_POINT('',#8404);
#8406=CARTESIAN_POINT('',(4.161713931295E1,3.1E1,3.9375E0));
#8407=VERTEX_POINT('',#8406);
#8408=CARTESIAN_POINT('',(4.180862867697E1,3.1E1,4.312500178814E0));
#8409=VERTEX_POINT('',#8408);
#8410=CARTESIAN_POINT('',(4.152139463513E1,3.1E1,6.093750357628E0));
#8411=CARTESIAN_POINT('',(4.200011804938E1,3.1E1,6.093750357628E0));
#8412=VERTEX_POINT('',#8410);
#8413=VERTEX_POINT('',#8411);
#8414=CARTESIAN_POINT('',(4.200011804938E1,3.1E1,5.625E0));
#8415=VERTEX_POINT('',#8414);
#8416=CARTESIAN_POINT('',(4.152139463513E1,3.1E1,5.625E0));
#8417=VERTEX_POINT('',#8416);
#8418=CARTESIAN_POINT('',(4.353203296154E1,3.1E1,7.500000357628E0));
#8419=CARTESIAN_POINT('',(4.381926696985E1,3.1E1,7.875E0));
#8420=VERTEX_POINT('',#8418);
#8421=VERTEX_POINT('',#8419);
#8422=CARTESIAN_POINT('',(4.391501163929E1,3.1E1,8.249999642372E0));
#8423=VERTEX_POINT('',#8422);
#8424=CARTESIAN_POINT('',(4.391501163929E1,3.1E1,8.812499642372E0));
#8425=VERTEX_POINT('',#8424);
#8426=CARTESIAN_POINT('',(4.381926696985E1,3.1E1,9.187500357628E0));
#8427=VERTEX_POINT('',#8426);
#8428=CARTESIAN_POINT('',(4.362777763098E1,3.1E1,9.468750357628E0));
#8429=VERTEX_POINT('',#8428);
#8430=CARTESIAN_POINT('',(4.334054362267E1,3.1E1,9.656249642372E0));
#8431=VERTEX_POINT('',#8430);
#8432=CARTESIAN_POINT('',(4.305330948024E1,3.1E1,9.750000357628E0));
#8433=VERTEX_POINT('',#8432);
#8434=CARTESIAN_POINT('',(4.286182014137E1,3.1E1,9.750000357628E0));
#8435=VERTEX_POINT('',#8434);
#8436=CARTESIAN_POINT('',(4.257458613306E1,3.1E1,9.656249642372E0));
#8437=VERTEX_POINT('',#8436);
#8438=CARTESIAN_POINT('',(4.228735205769E1,3.1E1,9.468750357628E0));
#8439=VERTEX_POINT('',#8438);
#8440=CARTESIAN_POINT('',(4.209586271881E1,3.1E1,9.187500357628E0));
#8441=VERTEX_POINT('',#8440);
#8442=CARTESIAN_POINT('',(4.200011804938E1,3.1E1,8.812499642372E0));
#8443=VERTEX_POINT('',#8442);
#8444=CARTESIAN_POINT('',(4.200011804938E1,3.1E1,8.249999642372E0));
#8445=VERTEX_POINT('',#8444);
#8446=CARTESIAN_POINT('',(4.209586271881E1,3.1E1,7.875E0));
#8447=VERTEX_POINT('',#8446);
#8448=CARTESIAN_POINT('',(4.228735205769E1,3.1E1,7.59375E0));
#8449=VERTEX_POINT('',#8448);
#8450=CARTESIAN_POINT('',(4.267033080249E1,3.1E1,7.406249642372E0));
#8451=VERTEX_POINT('',#8450);
#8452=CARTESIAN_POINT('',(4.267033080249E1,3.1E1,6.843749642372E0));
#8453=VERTEX_POINT('',#8452);
#8454=CARTESIAN_POINT('',(4.228735205769E1,3.1E1,7.03125E0));
#8455=VERTEX_POINT('',#8454);
#8456=CARTESIAN_POINT('',(4.190437334641E1,3.1E1,7.3125E0));
#8457=VERTEX_POINT('',#8456);
#8458=CARTESIAN_POINT('',(4.161713931295E1,3.1E1,7.781250357628E0));
#8459=VERTEX_POINT('',#8458);
#8460=CARTESIAN_POINT('',(4.152139463513E1,3.1E1,8.249999642372E0));
#8461=VERTEX_POINT('',#8460);
#8462=CARTESIAN_POINT('',(4.152139463513E1,3.1E1,8.812499642372E0));
#8463=VERTEX_POINT('',#8462);
#8464=CARTESIAN_POINT('',(4.161713931295E1,3.1E1,9.28125E0));
#8465=VERTEX_POINT('',#8464);
#8466=CARTESIAN_POINT('',(4.190437334641E1,3.1E1,9.750000357628E0));
#8467=VERTEX_POINT('',#8466);
#8468=CARTESIAN_POINT('',(4.228735205769E1,3.1E1,1.003125035763E1));
#8469=VERTEX_POINT('',#8468);
#8470=CARTESIAN_POINT('',(4.276607547193E1,3.1E1,1.021874964237E1));
#8471=VERTEX_POINT('',#8470);
#8472=CARTESIAN_POINT('',(4.314905414968E1,3.1E1,1.021874964237E1));
#8473=VERTEX_POINT('',#8472);
#8474=CARTESIAN_POINT('',(4.362777763098E1,3.1E1,1.003125035763E1));
#8475=VERTEX_POINT('',#8474);
#8476=CARTESIAN_POINT('',(4.401075630873E1,3.1E1,9.750000357628E0));
#8477=VERTEX_POINT('',#8476);
#8478=CARTESIAN_POINT('',(4.429799031704E1,3.1E1,9.28125E0));
#8479=VERTEX_POINT('',#8478);
#8480=CARTESIAN_POINT('',(4.439373498648E1,3.1E1,8.812499642372E0));
#8481=VERTEX_POINT('',#8480);
#8482=CARTESIAN_POINT('',(4.439373498648E1,3.1E1,8.249999642372E0));
#8483=VERTEX_POINT('',#8482);
#8484=CARTESIAN_POINT('',(4.429799031704E1,3.1E1,7.781250357628E0));
#8485=VERTEX_POINT('',#8484);
#8486=CARTESIAN_POINT('',(4.401075630873E1,3.1E1,7.3125E0));
#8487=VERTEX_POINT('',#8486);
#8488=CARTESIAN_POINT('',(4.554267128795E1,3.1E1,7.3125E0));
#8489=VERTEX_POINT('',#8488);
#8490=CARTESIAN_POINT('',(4.554267128795E1,3.1E1,1.003125035763E1));
#8491=VERTEX_POINT('',#8490);
#8492=CARTESIAN_POINT('',(4.602139463513E1,3.1E1,1.003125035763E1));
#8493=VERTEX_POINT('',#8492);
#8494=CARTESIAN_POINT('',(4.602139463513E1,3.1E1,6.843749642372E0));
#8495=VERTEX_POINT('',#8494);
#8496=CARTESIAN_POINT('',(4.353203296154E1,3.1E1,6.843749642372E0));
#8497=VERTEX_POINT('',#8496);
#8498=CARTESIAN_POINT('',(1.766629447663E1,3.1E1,-3.375E0));
#8499=CARTESIAN_POINT('',(2.216629447663E1,3.1E1,-3.375E0));
#8500=VERTEX_POINT('',#8498);
#8501=VERTEX_POINT('',#8499);
#8502=CARTESIAN_POINT('',(2.216629447663E1,3.1E1,-3.9375E0));
#8503=VERTEX_POINT('',#8502);
#8504=CARTESIAN_POINT('',(2.149608179056E1,3.1E1,-4.5E0));
#8505=VERTEX_POINT('',#8504);
#8506=CARTESIAN_POINT('',(2.073012416684E1,3.1E1,-4.5E0));
#8507=VERTEX_POINT('',#8506);
#8508=CARTESIAN_POINT('',(2.140033712113E1,3.1E1,-3.9375E0));
#8509=VERTEX_POINT('',#8508);
#8510=CARTESIAN_POINT('',(1.766629447663E1,3.1E1,-3.9375E0));
#8511=VERTEX_POINT('',#8510);
#8512=CARTESIAN_POINT('',(1.967693280303E1,3.1E1,-1.96875E0));
#8513=CARTESIAN_POINT('',(1.996416681134E1,3.1E1,-1.593750089407E0));
#8514=VERTEX_POINT('',#8512);
#8515=VERTEX_POINT('',#8513);
#8516=CARTESIAN_POINT('',(2.005991148078E1,3.1E1,-1.218749910593E0));
#8517=VERTEX_POINT('',#8516);
#8518=CARTESIAN_POINT('',(2.005991148078E1,3.1E1,-6.562499105930E-1));
#8519=VERTEX_POINT('',#8518);
#8520=CARTESIAN_POINT('',(1.996416681134E1,3.1E1,-2.8125E-1));
#8521=VERTEX_POINT('',#8520);
#8522=CARTESIAN_POINT('',(1.977267747247E1,3.1E1,0.E0));
#8523=VERTEX_POINT('',#8522);
#8524=CARTESIAN_POINT('',(1.948544346416E1,3.1E1,1.874998211861E-1));
#8525=VERTEX_POINT('',#8524);
#8526=CARTESIAN_POINT('',(1.919820932173E1,3.1E1,2.8125E-1));
#8527=VERTEX_POINT('',#8526);
#8528=CARTESIAN_POINT('',(1.900671998286E1,3.1E1,2.8125E-1));
#8529=VERTEX_POINT('',#8528);
#8530=CARTESIAN_POINT('',(1.871948597455E1,3.1E1,1.874998211861E-1));
#8531=VERTEX_POINT('',#8530);
#8532=CARTESIAN_POINT('',(1.843225189918E1,3.1E1,0.E0));
#8533=VERTEX_POINT('',#8532);
#8534=CARTESIAN_POINT('',(1.824076256031E1,3.1E1,-2.8125E-1));
#8535=VERTEX_POINT('',#8534);
#8536=CARTESIAN_POINT('',(1.814501789087E1,3.1E1,-6.562499105930E-1));
#8537=VERTEX_POINT('',#8536);
#8538=CARTESIAN_POINT('',(1.814501789087E1,3.1E1,-1.218749910593E0));
#8539=VERTEX_POINT('',#8538);
#8540=CARTESIAN_POINT('',(1.824076256031E1,3.1E1,-1.593750089407E0));
#8541=VERTEX_POINT('',#8540);
#8542=CARTESIAN_POINT('',(1.843225189918E1,3.1E1,-1.875000089407E0));
#8543=VERTEX_POINT('',#8542);
#8544=CARTESIAN_POINT('',(1.881523064399E1,3.1E1,-2.062499910593E0));
#8545=VERTEX_POINT('',#8544);
#8546=CARTESIAN_POINT('',(1.881523064399E1,3.1E1,-2.625000044703E0));
#8547=VERTEX_POINT('',#8546);
#8548=CARTESIAN_POINT('',(1.843225189918E1,3.1E1,-2.437499955297E0));
#8549=VERTEX_POINT('',#8548);
#8550=CARTESIAN_POINT('',(1.804927318790E1,3.1E1,-2.156250089407E0));
#8551=VERTEX_POINT('',#8550);
#8552=CARTESIAN_POINT('',(1.776203915445E1,3.1E1,-1.6875E0));
#8553=VERTEX_POINT('',#8552);
#8554=CARTESIAN_POINT('',(1.766629447663E1,3.1E1,-1.218749910593E0));
#8555=VERTEX_POINT('',#8554);
#8556=CARTESIAN_POINT('',(1.766629447663E1,3.1E1,-6.562499105930E-1));
#8557=VERTEX_POINT('',#8556);
#8558=CARTESIAN_POINT('',(1.776203915445E1,3.1E1,-1.875000894070E-1));
#8559=VERTEX_POINT('',#8558);
#8560=CARTESIAN_POINT('',(1.804927318790E1,3.1E1,2.8125E-1));
#8561=VERTEX_POINT('',#8560);
#8562=CARTESIAN_POINT('',(1.843225189918E1,3.1E1,5.625E-1));
#8563=VERTEX_POINT('',#8562);
#8564=CARTESIAN_POINT('',(1.891097531342E1,3.1E1,7.499998211861E-1));
#8565=VERTEX_POINT('',#8564);
#8566=CARTESIAN_POINT('',(1.929395399117E1,3.1E1,7.499998211861E-1));
#8567=VERTEX_POINT('',#8566);
#8568=CARTESIAN_POINT('',(1.977267747247E1,3.1E1,5.625E-1));
#8569=VERTEX_POINT('',#8568);
#8570=CARTESIAN_POINT('',(2.015565615022E1,3.1E1,2.8125E-1));
#8571=VERTEX_POINT('',#8570);
#8572=CARTESIAN_POINT('',(2.044289015853E1,3.1E1,-1.875000894070E-1));
#8573=VERTEX_POINT('',#8572);
#8574=CARTESIAN_POINT('',(2.053863482797E1,3.1E1,-6.562499105930E-1));
#8575=VERTEX_POINT('',#8574);
#8576=CARTESIAN_POINT('',(2.053863482797E1,3.1E1,-1.218749910593E0));
#8577=VERTEX_POINT('',#8576);
#8578=CARTESIAN_POINT('',(2.044289015853E1,3.1E1,-1.6875E0));
#8579=VERTEX_POINT('',#8578);
#8580=CARTESIAN_POINT('',(2.015565615022E1,3.1E1,-2.156250089407E0));
#8581=VERTEX_POINT('',#8580);
#8582=CARTESIAN_POINT('',(2.168757112944E1,3.1E1,-2.156250089407E0));
#8583=VERTEX_POINT('',#8582);
#8584=CARTESIAN_POINT('',(2.168757112944E1,3.1E1,5.625E-1));
#8585=VERTEX_POINT('',#8584);
#8586=CARTESIAN_POINT('',(2.216629447663E1,3.1E1,5.625E-1));
#8587=VERTEX_POINT('',#8586);
#8588=CARTESIAN_POINT('',(2.216629447663E1,3.1E1,-2.625000044703E0));
#8589=VERTEX_POINT('',#8588);
#8590=CARTESIAN_POINT('',(1.967693280303E1,3.1E1,-2.625000044703E0));
#8591=VERTEX_POINT('',#8590);
#8592=CARTESIAN_POINT('',(2.168757112944E1,3.1E1,4.874999642372E0));
#8593=CARTESIAN_POINT('',(2.216629447663E1,3.1E1,4.874999642372E0));
#8594=VERTEX_POINT('',#8592);
#8595=VERTEX_POINT('',#8593);
#8596=CARTESIAN_POINT('',(2.216629447663E1,3.1E1,1.500000178814E0));
#8597=VERTEX_POINT('',#8596);
#8598=CARTESIAN_POINT('',(2.168757112944E1,3.1E1,1.500000178814E0));
#8599=VERTEX_POINT('',#8598);
#8600=CARTESIAN_POINT('',(2.168757112944E1,3.1E1,4.312500178814E0));
#8601=VERTEX_POINT('',#8600);
#8602=CARTESIAN_POINT('',(1.766629447663E1,3.1E1,2.437499821186E0));
#8603=VERTEX_POINT('',#8602);
#8604=CARTESIAN_POINT('',(1.766629447663E1,3.1E1,2.999999821186E0));
#8605=VERTEX_POINT('',#8604);
#8606=CARTESIAN_POINT('',(8.075319149792E1,3.E1,-4.312499994412E0));
#8607=CARTESIAN_POINT('',(8.046595742255E1,3.E1,-4.21875E0));
#8608=VERTEX_POINT('',#8606);
#8609=VERTEX_POINT('',#8607);
#8610=CARTESIAN_POINT('',(8.008297871128E1,3.E1,-3.9375E0));
#8611=VERTEX_POINT('',#8610);
#8612=CARTESIAN_POINT('',(7.979574467782E1,3.E1,-3.468749977648E0));
#8613=VERTEX_POINT('',#8612);
#8614=CARTESIAN_POINT('',(7.97E1,3.E1,-2.999999955297E0));
#8615=VERTEX_POINT('',#8614);
#8616=CARTESIAN_POINT('',(7.97E1,3.E1,-2.625000044703E0));
#8617=VERTEX_POINT('',#8616);
#8618=CARTESIAN_POINT('',(7.979574467782E1,3.E1,-2.156250089407E0));
#8619=VERTEX_POINT('',#8618);
#8620=CARTESIAN_POINT('',(8.008297871128E1,3.E1,-1.6875E0));
#8621=VERTEX_POINT('',#8620);
#8622=CARTESIAN_POINT('',(8.046595742255E1,3.E1,-1.40625E0));
#8623=VERTEX_POINT('',#8622);
#8624=CARTESIAN_POINT('',(8.094468083680E1,3.E1,-1.218749910593E0));
#8625=VERTEX_POINT('',#8624);
#8626=CARTESIAN_POINT('',(8.161489365697E1,3.E1,-1.125E0));
#8627=VERTEX_POINT('',#8626);
#8628=CARTESIAN_POINT('',(8.228510634303E1,3.E1,-1.125E0));
#8629=VERTEX_POINT('',#8628);
#8630=CARTESIAN_POINT('',(8.295531902909E1,3.E1,-1.218749910593E0));
#8631=VERTEX_POINT('',#8630);
#8632=CARTESIAN_POINT('',(8.343404264450E1,3.E1,-1.40625E0));
#8633=VERTEX_POINT('',#8632);
#8634=CARTESIAN_POINT('',(8.381702132225E1,3.E1,-1.6875E0));
#8635=VERTEX_POINT('',#8634);
#8636=CARTESIAN_POINT('',(8.410425533056E1,3.E1,-2.156250089407E0));
#8637=VERTEX_POINT('',#8636);
#8638=CARTESIAN_POINT('',(8.42E1,3.E1,-2.625000044703E0));
#8639=VERTEX_POINT('',#8638);
#8640=CARTESIAN_POINT('',(8.42E1,3.E1,-3.09375E0));
#8641=VERTEX_POINT('',#8640);
#8642=CARTESIAN_POINT('',(8.410425533056E1,3.E1,-3.562500022352E0));
#8643=VERTEX_POINT('',#8642);
#8644=CARTESIAN_POINT('',(8.381702132225E1,3.E1,-4.031250011176E0));
#8645=VERTEX_POINT('',#8644);
#8646=CARTESIAN_POINT('',(8.343404264450E1,3.E1,-4.312499994412E0));
#8647=VERTEX_POINT('',#8646);
#8648=CARTESIAN_POINT('',(8.295531902909E1,3.E1,-4.5E0));
#8649=VERTEX_POINT('',#8648);
#8650=CARTESIAN_POINT('',(8.257234035134E1,3.E1,-4.5E0));
#8651=VERTEX_POINT('',#8650);
#8652=CARTESIAN_POINT('',(8.209361700416E1,3.E1,-4.312499994412E0));
#8653=VERTEX_POINT('',#8652);
#8654=CARTESIAN_POINT('',(8.171063832641E1,3.E1,-4.031250011176E0));
#8655=VERTEX_POINT('',#8654);
#8656=CARTESIAN_POINT('',(8.142340431809E1,3.E1,-3.562500022352E0));
#8657=VERTEX_POINT('',#8656);
#8658=CARTESIAN_POINT('',(8.132765951455E1,3.E1,-3.09375E0));
#8659=VERTEX_POINT('',#8658);
#8660=CARTESIAN_POINT('',(8.132765951455E1,3.E1,-2.625000044703E0));
#8661=VERTEX_POINT('',#8660);
#8662=CARTESIAN_POINT('',(8.142340431809E1,3.E1,-2.156250089407E0));
#8663=VERTEX_POINT('',#8662);
#8664=CARTESIAN_POINT('',(8.180638299584E1,3.E1,-1.593750089407E0));
#8665=VERTEX_POINT('',#8664);
#8666=CARTESIAN_POINT('',(8.161489365697E1,3.E1,-1.593750089407E0));
#8667=VERTEX_POINT('',#8666);
#8668=CARTESIAN_POINT('',(8.104042550623E1,3.E1,-1.6875E0));
#8669=VERTEX_POINT('',#8668);
#8670=CARTESIAN_POINT('',(8.075319149792E1,3.E1,-1.781249910593E0));
#8671=VERTEX_POINT('',#8670);
#8672=CARTESIAN_POINT('',(8.046595742255E1,3.E1,-1.96875E0));
#8673=VERTEX_POINT('',#8672);
#8674=CARTESIAN_POINT('',(8.027446808368E1,3.E1,-2.25E0));
#8675=VERTEX_POINT('',#8674);
#8676=CARTESIAN_POINT('',(8.017872341424E1,3.E1,-2.53125E0));
#8677=VERTEX_POINT('',#8676);
#8678=CARTESIAN_POINT('',(8.017872341424E1,3.E1,-3.09375E0));
#8679=VERTEX_POINT('',#8678);
#8680=CARTESIAN_POINT('',(8.027446808368E1,3.E1,-3.375E0));
#8681=VERTEX_POINT('',#8680);
#8682=CARTESIAN_POINT('',(8.046595742255E1,3.E1,-3.65625E0));
#8683=VERTEX_POINT('',#8682);
#8684=CARTESIAN_POINT('',(8.075319149792E1,3.E1,-3.843750022352E0));
#8685=VERTEX_POINT('',#8684);
#8686=CARTESIAN_POINT('',(8.266808502078E1,3.E1,-1.6875E0));
#8687=CARTESIAN_POINT('',(8.238085101247E1,3.E1,-1.781249910593E0));
#8688=VERTEX_POINT('',#8686);
#8689=VERTEX_POINT('',#8687);
#8690=CARTESIAN_POINT('',(8.209361700416E1,3.E1,-1.96875E0));
#8691=VERTEX_POINT('',#8690);
#8692=CARTESIAN_POINT('',(8.190212766528E1,3.E1,-2.25E0));
#8693=VERTEX_POINT('',#8692);
#8694=CARTESIAN_POINT('',(8.180638299584E1,3.E1,-2.53125E0));
#8695=VERTEX_POINT('',#8694);
#8696=CARTESIAN_POINT('',(8.180638299584E1,3.E1,-3.187500044703E0));
#8697=VERTEX_POINT('',#8696);
#8698=CARTESIAN_POINT('',(8.190212766528E1,3.E1,-3.468749977648E0));
#8699=VERTEX_POINT('',#8698);
#8700=CARTESIAN_POINT('',(8.209361700416E1,3.E1,-3.749999977648E0));
#8701=VERTEX_POINT('',#8700);
#8702=CARTESIAN_POINT('',(8.238085101247E1,3.E1,-3.9375E0));
#8703=VERTEX_POINT('',#8702);
#8704=CARTESIAN_POINT('',(8.266808502078E1,3.E1,-4.031250011176E0));
#8705=VERTEX_POINT('',#8704);
#8706=CARTESIAN_POINT('',(8.285957435966E1,3.E1,-4.031250011176E0));
#8707=VERTEX_POINT('',#8706);
#8708=CARTESIAN_POINT('',(8.314680863619E1,3.E1,-3.9375E0));
#8709=VERTEX_POINT('',#8708);
#8710=CARTESIAN_POINT('',(8.343404264450E1,3.E1,-3.749999977648E0));
#8711=VERTEX_POINT('',#8710);
#8712=CARTESIAN_POINT('',(8.362553198338E1,3.E1,-3.468749977648E0));
#8713=VERTEX_POINT('',#8712);
#8714=CARTESIAN_POINT('',(8.372127665281E1,3.E1,-3.187500044703E0));
#8715=VERTEX_POINT('',#8714);
#8716=CARTESIAN_POINT('',(8.372127665281E1,3.E1,-2.53125E0));
#8717=VERTEX_POINT('',#8716);
#8718=CARTESIAN_POINT('',(8.362553198338E1,3.E1,-2.25E0));
#8719=VERTEX_POINT('',#8718);
#8720=CARTESIAN_POINT('',(8.343404264450E1,3.E1,-1.96875E0));
#8721=VERTEX_POINT('',#8720);
#8722=CARTESIAN_POINT('',(8.314680863619E1,3.E1,-1.781249910593E0));
#8723=VERTEX_POINT('',#8722);
#8724=CARTESIAN_POINT('',(8.285957435966E1,3.E1,-1.6875E0));
#8725=VERTEX_POINT('',#8724);
#8726=CARTESIAN_POINT('',(8.017872341424E1,3.E1,2.718749821186E0));
#8727=CARTESIAN_POINT('',(8.046595742255E1,3.E1,2.906250178814E0));
#8728=VERTEX_POINT('',#8726);
#8729=VERTEX_POINT('',#8727);
#8730=CARTESIAN_POINT('',(8.075319149792E1,3.E1,2.999999821186E0));
#8731=VERTEX_POINT('',#8730);
#8732=CARTESIAN_POINT('',(8.113617017567E1,3.E1,2.999999821186E0));
#8733=VERTEX_POINT('',#8732);
#8734=CARTESIAN_POINT('',(8.151914898753E1,3.E1,2.906250178814E0));
#8735=VERTEX_POINT('',#8734);
#8736=CARTESIAN_POINT('',(8.180638299584E1,3.E1,2.718749821186E0));
#8737=VERTEX_POINT('',#8736);
#8738=CARTESIAN_POINT('',(8.199787233472E1,3.E1,2.25E0));
#8739=VERTEX_POINT('',#8738);
#8740=CARTESIAN_POINT('',(8.228510634303E1,3.E1,2.625000178814E0));
#8741=VERTEX_POINT('',#8740);
#8742=CARTESIAN_POINT('',(8.257234035134E1,3.E1,2.8125E0));
#8743=VERTEX_POINT('',#8742);
#8744=CARTESIAN_POINT('',(8.295531902909E1,3.E1,2.906250178814E0));
#8745=VERTEX_POINT('',#8744);
#8746=CARTESIAN_POINT('',(8.314680863619E1,3.E1,2.906250178814E0));
#8747=VERTEX_POINT('',#8746);
#8748=CARTESIAN_POINT('',(8.352978731394E1,3.E1,2.8125E0));
#8749=VERTEX_POINT('',#8748);
#8750=CARTESIAN_POINT('',(8.391276599169E1,3.E1,2.437499821186E0));
#8751=VERTEX_POINT('',#8750);
#8752=CARTESIAN_POINT('',(8.410425533056E1,3.E1,2.062500178814E0));
#8753=VERTEX_POINT('',#8752);
#8754=CARTESIAN_POINT('',(8.42E1,3.E1,1.40625E0));
#8755=VERTEX_POINT('',#8754);
#8756=CARTESIAN_POINT('',(8.42E1,3.E1,1.218750178814E0));
#8757=VERTEX_POINT('',#8756);
#8758=CARTESIAN_POINT('',(8.410425533056E1,3.E1,5.625E-1));
#8759=VERTEX_POINT('',#8758);
#8760=CARTESIAN_POINT('',(8.391276599169E1,3.E1,1.874998211861E-1));
#8761=VERTEX_POINT('',#8760);
#8762=CARTESIAN_POINT('',(8.352978731394E1,3.E1,-1.875000894070E-1));
#8763=VERTEX_POINT('',#8762);
#8764=CARTESIAN_POINT('',(8.314680863619E1,3.E1,-2.8125E-1));
#8765=VERTEX_POINT('',#8764);
#8766=CARTESIAN_POINT('',(8.314680863619E1,3.E1,1.874998211861E-1));
#8767=VERTEX_POINT('',#8766);
#8768=CARTESIAN_POINT('',(8.343404264450E1,3.E1,3.750001788139E-1));
#8769=VERTEX_POINT('',#8768);
#8770=CARTESIAN_POINT('',(8.362553198338E1,3.E1,6.562501788139E-1));
#8771=VERTEX_POINT('',#8770);
#8772=CARTESIAN_POINT('',(8.372127665281E1,3.E1,1.125E0));
#8773=VERTEX_POINT('',#8772);
#8774=CARTESIAN_POINT('',(8.372127665281E1,3.E1,1.500000178814E0));
#8775=VERTEX_POINT('',#8774);
#8776=CARTESIAN_POINT('',(8.362553198338E1,3.E1,1.96875E0));
#8777=VERTEX_POINT('',#8776);
#8778=CARTESIAN_POINT('',(8.343404264450E1,3.E1,2.25E0));
#8779=VERTEX_POINT('',#8778);
#8780=CARTESIAN_POINT('',(8.314680863619E1,3.E1,2.437499821186E0));
#8781=VERTEX_POINT('',#8780);
#8782=CARTESIAN_POINT('',(8.295531902909E1,3.E1,2.437499821186E0));
#8783=VERTEX_POINT('',#8782);
#8784=CARTESIAN_POINT('',(8.257234035134E1,3.E1,2.25E0));
#8785=VERTEX_POINT('',#8784);
#8786=CARTESIAN_POINT('',(8.238085101247E1,3.E1,2.062500178814E0));
#8787=VERTEX_POINT('',#8786);
#8788=CARTESIAN_POINT('',(8.218936167359E1,3.E1,1.500000178814E0));
#8789=VERTEX_POINT('',#8788);
#8790=CARTESIAN_POINT('',(8.218936167359E1,3.E1,1.125E0));
#8791=VERTEX_POINT('',#8790);
#8792=CARTESIAN_POINT('',(8.180638299584E1,3.E1,1.125E0));
#8793=VERTEX_POINT('',#8792);
#8794=CARTESIAN_POINT('',(8.180638299584E1,3.E1,1.500000178814E0));
#8795=VERTEX_POINT('',#8794);
#8796=CARTESIAN_POINT('',(8.171063832641E1,3.E1,2.062500178814E0));
#8797=VERTEX_POINT('',#8796);
#8798=CARTESIAN_POINT('',(8.151914898753E1,3.E1,2.343750178814E0));
#8799=VERTEX_POINT('',#8798);
#8800=CARTESIAN_POINT('',(8.113617017567E1,3.E1,2.53125E0));
#8801=VERTEX_POINT('',#8800);
#8802=CARTESIAN_POINT('',(8.075319149792E1,3.E1,2.53125E0));
#8803=VERTEX_POINT('',#8802);
#8804=CARTESIAN_POINT('',(8.056170215905E1,3.E1,2.437499821186E0));
#8805=VERTEX_POINT('',#8804);
#8806=CARTESIAN_POINT('',(8.037021275312E1,3.E1,2.25E0));
#8807=VERTEX_POINT('',#8806);
#8808=CARTESIAN_POINT('',(8.027446808368E1,3.E1,2.062500178814E0));
#8809=VERTEX_POINT('',#8808);
#8810=CARTESIAN_POINT('',(8.017872341424E1,3.E1,1.593749821186E0));
#8811=VERTEX_POINT('',#8810);
#8812=CARTESIAN_POINT('',(8.017872341424E1,3.E1,1.031249821186E0));
#8813=VERTEX_POINT('',#8812);
#8814=CARTESIAN_POINT('',(8.027446808368E1,3.E1,5.625E-1));
#8815=VERTEX_POINT('',#8814);
#8816=CARTESIAN_POINT('',(8.037021275312E1,3.E1,3.750001788139E-1));
#8817=VERTEX_POINT('',#8816);
#8818=CARTESIAN_POINT('',(8.056170215905E1,3.E1,1.874998211861E-1));
#8819=VERTEX_POINT('',#8818);
#8820=CARTESIAN_POINT('',(8.075319149792E1,3.E1,9.375017881393E-2));
#8821=VERTEX_POINT('',#8820);
#8822=CARTESIAN_POINT('',(8.075319149792E1,3.E1,-3.749999105930E-1));
#8823=VERTEX_POINT('',#8822);
#8824=CARTESIAN_POINT('',(8.046595742255E1,3.E1,-2.8125E-1));
#8825=VERTEX_POINT('',#8824);
#8826=CARTESIAN_POINT('',(8.017872341424E1,3.E1,-9.374991059303E-2));
#8827=VERTEX_POINT('',#8826);
#8828=CARTESIAN_POINT('',(7.998723404184E1,3.E1,1.874998211861E-1));
#8829=VERTEX_POINT('',#8828);
#8830=CARTESIAN_POINT('',(7.979574467782E1,3.E1,5.625E-1));
#8831=VERTEX_POINT('',#8830);
#8832=CARTESIAN_POINT('',(7.97E1,3.E1,9.375001788139E-1));
#8833=VERTEX_POINT('',#8832);
#8834=CARTESIAN_POINT('',(7.97E1,3.E1,1.6875E0));
#8835=VERTEX_POINT('',#8834);
#8836=CARTESIAN_POINT('',(7.979574467782E1,3.E1,2.062500178814E0));
#8837=VERTEX_POINT('',#8836);
#8838=CARTESIAN_POINT('',(7.998723404184E1,3.E1,2.437499821186E0));
#8839=VERTEX_POINT('',#8838);
#8840=CARTESIAN_POINT('',(6.835545460680E1,3.E1,-3.375E0));
#8841=CARTESIAN_POINT('',(7.285545460680E1,3.E1,-3.375E0));
#8842=VERTEX_POINT('',#8840);
#8843=VERTEX_POINT('',#8841);
#8844=CARTESIAN_POINT('',(7.285545460680E1,3.E1,-3.9375E0));
#8845=VERTEX_POINT('',#8844);
#8846=CARTESIAN_POINT('',(7.218524192074E1,3.E1,-4.5E0));
#8847=VERTEX_POINT('',#8846);
#8848=CARTESIAN_POINT('',(7.141928429702E1,3.E1,-4.5E0));
#8849=VERTEX_POINT('',#8848);
#8850=CARTESIAN_POINT('',(7.208949725130E1,3.E1,-3.9375E0));
#8851=VERTEX_POINT('',#8850);
#8852=CARTESIAN_POINT('',(6.835545460680E1,3.E1,-3.9375E0));
#8853=VERTEX_POINT('',#8852);
#8854=CARTESIAN_POINT('',(7.103630561927E1,3.E1,-2.625000044703E0));
#8855=CARTESIAN_POINT('',(7.017460359433E1,3.E1,-2.625000044703E0));
#8856=VERTEX_POINT('',#8854);
#8857=VERTEX_POINT('',#8855);
#8858=CARTESIAN_POINT('',(6.969588011304E1,3.E1,-2.53125E0));
#8859=VERTEX_POINT('',#8858);
#8860=CARTESIAN_POINT('',(6.940864610473E1,3.E1,-2.437499955297E0));
#8861=VERTEX_POINT('',#8860);
#8862=CARTESIAN_POINT('',(6.902566735992E1,3.E1,-2.25E0));
#8863=VERTEX_POINT('',#8862);
#8864=CARTESIAN_POINT('',(6.873843331808E1,3.E1,-1.96875E0));
#8865=VERTEX_POINT('',#8864);
#8866=CARTESIAN_POINT('',(6.845119928462E1,3.E1,-1.499999910593E0));
#8867=VERTEX_POINT('',#8866);
#8868=CARTESIAN_POINT('',(6.835545460680E1,3.E1,-9.374999105930E-1));
#8869=VERTEX_POINT('',#8868);
#8870=CARTESIAN_POINT('',(6.845119928462E1,3.E1,-3.749999105930E-1));
#8871=VERTEX_POINT('',#8870);
#8872=CARTESIAN_POINT('',(6.873843331808E1,3.E1,9.375017881393E-2));
#8873=VERTEX_POINT('',#8872);
#8874=CARTESIAN_POINT('',(6.902566735992E1,3.E1,3.750001788139E-1));
#8875=VERTEX_POINT('',#8874);
#8876=CARTESIAN_POINT('',(6.940864610473E1,3.E1,5.625E-1));
#8877=VERTEX_POINT('',#8876);
#8878=CARTESIAN_POINT('',(6.969588011304E1,3.E1,6.562501788139E-1));
#8879=VERTEX_POINT('',#8878);
#8880=CARTESIAN_POINT('',(7.017460359433E1,3.E1,7.499998211861E-1));
#8881=VERTEX_POINT('',#8880);
#8882=CARTESIAN_POINT('',(7.103630561927E1,3.E1,7.499998211861E-1));
#8883=VERTEX_POINT('',#8882);
#8884=CARTESIAN_POINT('',(7.151502896646E1,3.E1,6.562501788139E-1));
#8885=VERTEX_POINT('',#8884);
#8886=CARTESIAN_POINT('',(7.180226324299E1,3.E1,5.625E-1));
#8887=VERTEX_POINT('',#8886);
#8888=CARTESIAN_POINT('',(7.218524192074E1,3.E1,3.750001788139E-1));
#8889=VERTEX_POINT('',#8888);
#8890=CARTESIAN_POINT('',(7.247247592905E1,3.E1,9.375017881393E-2));
#8891=VERTEX_POINT('',#8890);
#8892=CARTESIAN_POINT('',(7.275970993737E1,3.E1,-3.749999105930E-1));
#8893=VERTEX_POINT('',#8892);
#8894=CARTESIAN_POINT('',(7.285545460680E1,3.E1,-9.374999105930E-1));
#8895=VERTEX_POINT('',#8894);
#8896=CARTESIAN_POINT('',(7.275970993737E1,3.E1,-1.499999910593E0));
#8897=VERTEX_POINT('',#8896);
#8898=CARTESIAN_POINT('',(7.247247592905E1,3.E1,-1.96875E0));
#8899=VERTEX_POINT('',#8898);
#8900=CARTESIAN_POINT('',(7.218524192074E1,3.E1,-2.25E0));
#8901=VERTEX_POINT('',#8900);
#8902=CARTESIAN_POINT('',(7.180226324299E1,3.E1,-2.437499955297E0));
#8903=VERTEX_POINT('',#8902);
#8904=CARTESIAN_POINT('',(7.151502896646E1,3.E1,-2.53125E0));
#8905=VERTEX_POINT('',#8904);
#8906=CARTESIAN_POINT('',(7.094056094983E1,3.E1,-2.156250089407E0));
#8907=CARTESIAN_POINT('',(7.151502896646E1,3.E1,-2.062499910593E0));
#8908=VERTEX_POINT('',#8906);
#8909=VERTEX_POINT('',#8907);
#8910=CARTESIAN_POINT('',(7.208949725130E1,3.E1,-1.6875E0));
#8911=VERTEX_POINT('',#8910);
#8912=CARTESIAN_POINT('',(7.228098659018E1,3.E1,-1.40625E0));
#8913=VERTEX_POINT('',#8912);
#8914=CARTESIAN_POINT('',(7.237673125962E1,3.E1,-9.374999105930E-1));
#8915=VERTEX_POINT('',#8914);
#8916=CARTESIAN_POINT('',(7.228098659018E1,3.E1,-4.687500894070E-1));
#8917=VERTEX_POINT('',#8916);
#8918=CARTESIAN_POINT('',(7.208949725130E1,3.E1,-1.875000894070E-1));
#8919=VERTEX_POINT('',#8918);
#8920=CARTESIAN_POINT('',(7.151502896646E1,3.E1,1.874998211861E-1));
#8921=VERTEX_POINT('',#8920);
#8922=CARTESIAN_POINT('',(7.094056094983E1,3.E1,2.8125E-1));
#8923=VERTEX_POINT('',#8922);
#8924=CARTESIAN_POINT('',(7.027034826377E1,3.E1,2.8125E-1));
#8925=VERTEX_POINT('',#8924);
#8926=CARTESIAN_POINT('',(6.969588011304E1,3.E1,1.874998211861E-1));
#8927=VERTEX_POINT('',#8926);
#8928=CARTESIAN_POINT('',(6.912141202936E1,3.E1,-1.875000894070E-1));
#8929=VERTEX_POINT('',#8928);
#8930=CARTESIAN_POINT('',(6.892992269048E1,3.E1,-4.687500894070E-1));
#8931=VERTEX_POINT('',#8930);
#8932=CARTESIAN_POINT('',(6.883417802105E1,3.E1,-9.374999105930E-1));
#8933=VERTEX_POINT('',#8932);
#8934=CARTESIAN_POINT('',(6.892992269048E1,3.E1,-1.40625E0));
#8935=VERTEX_POINT('',#8934);
#8936=CARTESIAN_POINT('',(6.912141202936E1,3.E1,-1.6875E0));
#8937=VERTEX_POINT('',#8936);
#8938=CARTESIAN_POINT('',(6.969588011304E1,3.E1,-2.062499910593E0));
#8939=VERTEX_POINT('',#8938);
#8940=CARTESIAN_POINT('',(7.027034826377E1,3.E1,-2.156250089407E0));
#8941=VERTEX_POINT('',#8940);
#8942=CARTESIAN_POINT('',(7.036609293321E1,3.E1,2.156249821186E0));
#8943=CARTESIAN_POINT('',(7.065332694152E1,3.E1,2.53125E0));
#8944=VERTEX_POINT('',#8942);
#8945=VERTEX_POINT('',#8943);
#8946=CARTESIAN_POINT('',(7.074907161096E1,3.E1,2.906250178814E0));
#8947=VERTEX_POINT('',#8946);
#8948=CARTESIAN_POINT('',(7.074907161096E1,3.E1,3.468750178814E0));
#8949=VERTEX_POINT('',#8948);
#8950=CARTESIAN_POINT('',(7.065332694152E1,3.E1,3.843749821186E0));
#8951=VERTEX_POINT('',#8950);
#8952=CARTESIAN_POINT('',(7.046183760265E1,3.E1,4.124999821186E0));
#8953=VERTEX_POINT('',#8952);
#8954=CARTESIAN_POINT('',(7.017460359433E1,3.E1,4.312500178814E0));
#8955=VERTEX_POINT('',#8954);
#8956=CARTESIAN_POINT('',(6.988736945191E1,3.E1,4.406249821186E0));
#8957=VERTEX_POINT('',#8956);
#8958=CARTESIAN_POINT('',(6.969588011304E1,3.E1,4.406249821186E0));
#8959=VERTEX_POINT('',#8958);
#8960=CARTESIAN_POINT('',(6.940864610473E1,3.E1,4.312500178814E0));
#8961=VERTEX_POINT('',#8960);
#8962=CARTESIAN_POINT('',(6.912141202936E1,3.E1,4.124999821186E0));
#8963=VERTEX_POINT('',#8962);
#8964=CARTESIAN_POINT('',(6.892992269048E1,3.E1,3.843749821186E0));
#8965=VERTEX_POINT('',#8964);
#8966=CARTESIAN_POINT('',(6.883417802105E1,3.E1,3.468750178814E0));
#8967=VERTEX_POINT('',#8966);
#8968=CARTESIAN_POINT('',(6.883417802105E1,3.E1,2.906250178814E0));
#8969=VERTEX_POINT('',#8968);
#8970=CARTESIAN_POINT('',(6.892992269048E1,3.E1,2.53125E0));
#8971=VERTEX_POINT('',#8970);
#8972=CARTESIAN_POINT('',(6.912141202936E1,3.E1,2.25E0));
#8973=VERTEX_POINT('',#8972);
#8974=CARTESIAN_POINT('',(6.950439077416E1,3.E1,2.062500178814E0));
#8975=VERTEX_POINT('',#8974);
#8976=CARTESIAN_POINT('',(6.950439077416E1,3.E1,1.500000178814E0));
#8977=VERTEX_POINT('',#8976);
#8978=CARTESIAN_POINT('',(6.912141202936E1,3.E1,1.6875E0));
#8979=VERTEX_POINT('',#8978);
#8980=CARTESIAN_POINT('',(6.873843331808E1,3.E1,1.96875E0));
#8981=VERTEX_POINT('',#8980);
#8982=CARTESIAN_POINT('',(6.845119928462E1,3.E1,2.437499821186E0));
#8983=VERTEX_POINT('',#8982);
#8984=CARTESIAN_POINT('',(6.835545460680E1,3.E1,2.906250178814E0));
#8985=VERTEX_POINT('',#8984);
#8986=CARTESIAN_POINT('',(6.835545460680E1,3.E1,3.468750178814E0));
#8987=VERTEX_POINT('',#8986);
#8988=CARTESIAN_POINT('',(6.845119928462E1,3.E1,3.9375E0));
#8989=VERTEX_POINT('',#8988);
#8990=CARTESIAN_POINT('',(6.873843331808E1,3.E1,4.406249821186E0));
#8991=VERTEX_POINT('',#8990);
#8992=CARTESIAN_POINT('',(6.912141202936E1,3.E1,4.687500357628E0));
#8993=VERTEX_POINT('',#8992);
#8994=CARTESIAN_POINT('',(6.960013544360E1,3.E1,4.874999642372E0));
#8995=VERTEX_POINT('',#8994);
#8996=CARTESIAN_POINT('',(6.998311412135E1,3.E1,4.874999642372E0));
#8997=VERTEX_POINT('',#8996);
#8998=CARTESIAN_POINT('',(7.046183760265E1,3.E1,4.687500357628E0));
#8999=VERTEX_POINT('',#8998);
#9000=CARTESIAN_POINT('',(7.084481628040E1,3.E1,4.406249821186E0));
#9001=VERTEX_POINT('',#9000);
#9002=CARTESIAN_POINT('',(7.113205028871E1,3.E1,3.9375E0));
#9003=VERTEX_POINT('',#9002);
#9004=CARTESIAN_POINT('',(7.122779495815E1,3.E1,3.468750178814E0));
#9005=VERTEX_POINT('',#9004);
#9006=CARTESIAN_POINT('',(7.122779495815E1,3.E1,2.906250178814E0));
#9007=VERTEX_POINT('',#9006);
#9008=CARTESIAN_POINT('',(7.113205028871E1,3.E1,2.437499821186E0));
#9009=VERTEX_POINT('',#9008);
#9010=CARTESIAN_POINT('',(7.084481628040E1,3.E1,1.96875E0));
#9011=VERTEX_POINT('',#9010);
#9012=CARTESIAN_POINT('',(7.237673125962E1,3.E1,1.96875E0));
#9013=VERTEX_POINT('',#9012);
#9014=CARTESIAN_POINT('',(7.237673125962E1,3.E1,4.687500357628E0));
#9015=VERTEX_POINT('',#9014);
#9016=CARTESIAN_POINT('',(7.285545460680E1,3.E1,4.687500357628E0));
#9017=VERTEX_POINT('',#9016);
#9018=CARTESIAN_POINT('',(7.285545460680E1,3.E1,1.500000178814E0));
#9019=VERTEX_POINT('',#9018);
#9020=CARTESIAN_POINT('',(7.036609293321E1,3.E1,1.500000178814E0));
#9021=VERTEX_POINT('',#9020);
#9022=CARTESIAN_POINT('',(5.703720418260E1,3.E1,-3.375E0));
#9023=CARTESIAN_POINT('',(6.153720418260E1,3.E1,-3.375E0));
#9024=VERTEX_POINT('',#9022);
#9025=VERTEX_POINT('',#9023);
#9026=CARTESIAN_POINT('',(6.153720418260E1,3.E1,-3.9375E0));
#9027=VERTEX_POINT('',#9026);
#9028=CARTESIAN_POINT('',(6.086699149653E1,3.E1,-4.5E0));
#9029=VERTEX_POINT('',#9028);
#9030=CARTESIAN_POINT('',(6.010103387281E1,3.E1,-4.5E0));
#9031=VERTEX_POINT('',#9030);
#9032=CARTESIAN_POINT('',(6.077124682710E1,3.E1,-3.9375E0));
#9033=VERTEX_POINT('',#9032);
#9034=CARTESIAN_POINT('',(5.703720418260E1,3.E1,-3.9375E0));
#9035=VERTEX_POINT('',#9034);
#9036=CARTESIAN_POINT('',(5.703720418260E1,3.E1,-1.499999910593E0));
#9037=CARTESIAN_POINT('',(6.153720418260E1,3.E1,-1.499999910593E0));
#9038=VERTEX_POINT('',#9036);
#9039=VERTEX_POINT('',#9037);
#9040=CARTESIAN_POINT('',(6.153720418260E1,3.E1,-2.062499910593E0));
#9041=VERTEX_POINT('',#9040);
#9042=CARTESIAN_POINT('',(6.086699149653E1,3.E1,-2.625000044703E0));
#9043=VERTEX_POINT('',#9042);
#9044=CARTESIAN_POINT('',(6.010103387281E1,3.E1,-2.625000044703E0));
#9045=VERTEX_POINT('',#9044);
#9046=CARTESIAN_POINT('',(6.077124682710E1,3.E1,-2.062499910593E0));
#9047=VERTEX_POINT('',#9046);
#9048=CARTESIAN_POINT('',(5.703720418260E1,3.E1,-2.062499910593E0));
#9049=VERTEX_POINT('',#9048);
#9050=CARTESIAN_POINT('',(5.933507651732E1,3.E1,0.E0));
#9051=CARTESIAN_POINT('',(5.923933184788E1,3.E1,-1.875000894070E-1));
#9052=VERTEX_POINT('',#9050);
#9053=VERTEX_POINT('',#9051);
#9054=CARTESIAN_POINT('',(5.895209783957E1,3.E1,-5.625E-1));
#9055=VERTEX_POINT('',#9054);
#9056=CARTESIAN_POINT('',(5.847337435827E1,3.E1,-7.500000894070E-1));
#9057=VERTEX_POINT('',#9056);
#9058=CARTESIAN_POINT('',(5.818614034996E1,3.E1,-7.500000894070E-1));
#9059=VERTEX_POINT('',#9058);
#9060=CARTESIAN_POINT('',(5.770741693571E1,3.E1,-5.625E-1));
#9061=VERTEX_POINT('',#9060);
#9062=CARTESIAN_POINT('',(5.742018289387E1,3.E1,-2.8125E-1));
#9063=VERTEX_POINT('',#9062);
#9064=CARTESIAN_POINT('',(5.713294886042E1,3.E1,1.874998211861E-1));
#9065=VERTEX_POINT('',#9064);
#9066=CARTESIAN_POINT('',(5.703720418260E1,3.E1,6.562501788139E-1));
#9067=VERTEX_POINT('',#9066);
#9068=CARTESIAN_POINT('',(5.703720418260E1,3.E1,1.218750178814E0));
#9069=VERTEX_POINT('',#9068);
#9070=CARTESIAN_POINT('',(5.713294886042E1,3.E1,1.6875E0));
#9071=VERTEX_POINT('',#9070);
#9072=CARTESIAN_POINT('',(5.742018289387E1,3.E1,2.156249821186E0));
#9073=VERTEX_POINT('',#9072);
#9074=CARTESIAN_POINT('',(5.770741693571E1,3.E1,2.437499821186E0));
#9075=VERTEX_POINT('',#9074);
#9076=CARTESIAN_POINT('',(5.818614034996E1,3.E1,2.625000178814E0));
#9077=VERTEX_POINT('',#9076);
#9078=CARTESIAN_POINT('',(5.847337435827E1,3.E1,2.625000178814E0));
#9079=VERTEX_POINT('',#9078);
#9080=CARTESIAN_POINT('',(5.895209783957E1,3.E1,2.437499821186E0));
#9081=VERTEX_POINT('',#9080);
#9082=CARTESIAN_POINT('',(5.923933184788E1,3.E1,2.062500178814E0));
#9083=VERTEX_POINT('',#9082);
#9084=CARTESIAN_POINT('',(5.933507651732E1,3.E1,1.874999821186E0));
#9085=VERTEX_POINT('',#9084);
#9086=CARTESIAN_POINT('',(5.943082118675E1,3.E1,2.062500178814E0));
#9087=VERTEX_POINT('',#9086);
#9088=CARTESIAN_POINT('',(5.971805519506E1,3.E1,2.343750178814E0));
#9089=VERTEX_POINT('',#9088);
#9090=CARTESIAN_POINT('',(6.010103387281E1,3.E1,2.53125E0));
#9091=VERTEX_POINT('',#9090);
#9092=CARTESIAN_POINT('',(6.038826788113E1,3.E1,2.53125E0));
#9093=VERTEX_POINT('',#9092);
#9094=CARTESIAN_POINT('',(6.086699149653E1,3.E1,2.343750178814E0));
#9095=VERTEX_POINT('',#9094);
#9096=CARTESIAN_POINT('',(6.115422550485E1,3.E1,2.062500178814E0));
#9097=VERTEX_POINT('',#9096);
#9098=CARTESIAN_POINT('',(6.144145951316E1,3.E1,1.593749821186E0));
#9099=VERTEX_POINT('',#9098);
#9100=CARTESIAN_POINT('',(6.153720418260E1,3.E1,1.125E0));
#9101=VERTEX_POINT('',#9100);
#9102=CARTESIAN_POINT('',(6.153720418260E1,3.E1,7.499998211861E-1));
#9103=VERTEX_POINT('',#9102);
#9104=CARTESIAN_POINT('',(6.144145951316E1,3.E1,2.8125E-1));
#9105=VERTEX_POINT('',#9104);
#9106=CARTESIAN_POINT('',(6.115422550485E1,3.E1,-1.875000894070E-1));
#9107=VERTEX_POINT('',#9106);
#9108=CARTESIAN_POINT('',(6.086699149653E1,3.E1,-4.687500894070E-1));
#9109=VERTEX_POINT('',#9108);
#9110=CARTESIAN_POINT('',(6.038826788113E1,3.E1,-6.562499105930E-1));
#9111=VERTEX_POINT('',#9110);
#9112=CARTESIAN_POINT('',(6.010103387281E1,3.E1,-6.562499105930E-1));
#9113=VERTEX_POINT('',#9112);
#9114=CARTESIAN_POINT('',(5.971805519506E1,3.E1,-4.687500894070E-1));
#9115=VERTEX_POINT('',#9114);
#9116=CARTESIAN_POINT('',(5.943082118675E1,3.E1,-1.875000894070E-1));
#9117=VERTEX_POINT('',#9116);
#9118=CARTESIAN_POINT('',(5.751592759684E1,3.E1,7.499998211861E-1));
#9119=CARTESIAN_POINT('',(5.761167226628E1,3.E1,3.750001788139E-1));
#9120=VERTEX_POINT('',#9118);
#9121=VERTEX_POINT('',#9119);
#9122=CARTESIAN_POINT('',(5.780316160515E1,3.E1,0.E0));
#9123=VERTEX_POINT('',#9122);
#9124=CARTESIAN_POINT('',(5.818614034996E1,3.E1,-2.8125E-1));
#9125=VERTEX_POINT('',#9124);
#9126=CARTESIAN_POINT('',(5.847337435827E1,3.E1,-2.8125E-1));
#9127=VERTEX_POINT('',#9126);
#9128=CARTESIAN_POINT('',(5.885635317013E1,3.E1,0.E0));
#9129=VERTEX_POINT('',#9128);
#9130=CARTESIAN_POINT('',(5.904784250900E1,3.E1,3.750001788139E-1));
#9131=VERTEX_POINT('',#9130);
#9132=CARTESIAN_POINT('',(5.914358717844E1,3.E1,7.499998211861E-1));
#9133=VERTEX_POINT('',#9132);
#9134=CARTESIAN_POINT('',(5.914358717844E1,3.E1,1.125E0));
#9135=VERTEX_POINT('',#9134);
#9136=CARTESIAN_POINT('',(5.904784250900E1,3.E1,1.500000178814E0));
#9137=VERTEX_POINT('',#9136);
#9138=CARTESIAN_POINT('',(5.885635317013E1,3.E1,1.874999821186E0));
#9139=VERTEX_POINT('',#9138);
#9140=CARTESIAN_POINT('',(5.847337435827E1,3.E1,2.156249821186E0));
#9141=VERTEX_POINT('',#9140);
#9142=CARTESIAN_POINT('',(5.818614034996E1,3.E1,2.156249821186E0));
#9143=VERTEX_POINT('',#9142);
#9144=CARTESIAN_POINT('',(5.780316160515E1,3.E1,1.874999821186E0));
#9145=VERTEX_POINT('',#9144);
#9146=CARTESIAN_POINT('',(5.761167226628E1,3.E1,1.500000178814E0));
#9147=VERTEX_POINT('',#9146);
#9148=CARTESIAN_POINT('',(5.751592759684E1,3.E1,1.125E0));
#9149=VERTEX_POINT('',#9148);
#9150=CARTESIAN_POINT('',(6.105848083541E1,3.E1,1.125E0));
#9151=CARTESIAN_POINT('',(6.096273616597E1,3.E1,1.500000178814E0));
#9152=VERTEX_POINT('',#9150);
#9153=VERTEX_POINT('',#9151);
#9154=CARTESIAN_POINT('',(6.067550215766E1,3.E1,1.874999821186E0));
#9155=VERTEX_POINT('',#9154);
#9156=CARTESIAN_POINT('',(6.038826788113E1,3.E1,2.062500178814E0));
#9157=VERTEX_POINT('',#9156);
#9158=CARTESIAN_POINT('',(6.019677854225E1,3.E1,2.062500178814E0));
#9159=VERTEX_POINT('',#9158);
#9160=CARTESIAN_POINT('',(5.990954453394E1,3.E1,1.874999821186E0));
#9161=VERTEX_POINT('',#9160);
#9162=CARTESIAN_POINT('',(5.962231052563E1,3.E1,1.500000178814E0));
#9163=VERTEX_POINT('',#9162);
#9164=CARTESIAN_POINT('',(5.952656585619E1,3.E1,1.125E0));
#9165=VERTEX_POINT('',#9164);
#9166=CARTESIAN_POINT('',(5.952656585619E1,3.E1,7.499998211861E-1));
#9167=VERTEX_POINT('',#9166);
#9168=CARTESIAN_POINT('',(5.962231052563E1,3.E1,3.750001788139E-1));
#9169=VERTEX_POINT('',#9168);
#9170=CARTESIAN_POINT('',(5.990954453394E1,3.E1,0.E0));
#9171=VERTEX_POINT('',#9170);
#9172=CARTESIAN_POINT('',(6.019677854225E1,3.E1,-1.875000894070E-1));
#9173=VERTEX_POINT('',#9172);
#9174=CARTESIAN_POINT('',(6.038826788113E1,3.E1,-1.875000894070E-1));
#9175=VERTEX_POINT('',#9174);
#9176=CARTESIAN_POINT('',(6.067550215766E1,3.E1,0.E0));
#9177=VERTEX_POINT('',#9176);
#9178=CARTESIAN_POINT('',(6.096273616597E1,3.E1,3.750001788139E-1));
#9179=VERTEX_POINT('',#9178);
#9180=CARTESIAN_POINT('',(6.105848083541E1,3.E1,7.499998211861E-1));
#9181=VERTEX_POINT('',#9180);
#9182=CARTESIAN_POINT('',(4.152139463513E1,3.E1,-3.375E0));
#9183=CARTESIAN_POINT('',(4.602139463513E1,3.E1,-3.375E0));
#9184=VERTEX_POINT('',#9182);
#9185=VERTEX_POINT('',#9183);
#9186=CARTESIAN_POINT('',(4.602139463513E1,3.E1,-3.9375E0));
#9187=VERTEX_POINT('',#9186);
#9188=CARTESIAN_POINT('',(4.535118194907E1,3.E1,-4.5E0));
#9189=VERTEX_POINT('',#9188);
#9190=CARTESIAN_POINT('',(4.458522432535E1,3.E1,-4.5E0));
#9191=VERTEX_POINT('',#9190);
#9192=CARTESIAN_POINT('',(4.525543727964E1,3.E1,-3.9375E0));
#9193=VERTEX_POINT('',#9192);
#9194=CARTESIAN_POINT('',(4.152139463513E1,3.E1,-3.9375E0));
#9195=VERTEX_POINT('',#9194);
#9196=CARTESIAN_POINT('',(4.200011804938E1,3.E1,4.687498211861E-1));
#9197=CARTESIAN_POINT('',(4.228735205769E1,3.E1,6.562501788139E-1));
#9198=VERTEX_POINT('',#9196);
#9199=VERTEX_POINT('',#9197);
#9200=CARTESIAN_POINT('',(4.257458613306E1,3.E1,7.499998211861E-1));
#9201=VERTEX_POINT('',#9200);
#9202=CARTESIAN_POINT('',(4.295756481081E1,3.E1,7.499998211861E-1));
#9203=VERTEX_POINT('',#9202);
#9204=CARTESIAN_POINT('',(4.334054362267E1,3.E1,6.562501788139E-1));
#9205=VERTEX_POINT('',#9204);
#9206=CARTESIAN_POINT('',(4.362777763098E1,3.E1,4.687498211861E-1));
#9207=VERTEX_POINT('',#9206);
#9208=CARTESIAN_POINT('',(4.381926696985E1,3.E1,0.E0));
#9209=VERTEX_POINT('',#9208);
#9210=CARTESIAN_POINT('',(4.410650097817E1,3.E1,3.750001788139E-1));
#9211=VERTEX_POINT('',#9210);
#9212=CARTESIAN_POINT('',(4.439373498648E1,3.E1,5.625E-1));
#9213=VERTEX_POINT('',#9212);
#9214=CARTESIAN_POINT('',(4.477671366423E1,3.E1,6.562501788139E-1));
#9215=VERTEX_POINT('',#9214);
#9216=CARTESIAN_POINT('',(4.496820327132E1,3.E1,6.562501788139E-1));
#9217=VERTEX_POINT('',#9216);
#9218=CARTESIAN_POINT('',(4.535118194907E1,3.E1,5.625E-1));
#9219=VERTEX_POINT('',#9218);
#9220=CARTESIAN_POINT('',(4.573416062682E1,3.E1,1.874998211861E-1));
#9221=VERTEX_POINT('',#9220);
#9222=CARTESIAN_POINT('',(4.592564996570E1,3.E1,-1.875000894070E-1));
#9223=VERTEX_POINT('',#9222);
#9224=CARTESIAN_POINT('',(4.602139463513E1,3.E1,-8.4375E-1));
#9225=VERTEX_POINT('',#9224);
#9226=CARTESIAN_POINT('',(4.602139463513E1,3.E1,-1.031250089407E0));
#9227=VERTEX_POINT('',#9226);
#9228=CARTESIAN_POINT('',(4.592564996570E1,3.E1,-1.6875E0));
#9229=VERTEX_POINT('',#9228);
#9230=CARTESIAN_POINT('',(4.573416062682E1,3.E1,-2.062499910593E0));
#9231=VERTEX_POINT('',#9230);
#9232=CARTESIAN_POINT('',(4.535118194907E1,3.E1,-2.437499955297E0));
#9233=VERTEX_POINT('',#9232);
#9234=CARTESIAN_POINT('',(4.496820327132E1,3.E1,-2.53125E0));
#9235=VERTEX_POINT('',#9234);
#9236=CARTESIAN_POINT('',(4.496820327132E1,3.E1,-2.062499910593E0));
#9237=VERTEX_POINT('',#9236);
#9238=CARTESIAN_POINT('',(4.525543727964E1,3.E1,-1.875000089407E0));
#9239=VERTEX_POINT('',#9238);
#9240=CARTESIAN_POINT('',(4.544692661851E1,3.E1,-1.593750089407E0));
#9241=VERTEX_POINT('',#9240);
#9242=CARTESIAN_POINT('',(4.554267128795E1,3.E1,-1.125E0));
#9243=VERTEX_POINT('',#9242);
#9244=CARTESIAN_POINT('',(4.554267128795E1,3.E1,-7.500000894070E-1));
#9245=VERTEX_POINT('',#9244);
#9246=CARTESIAN_POINT('',(4.544692661851E1,3.E1,-2.8125E-1));
#9247=VERTEX_POINT('',#9246);
#9248=CARTESIAN_POINT('',(4.525543727964E1,3.E1,0.E0));
#9249=VERTEX_POINT('',#9248);
#9250=CARTESIAN_POINT('',(4.496820327132E1,3.E1,1.874998211861E-1));
#9251=VERTEX_POINT('',#9250);
#9252=CARTESIAN_POINT('',(4.477671366423E1,3.E1,1.874998211861E-1));
#9253=VERTEX_POINT('',#9252);
#9254=CARTESIAN_POINT('',(4.439373498648E1,3.E1,0.E0));
#9255=VERTEX_POINT('',#9254);
#9256=CARTESIAN_POINT('',(4.420224564760E1,3.E1,-1.875000894070E-1));
#9257=VERTEX_POINT('',#9256);
#9258=CARTESIAN_POINT('',(4.401075630873E1,3.E1,-7.500000894070E-1));
#9259=VERTEX_POINT('',#9258);
#9260=CARTESIAN_POINT('',(4.401075630873E1,3.E1,-1.125E0));
#9261=VERTEX_POINT('',#9260);
#9262=CARTESIAN_POINT('',(4.362777763098E1,3.E1,-1.125E0));
#9263=VERTEX_POINT('',#9262);
#9264=CARTESIAN_POINT('',(4.362777763098E1,3.E1,-7.500000894070E-1));
#9265=VERTEX_POINT('',#9264);
#9266=CARTESIAN_POINT('',(4.353203296154E1,3.E1,-1.875000894070E-1));
#9267=VERTEX_POINT('',#9266);
#9268=CARTESIAN_POINT('',(4.334054362267E1,3.E1,9.375017881393E-2));
#9269=VERTEX_POINT('',#9268);
#9270=CARTESIAN_POINT('',(4.295756481081E1,3.E1,2.8125E-1));
#9271=VERTEX_POINT('',#9270);
#9272=CARTESIAN_POINT('',(4.257458613306E1,3.E1,2.8125E-1));
#9273=VERTEX_POINT('',#9272);
#9274=CARTESIAN_POINT('',(4.238309679418E1,3.E1,1.874998211861E-1));
#9275=VERTEX_POINT('',#9274);
#9276=CARTESIAN_POINT('',(4.219160738825E1,3.E1,0.E0));
#9277=VERTEX_POINT('',#9276);
#9278=CARTESIAN_POINT('',(4.209586271881E1,3.E1,-1.875000894070E-1));
#9279=VERTEX_POINT('',#9278);
#9280=CARTESIAN_POINT('',(4.200011804938E1,3.E1,-6.562499105930E-1));
#9281=VERTEX_POINT('',#9280);
#9282=CARTESIAN_POINT('',(4.200011804938E1,3.E1,-1.218749910593E0));
#9283=VERTEX_POINT('',#9282);
#9284=CARTESIAN_POINT('',(4.209586271881E1,3.E1,-1.6875E0));
#9285=VERTEX_POINT('',#9284);
#9286=CARTESIAN_POINT('',(4.219160738825E1,3.E1,-1.875000089407E0));
#9287=VERTEX_POINT('',#9286);
#9288=CARTESIAN_POINT('',(4.238309679418E1,3.E1,-2.062499910593E0));
#9289=VERTEX_POINT('',#9288);
#9290=CARTESIAN_POINT('',(4.257458613306E1,3.E1,-2.156250089407E0));
#9291=VERTEX_POINT('',#9290);
#9292=CARTESIAN_POINT('',(4.257458613306E1,3.E1,-2.625000044703E0));
#9293=VERTEX_POINT('',#9292);
#9294=CARTESIAN_POINT('',(4.228735205769E1,3.E1,-2.53125E0));
#9295=VERTEX_POINT('',#9294);
#9296=CARTESIAN_POINT('',(4.200011804938E1,3.E1,-2.343750044703E0));
#9297=VERTEX_POINT('',#9296);
#9298=CARTESIAN_POINT('',(4.180862867697E1,3.E1,-2.062499910593E0));
#9299=VERTEX_POINT('',#9298);
#9300=CARTESIAN_POINT('',(4.161713931295E1,3.E1,-1.6875E0));
#9301=VERTEX_POINT('',#9300);
#9302=CARTESIAN_POINT('',(4.152139463513E1,3.E1,-1.312500089407E0));
#9303=VERTEX_POINT('',#9302);
#9304=CARTESIAN_POINT('',(4.152139463513E1,3.E1,-5.625E-1));
#9305=VERTEX_POINT('',#9304);
#9306=CARTESIAN_POINT('',(4.161713931295E1,3.E1,-1.875000894070E-1));
#9307=VERTEX_POINT('',#9306);
#9308=CARTESIAN_POINT('',(4.180862867697E1,3.E1,1.874998211861E-1));
#9309=VERTEX_POINT('',#9308);
#9310=CARTESIAN_POINT('',(4.200011804938E1,3.E1,4.593749642372E0));
#9311=CARTESIAN_POINT('',(4.228735205769E1,3.E1,4.78125E0));
#9312=VERTEX_POINT('',#9310);
#9313=VERTEX_POINT('',#9311);
#9314=CARTESIAN_POINT('',(4.257458613306E1,3.E1,4.874999642372E0));
#9315=VERTEX_POINT('',#9314);
#9316=CARTESIAN_POINT('',(4.295756481081E1,3.E1,4.874999642372E0));
#9317=VERTEX_POINT('',#9316);
#9318=CARTESIAN_POINT('',(4.334054362267E1,3.E1,4.78125E0));
#9319=VERTEX_POINT('',#9318);
#9320=CARTESIAN_POINT('',(4.362777763098E1,3.E1,4.593749642372E0));
#9321=VERTEX_POINT('',#9320);
#9322=CARTESIAN_POINT('',(4.381926696985E1,3.E1,4.124999821186E0));
#9323=VERTEX_POINT('',#9322);
#9324=CARTESIAN_POINT('',(4.410650097817E1,3.E1,4.5E0));
#9325=VERTEX_POINT('',#9324);
#9326=CARTESIAN_POINT('',(4.439373498648E1,3.E1,4.687500357628E0));
#9327=VERTEX_POINT('',#9326);
#9328=CARTESIAN_POINT('',(4.477671366423E1,3.E1,4.78125E0));
#9329=VERTEX_POINT('',#9328);
#9330=CARTESIAN_POINT('',(4.496820327132E1,3.E1,4.78125E0));
#9331=VERTEX_POINT('',#9330);
#9332=CARTESIAN_POINT('',(4.535118194907E1,3.E1,4.687500357628E0));
#9333=VERTEX_POINT('',#9332);
#9334=CARTESIAN_POINT('',(4.573416062682E1,3.E1,4.312500178814E0));
#9335=VERTEX_POINT('',#9334);
#9336=CARTESIAN_POINT('',(4.592564996570E1,3.E1,3.9375E0));
#9337=VERTEX_POINT('',#9336);
#9338=CARTESIAN_POINT('',(4.602139463513E1,3.E1,3.281249821186E0));
#9339=VERTEX_POINT('',#9338);
#9340=CARTESIAN_POINT('',(4.602139463513E1,3.E1,3.09375E0));
#9341=VERTEX_POINT('',#9340);
#9342=CARTESIAN_POINT('',(4.592564996570E1,3.E1,2.437499821186E0));
#9343=VERTEX_POINT('',#9342);
#9344=CARTESIAN_POINT('',(4.573416062682E1,3.E1,2.062500178814E0));
#9345=VERTEX_POINT('',#9344);
#9346=CARTESIAN_POINT('',(4.535118194907E1,3.E1,1.6875E0));
#9347=VERTEX_POINT('',#9346);
#9348=CARTESIAN_POINT('',(4.496820327132E1,3.E1,1.593749821186E0));
#9349=VERTEX_POINT('',#9348);
#9350=CARTESIAN_POINT('',(4.496820327132E1,3.E1,2.062500178814E0));
#9351=VERTEX_POINT('',#9350);
#9352=CARTESIAN_POINT('',(4.525543727964E1,3.E1,2.25E0));
#9353=VERTEX_POINT('',#9352);
#9354=CARTESIAN_POINT('',(4.544692661851E1,3.E1,2.53125E0));
#9355=VERTEX_POINT('',#9354);
#9356=CARTESIAN_POINT('',(4.554267128795E1,3.E1,2.999999821186E0));
#9357=VERTEX_POINT('',#9356);
#9358=CARTESIAN_POINT('',(4.554267128795E1,3.E1,3.375E0));
#9359=VERTEX_POINT('',#9358);
#9360=CARTESIAN_POINT('',(4.544692661851E1,3.E1,3.843749821186E0));
#9361=VERTEX_POINT('',#9360);
#9362=CARTESIAN_POINT('',(4.525543727964E1,3.E1,4.124999821186E0));
#9363=VERTEX_POINT('',#9362);
#9364=CARTESIAN_POINT('',(4.496820327132E1,3.E1,4.312500178814E0));
#9365=VERTEX_POINT('',#9364);
#9366=CARTESIAN_POINT('',(4.477671366423E1,3.E1,4.312500178814E0));
#9367=VERTEX_POINT('',#9366);
#9368=CARTESIAN_POINT('',(4.439373498648E1,3.E1,4.124999821186E0));
#9369=VERTEX_POINT('',#9368);
#9370=CARTESIAN_POINT('',(4.420224564760E1,3.E1,3.9375E0));
#9371=VERTEX_POINT('',#9370);
#9372=CARTESIAN_POINT('',(4.401075630873E1,3.E1,3.375E0));
#9373=VERTEX_POINT('',#9372);
#9374=CARTESIAN_POINT('',(4.401075630873E1,3.E1,2.999999821186E0));
#9375=VERTEX_POINT('',#9374);
#9376=CARTESIAN_POINT('',(4.362777763098E1,3.E1,2.999999821186E0));
#9377=VERTEX_POINT('',#9376);
#9378=CARTESIAN_POINT('',(4.362777763098E1,3.E1,3.375E0));
#9379=VERTEX_POINT('',#9378);
#9380=CARTESIAN_POINT('',(4.353203296154E1,3.E1,3.9375E0));
#9381=VERTEX_POINT('',#9380);
#9382=CARTESIAN_POINT('',(4.334054362267E1,3.E1,4.21875E0));
#9383=VERTEX_POINT('',#9382);
#9384=CARTESIAN_POINT('',(4.295756481081E1,3.E1,4.406249821186E0));
#9385=VERTEX_POINT('',#9384);
#9386=CARTESIAN_POINT('',(4.257458613306E1,3.E1,4.406249821186E0));
#9387=VERTEX_POINT('',#9386);
#9388=CARTESIAN_POINT('',(4.238309679418E1,3.E1,4.312500178814E0));
#9389=VERTEX_POINT('',#9388);
#9390=CARTESIAN_POINT('',(4.219160738825E1,3.E1,4.124999821186E0));
#9391=VERTEX_POINT('',#9390);
#9392=CARTESIAN_POINT('',(4.209586271881E1,3.E1,3.9375E0));
#9393=VERTEX_POINT('',#9392);
#9394=CARTESIAN_POINT('',(4.200011804938E1,3.E1,3.468750178814E0));
#9395=VERTEX_POINT('',#9394);
#9396=CARTESIAN_POINT('',(4.200011804938E1,3.E1,2.906250178814E0));
#9397=VERTEX_POINT('',#9396);
#9398=CARTESIAN_POINT('',(4.209586271881E1,3.E1,2.437499821186E0));
#9399=VERTEX_POINT('',#9398);
#9400=CARTESIAN_POINT('',(4.219160738825E1,3.E1,2.25E0));
#9401=VERTEX_POINT('',#9400);
#9402=CARTESIAN_POINT('',(4.238309679418E1,3.E1,2.062500178814E0));
#9403=VERTEX_POINT('',#9402);
#9404=CARTESIAN_POINT('',(4.257458613306E1,3.E1,1.96875E0));
#9405=VERTEX_POINT('',#9404);
#9406=CARTESIAN_POINT('',(4.257458613306E1,3.E1,1.500000178814E0));
#9407=VERTEX_POINT('',#9406);
#9408=CARTESIAN_POINT('',(4.228735205769E1,3.E1,1.593749821186E0));
#9409=VERTEX_POINT('',#9408);
#9410=CARTESIAN_POINT('',(4.200011804938E1,3.E1,1.781250178814E0));
#9411=VERTEX_POINT('',#9410);
#9412=CARTESIAN_POINT('',(4.180862867697E1,3.E1,2.062500178814E0));
#9413=VERTEX_POINT('',#9412);
#9414=CARTESIAN_POINT('',(4.161713931295E1,3.E1,2.437499821186E0));
#9415=VERTEX_POINT('',#9414);
#9416=CARTESIAN_POINT('',(4.152139463513E1,3.E1,2.8125E0));
#9417=VERTEX_POINT('',#9416);
#9418=CARTESIAN_POINT('',(4.152139463513E1,3.E1,3.562499821186E0));
#9419=VERTEX_POINT('',#9418);
#9420=CARTESIAN_POINT('',(4.161713931295E1,3.E1,3.9375E0));
#9421=VERTEX_POINT('',#9420);
#9422=CARTESIAN_POINT('',(4.180862867697E1,3.E1,4.312500178814E0));
#9423=VERTEX_POINT('',#9422);
#9424=CARTESIAN_POINT('',(4.152139463513E1,3.E1,6.093750357628E0));
#9425=CARTESIAN_POINT('',(4.200011804938E1,3.E1,6.093750357628E0));
#9426=VERTEX_POINT('',#9424);
#9427=VERTEX_POINT('',#9425);
#9428=CARTESIAN_POINT('',(4.200011804938E1,3.E1,5.625E0));
#9429=VERTEX_POINT('',#9428);
#9430=CARTESIAN_POINT('',(4.152139463513E1,3.E1,5.625E0));
#9431=VERTEX_POINT('',#9430);
#9432=CARTESIAN_POINT('',(4.353203296154E1,3.E1,7.500000357628E0));
#9433=CARTESIAN_POINT('',(4.381926696985E1,3.E1,7.875E0));
#9434=VERTEX_POINT('',#9432);
#9435=VERTEX_POINT('',#9433);
#9436=CARTESIAN_POINT('',(4.391501163929E1,3.E1,8.249999642372E0));
#9437=VERTEX_POINT('',#9436);
#9438=CARTESIAN_POINT('',(4.391501163929E1,3.E1,8.812499642372E0));
#9439=VERTEX_POINT('',#9438);
#9440=CARTESIAN_POINT('',(4.381926696985E1,3.E1,9.187500357628E0));
#9441=VERTEX_POINT('',#9440);
#9442=CARTESIAN_POINT('',(4.362777763098E1,3.E1,9.468750357628E0));
#9443=VERTEX_POINT('',#9442);
#9444=CARTESIAN_POINT('',(4.334054362267E1,3.E1,9.656249642372E0));
#9445=VERTEX_POINT('',#9444);
#9446=CARTESIAN_POINT('',(4.305330948024E1,3.E1,9.750000357628E0));
#9447=VERTEX_POINT('',#9446);
#9448=CARTESIAN_POINT('',(4.286182014137E1,3.E1,9.750000357628E0));
#9449=VERTEX_POINT('',#9448);
#9450=CARTESIAN_POINT('',(4.257458613306E1,3.E1,9.656249642372E0));
#9451=VERTEX_POINT('',#9450);
#9452=CARTESIAN_POINT('',(4.228735205769E1,3.E1,9.468750357628E0));
#9453=VERTEX_POINT('',#9452);
#9454=CARTESIAN_POINT('',(4.209586271881E1,3.E1,9.187500357628E0));
#9455=VERTEX_POINT('',#9454);
#9456=CARTESIAN_POINT('',(4.200011804938E1,3.E1,8.812499642372E0));
#9457=VERTEX_POINT('',#9456);
#9458=CARTESIAN_POINT('',(4.200011804938E1,3.E1,8.249999642372E0));
#9459=VERTEX_POINT('',#9458);
#9460=CARTESIAN_POINT('',(4.209586271881E1,3.E1,7.875E0));
#9461=VERTEX_POINT('',#9460);
#9462=CARTESIAN_POINT('',(4.228735205769E1,3.E1,7.59375E0));
#9463=VERTEX_POINT('',#9462);
#9464=CARTESIAN_POINT('',(4.267033080249E1,3.E1,7.406249642372E0));
#9465=VERTEX_POINT('',#9464);
#9466=CARTESIAN_POINT('',(4.267033080249E1,3.E1,6.843749642372E0));
#9467=VERTEX_POINT('',#9466);
#9468=CARTESIAN_POINT('',(4.228735205769E1,3.E1,7.03125E0));
#9469=VERTEX_POINT('',#9468);
#9470=CARTESIAN_POINT('',(4.190437334641E1,3.E1,7.3125E0));
#9471=VERTEX_POINT('',#9470);
#9472=CARTESIAN_POINT('',(4.161713931295E1,3.E1,7.781250357628E0));
#9473=VERTEX_POINT('',#9472);
#9474=CARTESIAN_POINT('',(4.152139463513E1,3.E1,8.249999642372E0));
#9475=VERTEX_POINT('',#9474);
#9476=CARTESIAN_POINT('',(4.152139463513E1,3.E1,8.812499642372E0));
#9477=VERTEX_POINT('',#9476);
#9478=CARTESIAN_POINT('',(4.161713931295E1,3.E1,9.28125E0));
#9479=VERTEX_POINT('',#9478);
#9480=CARTESIAN_POINT('',(4.190437334641E1,3.E1,9.750000357628E0));
#9481=VERTEX_POINT('',#9480);
#9482=CARTESIAN_POINT('',(4.228735205769E1,3.E1,1.003125035763E1));
#9483=VERTEX_POINT('',#9482);
#9484=CARTESIAN_POINT('',(4.276607547193E1,3.E1,1.021874964237E1));
#9485=VERTEX_POINT('',#9484);
#9486=CARTESIAN_POINT('',(4.314905414968E1,3.E1,1.021874964237E1));
#9487=VERTEX_POINT('',#9486);
#9488=CARTESIAN_POINT('',(4.362777763098E1,3.E1,1.003125035763E1));
#9489=VERTEX_POINT('',#9488);
#9490=CARTESIAN_POINT('',(4.401075630873E1,3.E1,9.750000357628E0));
#9491=VERTEX_POINT('',#9490);
#9492=CARTESIAN_POINT('',(4.429799031704E1,3.E1,9.28125E0));
#9493=VERTEX_POINT('',#9492);
#9494=CARTESIAN_POINT('',(4.439373498648E1,3.E1,8.812499642372E0));
#9495=VERTEX_POINT('',#9494);
#9496=CARTESIAN_POINT('',(4.439373498648E1,3.E1,8.249999642372E0));
#9497=VERTEX_POINT('',#9496);
#9498=CARTESIAN_POINT('',(4.429799031704E1,3.E1,7.781250357628E0));
#9499=VERTEX_POINT('',#9498);
#9500=CARTESIAN_POINT('',(4.401075630873E1,3.E1,7.3125E0));
#9501=VERTEX_POINT('',#9500);
#9502=CARTESIAN_POINT('',(4.554267128795E1,3.E1,7.3125E0));
#9503=VERTEX_POINT('',#9502);
#9504=CARTESIAN_POINT('',(4.554267128795E1,3.E1,1.003125035763E1));
#9505=VERTEX_POINT('',#9504);
#9506=CARTESIAN_POINT('',(4.602139463513E1,3.E1,1.003125035763E1));
#9507=VERTEX_POINT('',#9506);
#9508=CARTESIAN_POINT('',(4.602139463513E1,3.E1,6.843749642372E0));
#9509=VERTEX_POINT('',#9508);
#9510=CARTESIAN_POINT('',(4.353203296154E1,3.E1,6.843749642372E0));
#9511=VERTEX_POINT('',#9510);
#9512=CARTESIAN_POINT('',(1.766629447663E1,3.E1,-3.375E0));
#9513=CARTESIAN_POINT('',(2.216629447663E1,3.E1,-3.375E0));
#9514=VERTEX_POINT('',#9512);
#9515=VERTEX_POINT('',#9513);
#9516=CARTESIAN_POINT('',(2.216629447663E1,3.E1,-3.9375E0));
#9517=VERTEX_POINT('',#9516);
#9518=CARTESIAN_POINT('',(2.149608179056E1,3.E1,-4.5E0));
#9519=VERTEX_POINT('',#9518);
#9520=CARTESIAN_POINT('',(2.073012416684E1,3.E1,-4.5E0));
#9521=VERTEX_POINT('',#9520);
#9522=CARTESIAN_POINT('',(2.140033712113E1,3.E1,-3.9375E0));
#9523=VERTEX_POINT('',#9522);
#9524=CARTESIAN_POINT('',(1.766629447663E1,3.E1,-3.9375E0));
#9525=VERTEX_POINT('',#9524);
#9526=CARTESIAN_POINT('',(1.967693280303E1,3.E1,-1.96875E0));
#9527=CARTESIAN_POINT('',(1.996416681134E1,3.E1,-1.593750089407E0));
#9528=VERTEX_POINT('',#9526);
#9529=VERTEX_POINT('',#9527);
#9530=CARTESIAN_POINT('',(2.005991148078E1,3.E1,-1.218749910593E0));
#9531=VERTEX_POINT('',#9530);
#9532=CARTESIAN_POINT('',(2.005991148078E1,3.E1,-6.562499105930E-1));
#9533=VERTEX_POINT('',#9532);
#9534=CARTESIAN_POINT('',(1.996416681134E1,3.E1,-2.8125E-1));
#9535=VERTEX_POINT('',#9534);
#9536=CARTESIAN_POINT('',(1.977267747247E1,3.E1,0.E0));
#9537=VERTEX_POINT('',#9536);
#9538=CARTESIAN_POINT('',(1.948544346416E1,3.E1,1.874998211861E-1));
#9539=VERTEX_POINT('',#9538);
#9540=CARTESIAN_POINT('',(1.919820932173E1,3.E1,2.8125E-1));
#9541=VERTEX_POINT('',#9540);
#9542=CARTESIAN_POINT('',(1.900671998286E1,3.E1,2.8125E-1));
#9543=VERTEX_POINT('',#9542);
#9544=CARTESIAN_POINT('',(1.871948597455E1,3.E1,1.874998211861E-1));
#9545=VERTEX_POINT('',#9544);
#9546=CARTESIAN_POINT('',(1.843225189918E1,3.E1,0.E0));
#9547=VERTEX_POINT('',#9546);
#9548=CARTESIAN_POINT('',(1.824076256031E1,3.E1,-2.8125E-1));
#9549=VERTEX_POINT('',#9548);
#9550=CARTESIAN_POINT('',(1.814501789087E1,3.E1,-6.562499105930E-1));
#9551=VERTEX_POINT('',#9550);
#9552=CARTESIAN_POINT('',(1.814501789087E1,3.E1,-1.218749910593E0));
#9553=VERTEX_POINT('',#9552);
#9554=CARTESIAN_POINT('',(1.824076256031E1,3.E1,-1.593750089407E0));
#9555=VERTEX_POINT('',#9554);
#9556=CARTESIAN_POINT('',(1.843225189918E1,3.E1,-1.875000089407E0));
#9557=VERTEX_POINT('',#9556);
#9558=CARTESIAN_POINT('',(1.881523064399E1,3.E1,-2.062499910593E0));
#9559=VERTEX_POINT('',#9558);
#9560=CARTESIAN_POINT('',(1.881523064399E1,3.E1,-2.625000044703E0));
#9561=VERTEX_POINT('',#9560);
#9562=CARTESIAN_POINT('',(1.843225189918E1,3.E1,-2.437499955297E0));
#9563=VERTEX_POINT('',#9562);
#9564=CARTESIAN_POINT('',(1.804927318790E1,3.E1,-2.156250089407E0));
#9565=VERTEX_POINT('',#9564);
#9566=CARTESIAN_POINT('',(1.776203915445E1,3.E1,-1.6875E0));
#9567=VERTEX_POINT('',#9566);
#9568=CARTESIAN_POINT('',(1.766629447663E1,3.E1,-1.218749910593E0));
#9569=VERTEX_POINT('',#9568);
#9570=CARTESIAN_POINT('',(1.766629447663E1,3.E1,-6.562499105930E-1));
#9571=VERTEX_POINT('',#9570);
#9572=CARTESIAN_POINT('',(1.776203915445E1,3.E1,-1.875000894070E-1));
#9573=VERTEX_POINT('',#9572);
#9574=CARTESIAN_POINT('',(1.804927318790E1,3.E1,2.8125E-1));
#9575=VERTEX_POINT('',#9574);
#9576=CARTESIAN_POINT('',(1.843225189918E1,3.E1,5.625E-1));
#9577=VERTEX_POINT('',#9576);
#9578=CARTESIAN_POINT('',(1.891097531342E1,3.E1,7.499998211861E-1));
#9579=VERTEX_POINT('',#9578);
#9580=CARTESIAN_POINT('',(1.929395399117E1,3.E1,7.499998211861E-1));
#9581=VERTEX_POINT('',#9580);
#9582=CARTESIAN_POINT('',(1.977267747247E1,3.E1,5.625E-1));
#9583=VERTEX_POINT('',#9582);
#9584=CARTESIAN_POINT('',(2.015565615022E1,3.E1,2.8125E-1));
#9585=VERTEX_POINT('',#9584);
#9586=CARTESIAN_POINT('',(2.044289015853E1,3.E1,-1.875000894070E-1));
#9587=VERTEX_POINT('',#9586);
#9588=CARTESIAN_POINT('',(2.053863482797E1,3.E1,-6.562499105930E-1));
#9589=VERTEX_POINT('',#9588);
#9590=CARTESIAN_POINT('',(2.053863482797E1,3.E1,-1.218749910593E0));
#9591=VERTEX_POINT('',#9590);
#9592=CARTESIAN_POINT('',(2.044289015853E1,3.E1,-1.6875E0));
#9593=VERTEX_POINT('',#9592);
#9594=CARTESIAN_POINT('',(2.015565615022E1,3.E1,-2.156250089407E0));
#9595=VERTEX_POINT('',#9594);
#9596=CARTESIAN_POINT('',(2.168757112944E1,3.E1,-2.156250089407E0));
#9597=VERTEX_POINT('',#9596);
#9598=CARTESIAN_POINT('',(2.168757112944E1,3.E1,5.625E-1));
#9599=VERTEX_POINT('',#9598);
#9600=CARTESIAN_POINT('',(2.216629447663E1,3.E1,5.625E-1));
#9601=VERTEX_POINT('',#9600);
#9602=CARTESIAN_POINT('',(2.216629447663E1,3.E1,-2.625000044703E0));
#9603=VERTEX_POINT('',#9602);
#9604=CARTESIAN_POINT('',(1.967693280303E1,3.E1,-2.625000044703E0));
#9605=VERTEX_POINT('',#9604);
#9606=CARTESIAN_POINT('',(2.168757112944E1,3.E1,4.874999642372E0));
#9607=CARTESIAN_POINT('',(2.216629447663E1,3.E1,4.874999642372E0));
#9608=VERTEX_POINT('',#9606);
#9609=VERTEX_POINT('',#9607);
#9610=CARTESIAN_POINT('',(2.216629447663E1,3.E1,1.500000178814E0));
#9611=VERTEX_POINT('',#9610);
#9612=CARTESIAN_POINT('',(2.168757112944E1,3.E1,1.500000178814E0));
#9613=VERTEX_POINT('',#9612);
#9614=CARTESIAN_POINT('',(2.168757112944E1,3.E1,4.312500178814E0));
#9615=VERTEX_POINT('',#9614);
#9616=CARTESIAN_POINT('',(1.766629447663E1,3.E1,2.437499821186E0));
#9617=VERTEX_POINT('',#9616);
#9618=CARTESIAN_POINT('',(1.766629447663E1,3.E1,2.999999821186E0));
#9619=VERTEX_POINT('',#9618);
#9620=CARTESIAN_POINT('',(1.806087361687E2,1.100932143976E1,-8.E0));
#9621=CARTESIAN_POINT('',(1.806087361687E2,1.299067856024E1,-8.E0));
#9622=VERTEX_POINT('',#9620);
#9623=VERTEX_POINT('',#9621);
#9624=CARTESIAN_POINT('',(1.806087361687E2,1.100932143976E1,1.17E1));
#9625=VERTEX_POINT('',#9624);
#9626=CARTESIAN_POINT('',(1.806087361687E2,1.299067856024E1,1.17E1));
#9627=VERTEX_POINT('',#9626);
#9628=CARTESIAN_POINT('',(1.748087361687E2,1.100932143976E1,1.75E1));
#9629=CARTESIAN_POINT('',(1.466098237975E2,1.100932143976E1,1.75E1));
#9630=VERTEX_POINT('',#9628);
#9631=VERTEX_POINT('',#9629);
#9632=CARTESIAN_POINT('',(1.748087361687E2,1.299067856024E1,1.75E1));
#9633=CARTESIAN_POINT('',(1.466098237975E2,1.299067856024E1,1.75E1));
#9634=VERTEX_POINT('',#9632);
#9635=VERTEX_POINT('',#9633);
#9636=CARTESIAN_POINT('',(1.702E2,1.100932143976E1,-5.613248256606E0));
#9637=CARTESIAN_POINT('',(1.702E2,1.100932143976E1,5.613248256606E0));
#9638=VERTEX_POINT('',#9636);
#9639=VERTEX_POINT('',#9637);
#9640=CARTESIAN_POINT('',(1.702E2,1.299067856024E1,-5.613248256606E0));
#9641=CARTESIAN_POINT('',(1.702E2,1.299067856024E1,5.613248256606E0));
#9642=VERTEX_POINT('',#9640);
#9643=VERTEX_POINT('',#9641);
#9644=CARTESIAN_POINT('',(1.608707569692E2,1.299067856024E1,5.613248256606E0));
#9645=VERTEX_POINT('',#9644);
#9646=CARTESIAN_POINT('',(1.608707569692E2,1.299067856024E1,-5.613248256606E0));
#9647=VERTEX_POINT('',#9646);
#9648=CARTESIAN_POINT('',(1.608707569692E2,1.100932143976E1,-5.613248256606E0));
#9649=VERTEX_POINT('',#9648);
#9650=CARTESIAN_POINT('',(1.608707569692E2,1.100932143976E1,5.613248256606E0));
#9651=VERTEX_POINT('',#9650);
#9652=CARTESIAN_POINT('',(1.586207569692E2,1.100932143976E1,1.078170885157E1));
#9653=CARTESIAN_POINT('',(1.466098237975E2,1.100932143976E1,1.078170885157E1));
#9654=VERTEX_POINT('',#9652);
#9655=VERTEX_POINT('',#9653);
#9656=CARTESIAN_POINT('',(1.586207569692E2,1.299067856024E1,1.078170885157E1));
#9657=CARTESIAN_POINT('',(1.466098237975E2,1.299067856024E1,1.078170885157E1));
#9658=VERTEX_POINT('',#9656);
#9659=VERTEX_POINT('',#9657);
#9660=CARTESIAN_POINT('',(1.608707569692E2,1.100932143976E1,-8.E0));
#9661=CARTESIAN_POINT('',(1.608707569692E2,1.299067856024E1,-8.E0));
#9662=VERTEX_POINT('',#9660);
#9663=VERTEX_POINT('',#9661);
#9664=CARTESIAN_POINT('',(1.608707569692E2,1.100932143976E1,8.531708851566E0));
#9665=VERTEX_POINT('',#9664);
#9666=CARTESIAN_POINT('',(1.608707569692E2,1.299067856024E1,8.531708851566E0));
#9667=VERTEX_POINT('',#9666);
#9668=VERTEX_POINT('',#2776);
#9669=VERTEX_POINT('',#2782);
#9670=VERTEX_POINT('',#2726);
#9671=VERTEX_POINT('',#2731);
#9672=VERTEX_POINT('',#2934);
#9673=VERTEX_POINT('',#2154);
#9674=VERTEX_POINT('',#2733);
#9675=VERTEX_POINT('',#2169);
#9676=VERTEX_POINT('',#2763);
#9677=CARTESIAN_POINT('',(1.687818668400E2,3.E1,1.639262744888E1));
#9678=VERTEX_POINT('',#9677);
#9679=CARTESIAN_POINT('',(1.684844600562E2,2.93E1,1.702630655148E1));
#9680=VERTEX_POINT('',#9679);
#9681=VERTEX_POINT('',#2182);
#9682=CARTESIAN_POINT('',(1.688587361687E2,3.E1,1.25E1));
#9683=CARTESIAN_POINT('',(1.723587361687E2,3.E1,1.25E1));
#9684=VERTEX_POINT('',#9682);
#9685=VERTEX_POINT('',#9683);
#9686=CARTESIAN_POINT('',(1.688587361687E2,1.299067856024E1,1.25E1));
#9687=CARTESIAN_POINT('',(1.723587361687E2,1.299067856024E1,1.25E1));
#9688=VERTEX_POINT('',#9686);
#9689=VERTEX_POINT('',#9687);
#9690=CARTESIAN_POINT('',(1.720087361687E2,1.809321439764E0,1.25E1));
#9691=CARTESIAN_POINT('',(1.692087361687E2,1.809321439764E0,1.25E1));
#9692=VERTEX_POINT('',#9690);
#9693=VERTEX_POINT('',#9691);
#9694=CARTESIAN_POINT('',(1.720087361687E2,1.100932143976E1,1.25E1));
#9695=CARTESIAN_POINT('',(1.692087361687E2,1.100932143976E1,1.25E1));
#9696=VERTEX_POINT('',#9694);
#9697=VERTEX_POINT('',#9695);
#9698=CARTESIAN_POINT('',(1.692087361687E2,2.2E0,-1.174761279373E1));
#9699=CARTESIAN_POINT('',(1.720087361687E2,2.2E0,-1.174761279373E1));
#9700=VERTEX_POINT('',#9698);
#9701=VERTEX_POINT('',#9699);
#9702=CARTESIAN_POINT('',(1.692087361687E2,2.83E1,-1.174761279373E1));
#9703=CARTESIAN_POINT('',(1.696969393990E2,2.83E1,-1.280998120947E1));
#9704=VERTEX_POINT('',#9702);
#9705=VERTEX_POINT('',#9703);
#9706=VERTEX_POINT('',#2848);
#9707=VERTEX_POINT('',#2861);
#9708=VERTEX_POINT('',#2899);
#9709=CARTESIAN_POINT('',(1.720087361687E2,2.83E1,-1.174761279373E1));
#9710=VERTEX_POINT('',#9709);
#9711=CARTESIAN_POINT('',(0.E0,-9.E0,1.17E1));
#9712=CARTESIAN_POINT('',(0.E0,-9.E0,-1.17E1));
#9713=VERTEX_POINT('',#9711);
#9714=VERTEX_POINT('',#9712);
#9715=CARTESIAN_POINT('',(5.8E0,-9.E0,-1.75E1));
#9716=VERTEX_POINT('',#9715);
#9717=CARTESIAN_POINT('',(1.748087361687E2,-9.E0,-1.75E1));
#9718=VERTEX_POINT('',#9717);
#9719=CARTESIAN_POINT('',(1.806087361687E2,-9.E0,-1.17E1));
#9720=VERTEX_POINT('',#9719);
#9721=CARTESIAN_POINT('',(1.806087361687E2,-9.E0,1.17E1));
#9722=VERTEX_POINT('',#9721);
#9723=CARTESIAN_POINT('',(1.748087361687E2,-9.E0,1.75E1));
#9724=VERTEX_POINT('',#9723);
#9725=CARTESIAN_POINT('',(5.8E0,-9.E0,1.75E1));
#9726=VERTEX_POINT('',#9725);
#9727=CARTESIAN_POINT('',(1.586207569692E2,0.E0,-1.078170885157E1));
#9728=CARTESIAN_POINT('',(9.068924698303E1,0.E0,-1.078170885157E1));
#9729=VERTEX_POINT('',#9727);
#9730=VERTEX_POINT('',#9728);
#9731=CARTESIAN_POINT('',(8.843924698303E1,0.E0,-8.531708851566E0));
#9732=CARTESIAN_POINT('',(8.843924698303E1,0.E0,8.531708851566E0));
#9733=VERTEX_POINT('',#9731);
#9734=VERTEX_POINT('',#9732);
#9735=CARTESIAN_POINT('',(9.068924698303E1,0.E0,1.078170885157E1));
#9736=CARTESIAN_POINT('',(1.586207569692E2,0.E0,1.078170885157E1));
#9737=VERTEX_POINT('',#9735);
#9738=VERTEX_POINT('',#9736);
#9739=CARTESIAN_POINT('',(1.608707569692E2,0.E0,8.531708851566E0));
#9740=CARTESIAN_POINT('',(1.608707569692E2,0.E0,-8.531708851566E0));
#9741=VERTEX_POINT('',#9739);
#9742=VERTEX_POINT('',#9740);
#9743=CARTESIAN_POINT('',(0.E0,3.E1,0.E0));
#9744=DIRECTION('',(0.E0,-1.E0,0.E0));
#9745=DIRECTION('',(1.E0,0.E0,0.E0));
#9746=AXIS2_PLACEMENT_3D('',#9743,#9744,#9745);
#9747=PLANE('',#9746);
#9749=ORIENTED_EDGE('',*,*,#9748,.F.);
#9751=ORIENTED_EDGE('',*,*,#9750,.F.);
#9753=ORIENTED_EDGE('',*,*,#9752,.F.);
#9755=ORIENTED_EDGE('',*,*,#9754,.T.);
#9756=EDGE_LOOP('',(#9749,#9751,#9753,#9755));
#9757=FACE_OUTER_BOUND('',#9756,.F.);
#9759=ORIENTED_EDGE('',*,*,#9758,.T.);
#9761=ORIENTED_EDGE('',*,*,#9760,.T.);
#9763=ORIENTED_EDGE('',*,*,#9762,.T.);
#9765=ORIENTED_EDGE('',*,*,#9764,.T.);
#9767=ORIENTED_EDGE('',*,*,#9766,.T.);
#9769=ORIENTED_EDGE('',*,*,#9768,.T.);
#9771=ORIENTED_EDGE('',*,*,#9770,.T.);
#9772=EDGE_LOOP('',(#9759,#9761,#9763,#9765,#9767,#9769,#9771));
#9773=FACE_BOUND('',#9772,.F.);
#9775=ORIENTED_EDGE('',*,*,#9774,.T.);
#9777=ORIENTED_EDGE('',*,*,#9776,.T.);
#9779=ORIENTED_EDGE('',*,*,#9778,.T.);
#9781=ORIENTED_EDGE('',*,*,#9780,.T.);
#9783=ORIENTED_EDGE('',*,*,#9782,.T.);
#9785=ORIENTED_EDGE('',*,*,#9784,.T.);
#9787=ORIENTED_EDGE('',*,*,#9786,.T.);
#9789=ORIENTED_EDGE('',*,*,#9788,.T.);
#9791=ORIENTED_EDGE('',*,*,#9790,.T.);
#9793=ORIENTED_EDGE('',*,*,#9792,.T.);
#9795=ORIENTED_EDGE('',*,*,#9794,.T.);
#9797=ORIENTED_EDGE('',*,*,#9796,.T.);
#9799=ORIENTED_EDGE('',*,*,#9798,.T.);
#9801=ORIENTED_EDGE('',*,*,#9800,.T.);
#9803=ORIENTED_EDGE('',*,*,#9802,.T.);
#9805=ORIENTED_EDGE('',*,*,#9804,.T.);
#9807=ORIENTED_EDGE('',*,*,#9806,.T.);
#9809=ORIENTED_EDGE('',*,*,#9808,.T.);
#9811=ORIENTED_EDGE('',*,*,#9810,.T.);
#9813=ORIENTED_EDGE('',*,*,#9812,.T.);
#9815=ORIENTED_EDGE('',*,*,#9814,.T.);
#9817=ORIENTED_EDGE('',*,*,#9816,.T.);
#9819=ORIENTED_EDGE('',*,*,#9818,.T.);
#9821=ORIENTED_EDGE('',*,*,#9820,.T.);
#9823=ORIENTED_EDGE('',*,*,#9822,.T.);
#9825=ORIENTED_EDGE('',*,*,#9824,.T.);
#9827=ORIENTED_EDGE('',*,*,#9826,.T.);
#9829=ORIENTED_EDGE('',*,*,#9828,.T.);
#9831=ORIENTED_EDGE('',*,*,#9830,.T.);
#9833=ORIENTED_EDGE('',*,*,#9832,.T.);
#9835=ORIENTED_EDGE('',*,*,#9834,.T.);
#9837=ORIENTED_EDGE('',*,*,#9836,.T.);
#9839=ORIENTED_EDGE('',*,*,#9838,.T.);
#9841=ORIENTED_EDGE('',*,*,#9840,.T.);
#9843=ORIENTED_EDGE('',*,*,#9842,.T.);
#9845=ORIENTED_EDGE('',*,*,#9844,.T.);
#9847=ORIENTED_EDGE('',*,*,#9846,.T.);
#9849=ORIENTED_EDGE('',*,*,#9848,.T.);
#9851=ORIENTED_EDGE('',*,*,#9850,.T.);
#9853=ORIENTED_EDGE('',*,*,#9852,.T.);
#9854=EDGE_LOOP('',(#9775,#9777,#9779,#9781,#9783,#9785,#9787,#9789,#9791,#9793,
#9795,#9797,#9799,#9801,#9803,#9805,#9807,#9809,#9811,#9813,#9815,#9817,#9819,
#9821,#9823,#9825,#9827,#9829,#9831,#9833,#9835,#9837,#9839,#9841,#9843,#9845,
#9847,#9849,#9851,#9853));
#9855=FACE_BOUND('',#9854,.F.);
#9857=ORIENTED_EDGE('',*,*,#9856,.T.);
#9859=ORIENTED_EDGE('',*,*,#9858,.T.);
#9861=ORIENTED_EDGE('',*,*,#9860,.T.);
#9863=ORIENTED_EDGE('',*,*,#9862,.T.);
#9865=ORIENTED_EDGE('',*,*,#9864,.T.);
#9867=ORIENTED_EDGE('',*,*,#9866,.T.);
#9869=ORIENTED_EDGE('',*,*,#9868,.T.);
#9870=EDGE_LOOP('',(#9857,#9859,#9861,#9863,#9865,#9867,#9869));
#9871=FACE_BOUND('',#9870,.F.);
#9872=ADVANCED_FACE('',(#9757,#9773,#9855,#9871),#9747,.F.);
#9873=CARTESIAN_POINT('',(0.E0,3.E1,0.E0));
#9874=DIRECTION('',(0.E0,-1.E0,0.E0));
#9875=DIRECTION('',(1.E0,0.E0,0.E0));
#9876=AXIS2_PLACEMENT_3D('',#9873,#9874,#9875);
#9877=PLANE('',#9876);
#9879=ORIENTED_EDGE('',*,*,#9878,.F.);
#9881=ORIENTED_EDGE('',*,*,#9880,.F.);
#9883=ORIENTED_EDGE('',*,*,#9882,.F.);
#9885=ORIENTED_EDGE('',*,*,#9884,.T.);
#9886=EDGE_LOOP('',(#9879,#9881,#9883,#9885));
#9887=FACE_OUTER_BOUND('',#9886,.F.);
#9889=ORIENTED_EDGE('',*,*,#9888,.T.);
#9891=ORIENTED_EDGE('',*,*,#9890,.T.);
#9893=ORIENTED_EDGE('',*,*,#9892,.T.);
#9895=ORIENTED_EDGE('',*,*,#9894,.T.);
#9897=ORIENTED_EDGE('',*,*,#9896,.T.);
#9899=ORIENTED_EDGE('',*,*,#9898,.T.);
#9901=ORIENTED_EDGE('',*,*,#9900,.T.);
#9902=EDGE_LOOP('',(#9889,#9891,#9893,#9895,#9897,#9899,#9901));
#9903=FACE_BOUND('',#9902,.F.);
#9905=ORIENTED_EDGE('',*,*,#9904,.T.);
#9907=ORIENTED_EDGE('',*,*,#9906,.T.);
#9909=ORIENTED_EDGE('',*,*,#9908,.T.);
#9911=ORIENTED_EDGE('',*,*,#9910,.T.);
#9913=ORIENTED_EDGE('',*,*,#9912,.T.);
#9915=ORIENTED_EDGE('',*,*,#9914,.T.);
#9917=ORIENTED_EDGE('',*,*,#9916,.T.);
#9919=ORIENTED_EDGE('',*,*,#9918,.T.);
#9921=ORIENTED_EDGE('',*,*,#9920,.T.);
#9923=ORIENTED_EDGE('',*,*,#9922,.T.);
#9925=ORIENTED_EDGE('',*,*,#9924,.T.);
#9927=ORIENTED_EDGE('',*,*,#9926,.T.);
#9929=ORIENTED_EDGE('',*,*,#9928,.T.);
#9931=ORIENTED_EDGE('',*,*,#9930,.T.);
#9933=ORIENTED_EDGE('',*,*,#9932,.T.);
#9935=ORIENTED_EDGE('',*,*,#9934,.T.);
#9937=ORIENTED_EDGE('',*,*,#9936,.T.);
#9939=ORIENTED_EDGE('',*,*,#9938,.T.);
#9941=ORIENTED_EDGE('',*,*,#9940,.T.);
#9943=ORIENTED_EDGE('',*,*,#9942,.T.);
#9945=ORIENTED_EDGE('',*,*,#9944,.T.);
#9947=ORIENTED_EDGE('',*,*,#9946,.T.);
#9949=ORIENTED_EDGE('',*,*,#9948,.T.);
#9951=ORIENTED_EDGE('',*,*,#9950,.T.);
#9953=ORIENTED_EDGE('',*,*,#9952,.T.);
#9955=ORIENTED_EDGE('',*,*,#9954,.T.);
#9957=ORIENTED_EDGE('',*,*,#9956,.T.);
#9959=ORIENTED_EDGE('',*,*,#9958,.T.);
#9961=ORIENTED_EDGE('',*,*,#9960,.T.);
#9963=ORIENTED_EDGE('',*,*,#9962,.T.);
#9965=ORIENTED_EDGE('',*,*,#9964,.T.);
#9967=ORIENTED_EDGE('',*,*,#9966,.T.);
#9969=ORIENTED_EDGE('',*,*,#9968,.T.);
#9971=ORIENTED_EDGE('',*,*,#9970,.T.);
#9973=ORIENTED_EDGE('',*,*,#9972,.T.);
#9975=ORIENTED_EDGE('',*,*,#9974,.T.);
#9977=ORIENTED_EDGE('',*,*,#9976,.T.);
#9979=ORIENTED_EDGE('',*,*,#9978,.T.);
#9981=ORIENTED_EDGE('',*,*,#9980,.T.);
#9983=ORIENTED_EDGE('',*,*,#9982,.T.);
#9985=ORIENTED_EDGE('',*,*,#9984,.T.);
#9987=ORIENTED_EDGE('',*,*,#9986,.T.);
#9989=ORIENTED_EDGE('',*,*,#9988,.T.);
#9991=ORIENTED_EDGE('',*,*,#9990,.T.);
#9993=ORIENTED_EDGE('',*,*,#9992,.T.);
#9995=ORIENTED_EDGE('',*,*,#9994,.T.);
#9997=ORIENTED_EDGE('',*,*,#9996,.T.);
#9999=ORIENTED_EDGE('',*,*,#9998,.T.);
#10001=ORIENTED_EDGE('',*,*,#10000,.T.);
#10003=ORIENTED_EDGE('',*,*,#10002,.T.);
#10005=ORIENTED_EDGE('',*,*,#10004,.T.);
#10007=ORIENTED_EDGE('',*,*,#10006,.T.);
#10009=ORIENTED_EDGE('',*,*,#10008,.T.);
#10011=ORIENTED_EDGE('',*,*,#10010,.T.);
#10013=ORIENTED_EDGE('',*,*,#10012,.T.);
#10015=ORIENTED_EDGE('',*,*,#10014,.T.);
#10017=ORIENTED_EDGE('',*,*,#10016,.T.);
#10018=EDGE_LOOP('',(#9905,#9907,#9909,#9911,#9913,#9915,#9917,#9919,#9921,
#9923,#9925,#9927,#9929,#9931,#9933,#9935,#9937,#9939,#9941,#9943,#9945,#9947,
#9949,#9951,#9953,#9955,#9957,#9959,#9961,#9963,#9965,#9967,#9969,#9971,#9973,
#9975,#9977,#9979,#9981,#9983,#9985,#9987,#9989,#9991,#9993,#9995,#9997,#9999,
#10001,#10003,#10005,#10007,#10009,#10011,#10013,#10015,#10017));
#10019=FACE_BOUND('',#10018,.F.);
#10021=ORIENTED_EDGE('',*,*,#10020,.T.);
#10023=ORIENTED_EDGE('',*,*,#10022,.T.);
#10025=ORIENTED_EDGE('',*,*,#10024,.T.);
#10027=ORIENTED_EDGE('',*,*,#10026,.T.);
#10029=ORIENTED_EDGE('',*,*,#10028,.T.);
#10031=ORIENTED_EDGE('',*,*,#10030,.T.);
#10033=ORIENTED_EDGE('',*,*,#10032,.T.);
#10035=ORIENTED_EDGE('',*,*,#10034,.T.);
#10037=ORIENTED_EDGE('',*,*,#10036,.T.);
#10039=ORIENTED_EDGE('',*,*,#10038,.T.);
#10041=ORIENTED_EDGE('',*,*,#10040,.T.);
#10043=ORIENTED_EDGE('',*,*,#10042,.T.);
#10045=ORIENTED_EDGE('',*,*,#10044,.T.);
#10047=ORIENTED_EDGE('',*,*,#10046,.T.);
#10049=ORIENTED_EDGE('',*,*,#10048,.T.);
#10051=ORIENTED_EDGE('',*,*,#10050,.T.);
#10053=ORIENTED_EDGE('',*,*,#10052,.T.);
#10055=ORIENTED_EDGE('',*,*,#10054,.T.);
#10057=ORIENTED_EDGE('',*,*,#10056,.T.);
#10059=ORIENTED_EDGE('',*,*,#10058,.T.);
#10061=ORIENTED_EDGE('',*,*,#10060,.T.);
#10063=ORIENTED_EDGE('',*,*,#10062,.T.);
#10065=ORIENTED_EDGE('',*,*,#10064,.T.);
#10067=ORIENTED_EDGE('',*,*,#10066,.T.);
#10069=ORIENTED_EDGE('',*,*,#10068,.T.);
#10071=ORIENTED_EDGE('',*,*,#10070,.T.);
#10073=ORIENTED_EDGE('',*,*,#10072,.T.);
#10075=ORIENTED_EDGE('',*,*,#10074,.T.);
#10077=ORIENTED_EDGE('',*,*,#10076,.T.);
#10079=ORIENTED_EDGE('',*,*,#10078,.T.);
#10081=ORIENTED_EDGE('',*,*,#10080,.T.);
#10083=ORIENTED_EDGE('',*,*,#10082,.T.);
#10085=ORIENTED_EDGE('',*,*,#10084,.T.);
#10087=ORIENTED_EDGE('',*,*,#10086,.T.);
#10089=ORIENTED_EDGE('',*,*,#10088,.T.);
#10091=ORIENTED_EDGE('',*,*,#10090,.T.);
#10093=ORIENTED_EDGE('',*,*,#10092,.T.);
#10095=ORIENTED_EDGE('',*,*,#10094,.T.);
#10097=ORIENTED_EDGE('',*,*,#10096,.T.);
#10099=ORIENTED_EDGE('',*,*,#10098,.T.);
#10101=ORIENTED_EDGE('',*,*,#10100,.T.);
#10103=ORIENTED_EDGE('',*,*,#10102,.T.);
#10105=ORIENTED_EDGE('',*,*,#10104,.T.);
#10107=ORIENTED_EDGE('',*,*,#10106,.T.);
#10109=ORIENTED_EDGE('',*,*,#10108,.T.);
#10111=ORIENTED_EDGE('',*,*,#10110,.T.);
#10113=ORIENTED_EDGE('',*,*,#10112,.T.);
#10115=ORIENTED_EDGE('',*,*,#10114,.T.);
#10117=ORIENTED_EDGE('',*,*,#10116,.T.);
#10119=ORIENTED_EDGE('',*,*,#10118,.T.);
#10121=ORIENTED_EDGE('',*,*,#10120,.T.);
#10123=ORIENTED_EDGE('',*,*,#10122,.T.);
#10125=ORIENTED_EDGE('',*,*,#10124,.T.);
#10127=ORIENTED_EDGE('',*,*,#10126,.T.);
#10129=ORIENTED_EDGE('',*,*,#10128,.T.);
#10131=ORIENTED_EDGE('',*,*,#10130,.T.);
#10133=ORIENTED_EDGE('',*,*,#10132,.T.);
#10134=EDGE_LOOP('',(#10021,#10023,#10025,#10027,#10029,#10031,#10033,#10035,
#10037,#10039,#10041,#10043,#10045,#10047,#10049,#10051,#10053,#10055,#10057,
#10059,#10061,#10063,#10065,#10067,#10069,#10071,#10073,#10075,#10077,#10079,
#10081,#10083,#10085,#10087,#10089,#10091,#10093,#10095,#10097,#10099,#10101,
#10103,#10105,#10107,#10109,#10111,#10113,#10115,#10117,#10119,#10121,#10123,
#10125,#10127,#10129,#10131,#10133));
#10135=FACE_BOUND('',#10134,.F.);
#10137=ORIENTED_EDGE('',*,*,#10136,.T.);
#10139=ORIENTED_EDGE('',*,*,#10138,.T.);
#10141=ORIENTED_EDGE('',*,*,#10140,.T.);
#10143=ORIENTED_EDGE('',*,*,#10142,.T.);
#10144=EDGE_LOOP('',(#10137,#10139,#10141,#10143));
#10145=FACE_BOUND('',#10144,.F.);
#10147=ORIENTED_EDGE('',*,*,#10146,.T.);
#10149=ORIENTED_EDGE('',*,*,#10148,.T.);
#10151=ORIENTED_EDGE('',*,*,#10150,.T.);
#10153=ORIENTED_EDGE('',*,*,#10152,.T.);
#10155=ORIENTED_EDGE('',*,*,#10154,.T.);
#10157=ORIENTED_EDGE('',*,*,#10156,.T.);
#10159=ORIENTED_EDGE('',*,*,#10158,.T.);
#10161=ORIENTED_EDGE('',*,*,#10160,.T.);
#10163=ORIENTED_EDGE('',*,*,#10162,.T.);
#10165=ORIENTED_EDGE('',*,*,#10164,.T.);
#10167=ORIENTED_EDGE('',*,*,#10166,.T.);
#10169=ORIENTED_EDGE('',*,*,#10168,.T.);
#10171=ORIENTED_EDGE('',*,*,#10170,.T.);
#10173=ORIENTED_EDGE('',*,*,#10172,.T.);
#10175=ORIENTED_EDGE('',*,*,#10174,.T.);
#10177=ORIENTED_EDGE('',*,*,#10176,.T.);
#10179=ORIENTED_EDGE('',*,*,#10178,.T.);
#10181=ORIENTED_EDGE('',*,*,#10180,.T.);
#10183=ORIENTED_EDGE('',*,*,#10182,.T.);
#10185=ORIENTED_EDGE('',*,*,#10184,.T.);
#10187=ORIENTED_EDGE('',*,*,#10186,.T.);
#10189=ORIENTED_EDGE('',*,*,#10188,.T.);
#10191=ORIENTED_EDGE('',*,*,#10190,.T.);
#10193=ORIENTED_EDGE('',*,*,#10192,.T.);
#10195=ORIENTED_EDGE('',*,*,#10194,.T.);
#10197=ORIENTED_EDGE('',*,*,#10196,.T.);
#10199=ORIENTED_EDGE('',*,*,#10198,.T.);
#10201=ORIENTED_EDGE('',*,*,#10200,.T.);
#10203=ORIENTED_EDGE('',*,*,#10202,.T.);
#10205=ORIENTED_EDGE('',*,*,#10204,.T.);
#10207=ORIENTED_EDGE('',*,*,#10206,.T.);
#10209=ORIENTED_EDGE('',*,*,#10208,.T.);
#10211=ORIENTED_EDGE('',*,*,#10210,.T.);
#10213=ORIENTED_EDGE('',*,*,#10212,.T.);
#10215=ORIENTED_EDGE('',*,*,#10214,.T.);
#10217=ORIENTED_EDGE('',*,*,#10216,.T.);
#10219=ORIENTED_EDGE('',*,*,#10218,.T.);
#10221=ORIENTED_EDGE('',*,*,#10220,.T.);
#10223=ORIENTED_EDGE('',*,*,#10222,.T.);
#10225=ORIENTED_EDGE('',*,*,#10224,.T.);
#10226=EDGE_LOOP('',(#10147,#10149,#10151,#10153,#10155,#10157,#10159,#10161,
#10163,#10165,#10167,#10169,#10171,#10173,#10175,#10177,#10179,#10181,#10183,
#10185,#10187,#10189,#10191,#10193,#10195,#10197,#10199,#10201,#10203,#10205,
#10207,#10209,#10211,#10213,#10215,#10217,#10219,#10221,#10223,#10225));
#10227=FACE_BOUND('',#10226,.F.);
#10228=ADVANCED_FACE('',(#9887,#9903,#10019,#10135,#10145,#10227),#9877,.F.);
#10229=CARTESIAN_POINT('',(0.E0,3.E1,0.E0));
#10230=DIRECTION('',(0.E0,-1.E0,0.E0));
#10231=DIRECTION('',(1.E0,0.E0,0.E0));
#10232=AXIS2_PLACEMENT_3D('',#10229,#10230,#10231);
#10233=PLANE('',#10232);
#10235=ORIENTED_EDGE('',*,*,#10234,.F.);
#10237=ORIENTED_EDGE('',*,*,#10236,.F.);
#10239=ORIENTED_EDGE('',*,*,#10238,.F.);
#10241=ORIENTED_EDGE('',*,*,#10240,.T.);
#10242=EDGE_LOOP('',(#10235,#10237,#10239,#10241));
#10243=FACE_OUTER_BOUND('',#10242,.F.);
#10245=ORIENTED_EDGE('',*,*,#10244,.T.);
#10247=ORIENTED_EDGE('',*,*,#10246,.T.);
#10249=ORIENTED_EDGE('',*,*,#10248,.T.);
#10251=ORIENTED_EDGE('',*,*,#10250,.T.);
#10253=ORIENTED_EDGE('',*,*,#10252,.T.);
#10255=ORIENTED_EDGE('',*,*,#10254,.T.);
#10257=ORIENTED_EDGE('',*,*,#10256,.T.);
#10258=EDGE_LOOP('',(#10245,#10247,#10249,#10251,#10253,#10255,#10257));
#10259=FACE_BOUND('',#10258,.F.);
#10261=ORIENTED_EDGE('',*,*,#10260,.T.);
#10263=ORIENTED_EDGE('',*,*,#10262,.T.);
#10265=ORIENTED_EDGE('',*,*,#10264,.T.);
#10267=ORIENTED_EDGE('',*,*,#10266,.T.);
#10269=ORIENTED_EDGE('',*,*,#10268,.T.);
#10271=ORIENTED_EDGE('',*,*,#10270,.T.);
#10273=ORIENTED_EDGE('',*,*,#10272,.T.);
#10274=EDGE_LOOP('',(#10261,#10263,#10265,#10267,#10269,#10271,#10273));
#10275=FACE_BOUND('',#10274,.F.);
#10277=ORIENTED_EDGE('',*,*,#10276,.T.);
#10279=ORIENTED_EDGE('',*,*,#10278,.T.);
#10281=ORIENTED_EDGE('',*,*,#10280,.T.);
#10283=ORIENTED_EDGE('',*,*,#10282,.T.);
#10285=ORIENTED_EDGE('',*,*,#10284,.T.);
#10287=ORIENTED_EDGE('',*,*,#10286,.T.);
#10289=ORIENTED_EDGE('',*,*,#10288,.T.);
#10291=ORIENTED_EDGE('',*,*,#10290,.T.);
#10293=ORIENTED_EDGE('',*,*,#10292,.T.);
#10295=ORIENTED_EDGE('',*,*,#10294,.T.);
#10297=ORIENTED_EDGE('',*,*,#10296,.T.);
#10299=ORIENTED_EDGE('',*,*,#10298,.T.);
#10301=ORIENTED_EDGE('',*,*,#10300,.T.);
#10303=ORIENTED_EDGE('',*,*,#10302,.T.);
#10305=ORIENTED_EDGE('',*,*,#10304,.T.);
#10307=ORIENTED_EDGE('',*,*,#10306,.T.);
#10309=ORIENTED_EDGE('',*,*,#10308,.T.);
#10311=ORIENTED_EDGE('',*,*,#10310,.T.);
#10313=ORIENTED_EDGE('',*,*,#10312,.T.);
#10315=ORIENTED_EDGE('',*,*,#10314,.T.);
#10317=ORIENTED_EDGE('',*,*,#10316,.T.);
#10319=ORIENTED_EDGE('',*,*,#10318,.T.);
#10321=ORIENTED_EDGE('',*,*,#10320,.T.);
#10323=ORIENTED_EDGE('',*,*,#10322,.T.);
#10325=ORIENTED_EDGE('',*,*,#10324,.T.);
#10327=ORIENTED_EDGE('',*,*,#10326,.T.);
#10329=ORIENTED_EDGE('',*,*,#10328,.T.);
#10331=ORIENTED_EDGE('',*,*,#10330,.T.);
#10333=ORIENTED_EDGE('',*,*,#10332,.T.);
#10335=ORIENTED_EDGE('',*,*,#10334,.T.);
#10337=ORIENTED_EDGE('',*,*,#10336,.T.);
#10339=ORIENTED_EDGE('',*,*,#10338,.T.);
#10341=ORIENTED_EDGE('',*,*,#10340,.T.);
#10343=ORIENTED_EDGE('',*,*,#10342,.T.);
#10344=EDGE_LOOP('',(#10277,#10279,#10281,#10283,#10285,#10287,#10289,#10291,
#10293,#10295,#10297,#10299,#10301,#10303,#10305,#10307,#10309,#10311,#10313,
#10315,#10317,#10319,#10321,#10323,#10325,#10327,#10329,#10331,#10333,#10335,
#10337,#10339,#10341,#10343));
#10345=FACE_BOUND('',#10344,.F.);
#10346=ADVANCED_FACE('',(#10243,#10259,#10275,#10345),#10233,.F.);
#10347=CARTESIAN_POINT('',(0.E0,3.E1,0.E0));
#10348=DIRECTION('',(0.E0,-1.E0,0.E0));
#10349=DIRECTION('',(1.E0,0.E0,0.E0));
#10350=AXIS2_PLACEMENT_3D('',#10347,#10348,#10349);
#10351=PLANE('',#10350);
#10353=ORIENTED_EDGE('',*,*,#10352,.F.);
#10355=ORIENTED_EDGE('',*,*,#10354,.F.);
#10357=ORIENTED_EDGE('',*,*,#10356,.F.);
#10359=ORIENTED_EDGE('',*,*,#10358,.T.);
#10360=EDGE_LOOP('',(#10353,#10355,#10357,#10359));
#10361=FACE_OUTER_BOUND('',#10360,.F.);
#10363=ORIENTED_EDGE('',*,*,#10362,.T.);
#10365=ORIENTED_EDGE('',*,*,#10364,.T.);
#10367=ORIENTED_EDGE('',*,*,#10366,.T.);
#10369=ORIENTED_EDGE('',*,*,#10368,.T.);
#10371=ORIENTED_EDGE('',*,*,#10370,.T.);
#10373=ORIENTED_EDGE('',*,*,#10372,.T.);
#10375=ORIENTED_EDGE('',*,*,#10374,.T.);
#10376=EDGE_LOOP('',(#10363,#10365,#10367,#10369,#10371,#10373,#10375));
#10377=FACE_BOUND('',#10376,.F.);
#10379=ORIENTED_EDGE('',*,*,#10378,.T.);
#10381=ORIENTED_EDGE('',*,*,#10380,.T.);
#10383=ORIENTED_EDGE('',*,*,#10382,.T.);
#10385=ORIENTED_EDGE('',*,*,#10384,.T.);
#10387=ORIENTED_EDGE('',*,*,#10386,.T.);
#10389=ORIENTED_EDGE('',*,*,#10388,.T.);
#10391=ORIENTED_EDGE('',*,*,#10390,.T.);
#10393=ORIENTED_EDGE('',*,*,#10392,.T.);
#10395=ORIENTED_EDGE('',*,*,#10394,.T.);
#10397=ORIENTED_EDGE('',*,*,#10396,.T.);
#10399=ORIENTED_EDGE('',*,*,#10398,.T.);
#10401=ORIENTED_EDGE('',*,*,#10400,.T.);
#10403=ORIENTED_EDGE('',*,*,#10402,.T.);
#10405=ORIENTED_EDGE('',*,*,#10404,.T.);
#10407=ORIENTED_EDGE('',*,*,#10406,.T.);
#10409=ORIENTED_EDGE('',*,*,#10408,.T.);
#10411=ORIENTED_EDGE('',*,*,#10410,.T.);
#10413=ORIENTED_EDGE('',*,*,#10412,.T.);
#10415=ORIENTED_EDGE('',*,*,#10414,.T.);
#10417=ORIENTED_EDGE('',*,*,#10416,.T.);
#10419=ORIENTED_EDGE('',*,*,#10418,.T.);
#10421=ORIENTED_EDGE('',*,*,#10420,.T.);
#10423=ORIENTED_EDGE('',*,*,#10422,.T.);
#10425=ORIENTED_EDGE('',*,*,#10424,.T.);
#10427=ORIENTED_EDGE('',*,*,#10426,.T.);
#10429=ORIENTED_EDGE('',*,*,#10428,.T.);
#10430=EDGE_LOOP('',(#10379,#10381,#10383,#10385,#10387,#10389,#10391,#10393,
#10395,#10397,#10399,#10401,#10403,#10405,#10407,#10409,#10411,#10413,#10415,
#10417,#10419,#10421,#10423,#10425,#10427,#10429));
#10431=FACE_BOUND('',#10430,.F.);
#10433=ORIENTED_EDGE('',*,*,#10432,.T.);
#10435=ORIENTED_EDGE('',*,*,#10434,.T.);
#10437=ORIENTED_EDGE('',*,*,#10436,.T.);
#10439=ORIENTED_EDGE('',*,*,#10438,.T.);
#10441=ORIENTED_EDGE('',*,*,#10440,.T.);
#10443=ORIENTED_EDGE('',*,*,#10442,.T.);
#10445=ORIENTED_EDGE('',*,*,#10444,.T.);
#10447=ORIENTED_EDGE('',*,*,#10446,.T.);
#10449=ORIENTED_EDGE('',*,*,#10448,.T.);
#10451=ORIENTED_EDGE('',*,*,#10450,.T.);
#10453=ORIENTED_EDGE('',*,*,#10452,.T.);
#10455=ORIENTED_EDGE('',*,*,#10454,.T.);
#10457=ORIENTED_EDGE('',*,*,#10456,.T.);
#10459=ORIENTED_EDGE('',*,*,#10458,.T.);
#10461=ORIENTED_EDGE('',*,*,#10460,.T.);
#10463=ORIENTED_EDGE('',*,*,#10462,.T.);
#10465=ORIENTED_EDGE('',*,*,#10464,.T.);
#10467=ORIENTED_EDGE('',*,*,#10466,.T.);
#10469=ORIENTED_EDGE('',*,*,#10468,.T.);
#10471=ORIENTED_EDGE('',*,*,#10470,.T.);
#10473=ORIENTED_EDGE('',*,*,#10472,.T.);
#10475=ORIENTED_EDGE('',*,*,#10474,.T.);
#10477=ORIENTED_EDGE('',*,*,#10476,.T.);
#10479=ORIENTED_EDGE('',*,*,#10478,.T.);
#10481=ORIENTED_EDGE('',*,*,#10480,.T.);
#10483=ORIENTED_EDGE('',*,*,#10482,.T.);
#10485=ORIENTED_EDGE('',*,*,#10484,.T.);
#10487=ORIENTED_EDGE('',*,*,#10486,.T.);
#10489=ORIENTED_EDGE('',*,*,#10488,.T.);
#10491=ORIENTED_EDGE('',*,*,#10490,.T.);
#10493=ORIENTED_EDGE('',*,*,#10492,.T.);
#10495=ORIENTED_EDGE('',*,*,#10494,.T.);
#10497=ORIENTED_EDGE('',*,*,#10496,.T.);
#10499=ORIENTED_EDGE('',*,*,#10498,.T.);
#10501=ORIENTED_EDGE('',*,*,#10500,.T.);
#10503=ORIENTED_EDGE('',*,*,#10502,.T.);
#10505=ORIENTED_EDGE('',*,*,#10504,.T.);
#10507=ORIENTED_EDGE('',*,*,#10506,.T.);
#10509=ORIENTED_EDGE('',*,*,#10508,.T.);
#10511=ORIENTED_EDGE('',*,*,#10510,.T.);
#10512=EDGE_LOOP('',(#10433,#10435,#10437,#10439,#10441,#10443,#10445,#10447,
#10449,#10451,#10453,#10455,#10457,#10459,#10461,#10463,#10465,#10467,#10469,
#10471,#10473,#10475,#10477,#10479,#10481,#10483,#10485,#10487,#10489,#10491,
#10493,#10495,#10497,#10499,#10501,#10503,#10505,#10507,#10509,#10511));
#10513=FACE_BOUND('',#10512,.F.);
#10514=ADVANCED_FACE('',(#10361,#10377,#10431,#10513),#10351,.F.);
#10515=CARTESIAN_POINT('',(0.E0,3.E1,0.E0));
#10516=DIRECTION('',(0.E0,-1.E0,0.E0));
#10517=DIRECTION('',(1.E0,0.E0,0.E0));
#10518=AXIS2_PLACEMENT_3D('',#10515,#10516,#10517);
#10519=PLANE('',#10518);
#10521=ORIENTED_EDGE('',*,*,#10520,.F.);
#10523=ORIENTED_EDGE('',*,*,#10522,.F.);
#10525=ORIENTED_EDGE('',*,*,#10524,.F.);
#10527=ORIENTED_EDGE('',*,*,#10526,.F.);
#10529=ORIENTED_EDGE('',*,*,#10528,.F.);
#10531=ORIENTED_EDGE('',*,*,#10530,.T.);
#10532=EDGE_LOOP('',(#10521,#10523,#10525,#10527,#10529,#10531));
#10533=FACE_OUTER_BOUND('',#10532,.F.);
#10534=ADVANCED_FACE('',(#10533),#10519,.F.);
#10535=CARTESIAN_POINT('',(0.E0,3.E1,0.E0));
#10536=DIRECTION('',(0.E0,-1.E0,0.E0));
#10537=DIRECTION('',(1.E0,0.E0,0.E0));
#10538=AXIS2_PLACEMENT_3D('',#10535,#10536,#10537);
#10539=PLANE('',#10538);
#10541=ORIENTED_EDGE('',*,*,#10540,.T.);
#10543=ORIENTED_EDGE('',*,*,#10542,.T.);
#10545=ORIENTED_EDGE('',*,*,#10544,.T.);
#10547=ORIENTED_EDGE('',*,*,#10546,.T.);
#10549=ORIENTED_EDGE('',*,*,#10548,.T.);
#10551=ORIENTED_EDGE('',*,*,#10550,.T.);
#10553=ORIENTED_EDGE('',*,*,#10552,.T.);
#10555=ORIENTED_EDGE('',*,*,#10554,.T.);
#10557=ORIENTED_EDGE('',*,*,#10556,.T.);
#10559=ORIENTED_EDGE('',*,*,#10558,.T.);
#10561=ORIENTED_EDGE('',*,*,#10560,.T.);
#10563=ORIENTED_EDGE('',*,*,#10562,.T.);
#10565=ORIENTED_EDGE('',*,*,#10564,.T.);
#10567=ORIENTED_EDGE('',*,*,#10566,.T.);
#10569=ORIENTED_EDGE('',*,*,#10568,.T.);
#10571=ORIENTED_EDGE('',*,*,#10570,.T.);
#10573=ORIENTED_EDGE('',*,*,#10572,.T.);
#10575=ORIENTED_EDGE('',*,*,#10574,.T.);
#10577=ORIENTED_EDGE('',*,*,#10576,.T.);
#10579=ORIENTED_EDGE('',*,*,#10578,.T.);
#10580=EDGE_LOOP('',(#10541,#10543,#10545,#10547,#10549,#10551,#10553,#10555,
#10557,#10559,#10561,#10563,#10565,#10567,#10569,#10571,#10573,#10575,#10577,
#10579));
#10581=FACE_OUTER_BOUND('',#10580,.F.);
#10582=ADVANCED_FACE('',(#10581),#10539,.F.);
#10583=CARTESIAN_POINT('',(0.E0,3.E1,0.E0));
#10584=DIRECTION('',(0.E0,-1.E0,0.E0));
#10585=DIRECTION('',(1.E0,0.E0,0.E0));
#10586=AXIS2_PLACEMENT_3D('',#10583,#10584,#10585);
#10587=PLANE('',#10586);
#10589=ORIENTED_EDGE('',*,*,#10588,.T.);
#10591=ORIENTED_EDGE('',*,*,#10590,.T.);
#10593=ORIENTED_EDGE('',*,*,#10592,.T.);
#10595=ORIENTED_EDGE('',*,*,#10594,.T.);
#10597=ORIENTED_EDGE('',*,*,#10596,.T.);
#10599=ORIENTED_EDGE('',*,*,#10598,.T.);
#10601=ORIENTED_EDGE('',*,*,#10600,.T.);
#10603=ORIENTED_EDGE('',*,*,#10602,.T.);
#10605=ORIENTED_EDGE('',*,*,#10604,.T.);
#10607=ORIENTED_EDGE('',*,*,#10606,.T.);
#10609=ORIENTED_EDGE('',*,*,#10608,.T.);
#10611=ORIENTED_EDGE('',*,*,#10610,.T.);
#10613=ORIENTED_EDGE('',*,*,#10612,.T.);
#10615=ORIENTED_EDGE('',*,*,#10614,.T.);
#10617=ORIENTED_EDGE('',*,*,#10616,.T.);
#10619=ORIENTED_EDGE('',*,*,#10618,.T.);
#10621=ORIENTED_EDGE('',*,*,#10620,.T.);
#10623=ORIENTED_EDGE('',*,*,#10622,.T.);
#10624=EDGE_LOOP('',(#10589,#10591,#10593,#10595,#10597,#10599,#10601,#10603,
#10605,#10607,#10609,#10611,#10613,#10615,#10617,#10619,#10621,#10623));
#10625=FACE_OUTER_BOUND('',#10624,.F.);
#10626=ADVANCED_FACE('',(#10625),#10587,.F.);
#10627=CARTESIAN_POINT('',(0.E0,3.E1,0.E0));
#10628=DIRECTION('',(0.E0,-1.E0,0.E0));
#10629=DIRECTION('',(1.E0,0.E0,0.E0));
#10630=AXIS2_PLACEMENT_3D('',#10627,#10628,#10629);
#10631=PLANE('',#10630);
#10633=ORIENTED_EDGE('',*,*,#10632,.T.);
#10635=ORIENTED_EDGE('',*,*,#10634,.T.);
#10637=ORIENTED_EDGE('',*,*,#10636,.T.);
#10639=ORIENTED_EDGE('',*,*,#10638,.T.);
#10641=ORIENTED_EDGE('',*,*,#10640,.T.);
#10643=ORIENTED_EDGE('',*,*,#10642,.T.);
#10645=ORIENTED_EDGE('',*,*,#10644,.T.);
#10647=ORIENTED_EDGE('',*,*,#10646,.T.);
#10649=ORIENTED_EDGE('',*,*,#10648,.T.);
#10651=ORIENTED_EDGE('',*,*,#10650,.T.);
#10653=ORIENTED_EDGE('',*,*,#10652,.T.);
#10655=ORIENTED_EDGE('',*,*,#10654,.T.);
#10657=ORIENTED_EDGE('',*,*,#10656,.T.);
#10659=ORIENTED_EDGE('',*,*,#10658,.T.);
#10661=ORIENTED_EDGE('',*,*,#10660,.T.);
#10663=ORIENTED_EDGE('',*,*,#10662,.T.);
#10664=EDGE_LOOP('',(#10633,#10635,#10637,#10639,#10641,#10643,#10645,#10647,
#10649,#10651,#10653,#10655,#10657,#10659,#10661,#10663));
#10665=FACE_OUTER_BOUND('',#10664,.F.);
#10666=ADVANCED_FACE('',(#10665),#10631,.F.);
#10667=CARTESIAN_POINT('',(0.E0,3.E1,0.E0));
#10668=DIRECTION('',(0.E0,-1.E0,0.E0));
#10669=DIRECTION('',(1.E0,0.E0,0.E0));
#10670=AXIS2_PLACEMENT_3D('',#10667,#10668,#10669);
#10671=PLANE('',#10670);
#10673=ORIENTED_EDGE('',*,*,#10672,.T.);
#10675=ORIENTED_EDGE('',*,*,#10674,.T.);
#10677=ORIENTED_EDGE('',*,*,#10676,.T.);
#10679=ORIENTED_EDGE('',*,*,#10678,.T.);
#10681=ORIENTED_EDGE('',*,*,#10680,.T.);
#10683=ORIENTED_EDGE('',*,*,#10682,.T.);
#10685=ORIENTED_EDGE('',*,*,#10684,.T.);
#10687=ORIENTED_EDGE('',*,*,#10686,.T.);
#10689=ORIENTED_EDGE('',*,*,#10688,.T.);
#10691=ORIENTED_EDGE('',*,*,#10690,.T.);
#10693=ORIENTED_EDGE('',*,*,#10692,.T.);
#10695=ORIENTED_EDGE('',*,*,#10694,.T.);
#10697=ORIENTED_EDGE('',*,*,#10696,.T.);
#10699=ORIENTED_EDGE('',*,*,#10698,.T.);
#10701=ORIENTED_EDGE('',*,*,#10700,.T.);
#10703=ORIENTED_EDGE('',*,*,#10702,.T.);
#10704=EDGE_LOOP('',(#10673,#10675,#10677,#10679,#10681,#10683,#10685,#10687,
#10689,#10691,#10693,#10695,#10697,#10699,#10701,#10703));
#10705=FACE_OUTER_BOUND('',#10704,.F.);
#10706=ADVANCED_FACE('',(#10705),#10671,.F.);
#10707=CARTESIAN_POINT('',(0.E0,3.E1,0.E0));
#10708=DIRECTION('',(0.E0,-1.E0,0.E0));
#10709=DIRECTION('',(1.E0,0.E0,0.E0));
#10710=AXIS2_PLACEMENT_3D('',#10707,#10708,#10709);
#10711=PLANE('',#10710);
#10713=ORIENTED_EDGE('',*,*,#10712,.F.);
#10715=ORIENTED_EDGE('',*,*,#10714,.F.);
#10717=ORIENTED_EDGE('',*,*,#10716,.F.);
#10719=ORIENTED_EDGE('',*,*,#10718,.F.);
#10721=ORIENTED_EDGE('',*,*,#10720,.F.);
#10723=ORIENTED_EDGE('',*,*,#10722,.F.);
#10725=ORIENTED_EDGE('',*,*,#10724,.F.);
#10727=ORIENTED_EDGE('',*,*,#10726,.F.);
#10729=ORIENTED_EDGE('',*,*,#10728,.F.);
#10731=ORIENTED_EDGE('',*,*,#10730,.F.);
#10733=ORIENTED_EDGE('',*,*,#10732,.F.);
#10734=EDGE_LOOP('',(#10713,#10715,#10717,#10719,#10721,#10723,#10725,#10727,
#10729,#10731,#10733));
#10735=FACE_OUTER_BOUND('',#10734,.F.);
#10737=ORIENTED_EDGE('',*,*,#10736,.T.);
#10739=ORIENTED_EDGE('',*,*,#10738,.F.);
#10741=ORIENTED_EDGE('',*,*,#10740,.T.);
#10743=ORIENTED_EDGE('',*,*,#10742,.F.);
#10745=ORIENTED_EDGE('',*,*,#10744,.T.);
#10747=ORIENTED_EDGE('',*,*,#10746,.F.);
#10749=ORIENTED_EDGE('',*,*,#10748,.T.);
#10751=ORIENTED_EDGE('',*,*,#10750,.F.);
#10752=EDGE_LOOP('',(#10737,#10739,#10741,#10743,#10745,#10747,#10749,#10751));
#10753=FACE_BOUND('',#10752,.F.);
#10755=ORIENTED_EDGE('',*,*,#10754,.T.);
#10757=ORIENTED_EDGE('',*,*,#10756,.T.);
#10759=ORIENTED_EDGE('',*,*,#10758,.T.);
#10761=ORIENTED_EDGE('',*,*,#10760,.T.);
#10763=ORIENTED_EDGE('',*,*,#10762,.T.);
#10765=ORIENTED_EDGE('',*,*,#10764,.T.);
#10767=ORIENTED_EDGE('',*,*,#10766,.T.);
#10769=ORIENTED_EDGE('',*,*,#10768,.T.);
#10771=ORIENTED_EDGE('',*,*,#10770,.T.);
#10773=ORIENTED_EDGE('',*,*,#10772,.T.);
#10775=ORIENTED_EDGE('',*,*,#10774,.T.);
#10777=ORIENTED_EDGE('',*,*,#10776,.T.);
#10779=ORIENTED_EDGE('',*,*,#10778,.T.);
#10781=ORIENTED_EDGE('',*,*,#10780,.T.);
#10783=ORIENTED_EDGE('',*,*,#10782,.T.);
#10785=ORIENTED_EDGE('',*,*,#10784,.T.);
#10787=ORIENTED_EDGE('',*,*,#10786,.T.);
#10789=ORIENTED_EDGE('',*,*,#10788,.T.);
#10791=ORIENTED_EDGE('',*,*,#10790,.T.);
#10793=ORIENTED_EDGE('',*,*,#10792,.T.);
#10795=ORIENTED_EDGE('',*,*,#10794,.T.);
#10797=ORIENTED_EDGE('',*,*,#10796,.T.);
#10799=ORIENTED_EDGE('',*,*,#10798,.T.);
#10801=ORIENTED_EDGE('',*,*,#10800,.T.);
#10803=ORIENTED_EDGE('',*,*,#10802,.T.);
#10805=ORIENTED_EDGE('',*,*,#10804,.T.);
#10807=ORIENTED_EDGE('',*,*,#10806,.T.);
#10809=ORIENTED_EDGE('',*,*,#10808,.T.);
#10811=ORIENTED_EDGE('',*,*,#10810,.T.);
#10813=ORIENTED_EDGE('',*,*,#10812,.T.);
#10815=ORIENTED_EDGE('',*,*,#10814,.T.);
#10817=ORIENTED_EDGE('',*,*,#10816,.T.);
#10819=ORIENTED_EDGE('',*,*,#10818,.T.);
#10821=ORIENTED_EDGE('',*,*,#10820,.T.);
#10823=ORIENTED_EDGE('',*,*,#10822,.T.);
#10825=ORIENTED_EDGE('',*,*,#10824,.T.);
#10827=ORIENTED_EDGE('',*,*,#10826,.T.);
#10829=ORIENTED_EDGE('',*,*,#10828,.T.);
#10831=ORIENTED_EDGE('',*,*,#10830,.T.);
#10833=ORIENTED_EDGE('',*,*,#10832,.T.);
#10834=EDGE_LOOP('',(#10755,#10757,#10759,#10761,#10763,#10765,#10767,#10769,
#10771,#10773,#10775,#10777,#10779,#10781,#10783,#10785,#10787,#10789,#10791,
#10793,#10795,#10797,#10799,#10801,#10803,#10805,#10807,#10809,#10811,#10813,
#10815,#10817,#10819,#10821,#10823,#10825,#10827,#10829,#10831,#10833));
#10835=FACE_BOUND('',#10834,.F.);
#10837=ORIENTED_EDGE('',*,*,#10836,.T.);
#10839=ORIENTED_EDGE('',*,*,#10838,.T.);
#10841=ORIENTED_EDGE('',*,*,#10840,.T.);
#10843=ORIENTED_EDGE('',*,*,#10842,.T.);
#10845=ORIENTED_EDGE('',*,*,#10844,.T.);
#10847=ORIENTED_EDGE('',*,*,#10846,.T.);
#10849=ORIENTED_EDGE('',*,*,#10848,.T.);
#10851=ORIENTED_EDGE('',*,*,#10850,.T.);
#10853=ORIENTED_EDGE('',*,*,#10852,.T.);
#10855=ORIENTED_EDGE('',*,*,#10854,.T.);
#10857=ORIENTED_EDGE('',*,*,#10856,.T.);
#10859=ORIENTED_EDGE('',*,*,#10858,.T.);
#10861=ORIENTED_EDGE('',*,*,#10860,.T.);
#10863=ORIENTED_EDGE('',*,*,#10862,.T.);
#10865=ORIENTED_EDGE('',*,*,#10864,.T.);
#10867=ORIENTED_EDGE('',*,*,#10866,.T.);
#10869=ORIENTED_EDGE('',*,*,#10868,.T.);
#10871=ORIENTED_EDGE('',*,*,#10870,.T.);
#10873=ORIENTED_EDGE('',*,*,#10872,.T.);
#10875=ORIENTED_EDGE('',*,*,#10874,.T.);
#10877=ORIENTED_EDGE('',*,*,#10876,.T.);
#10879=ORIENTED_EDGE('',*,*,#10878,.T.);
#10881=ORIENTED_EDGE('',*,*,#10880,.T.);
#10883=ORIENTED_EDGE('',*,*,#10882,.T.);
#10885=ORIENTED_EDGE('',*,*,#10884,.T.);
#10887=ORIENTED_EDGE('',*,*,#10886,.T.);
#10889=ORIENTED_EDGE('',*,*,#10888,.T.);
#10891=ORIENTED_EDGE('',*,*,#10890,.T.);
#10893=ORIENTED_EDGE('',*,*,#10892,.T.);
#10895=ORIENTED_EDGE('',*,*,#10894,.T.);
#10897=ORIENTED_EDGE('',*,*,#10896,.T.);
#10899=ORIENTED_EDGE('',*,*,#10898,.T.);
#10901=ORIENTED_EDGE('',*,*,#10900,.T.);
#10903=ORIENTED_EDGE('',*,*,#10902,.T.);
#10905=ORIENTED_EDGE('',*,*,#10904,.T.);
#10907=ORIENTED_EDGE('',*,*,#10906,.T.);
#10909=ORIENTED_EDGE('',*,*,#10908,.T.);
#10911=ORIENTED_EDGE('',*,*,#10910,.T.);
#10913=ORIENTED_EDGE('',*,*,#10912,.T.);
#10915=ORIENTED_EDGE('',*,*,#10914,.T.);
#10917=ORIENTED_EDGE('',*,*,#10916,.T.);
#10919=ORIENTED_EDGE('',*,*,#10918,.T.);
#10921=ORIENTED_EDGE('',*,*,#10920,.T.);
#10923=ORIENTED_EDGE('',*,*,#10922,.T.);
#10925=ORIENTED_EDGE('',*,*,#10924,.T.);
#10927=ORIENTED_EDGE('',*,*,#10926,.T.);
#10929=ORIENTED_EDGE('',*,*,#10928,.T.);
#10931=ORIENTED_EDGE('',*,*,#10930,.T.);
#10933=ORIENTED_EDGE('',*,*,#10932,.T.);
#10935=ORIENTED_EDGE('',*,*,#10934,.T.);
#10937=ORIENTED_EDGE('',*,*,#10936,.T.);
#10939=ORIENTED_EDGE('',*,*,#10938,.T.);
#10941=ORIENTED_EDGE('',*,*,#10940,.T.);
#10943=ORIENTED_EDGE('',*,*,#10942,.T.);
#10945=ORIENTED_EDGE('',*,*,#10944,.T.);
#10947=ORIENTED_EDGE('',*,*,#10946,.T.);
#10949=ORIENTED_EDGE('',*,*,#10948,.T.);
#10950=EDGE_LOOP('',(#10837,#10839,#10841,#10843,#10845,#10847,#10849,#10851,
#10853,#10855,#10857,#10859,#10861,#10863,#10865,#10867,#10869,#10871,#10873,
#10875,#10877,#10879,#10881,#10883,#10885,#10887,#10889,#10891,#10893,#10895,
#10897,#10899,#10901,#10903,#10905,#10907,#10909,#10911,#10913,#10915,#10917,
#10919,#10921,#10923,#10925,#10927,#10929,#10931,#10933,#10935,#10937,#10939,
#10941,#10943,#10945,#10947,#10949));
#10951=FACE_BOUND('',#10950,.F.);
#10953=ORIENTED_EDGE('',*,*,#10952,.T.);
#10955=ORIENTED_EDGE('',*,*,#10954,.T.);
#10956=EDGE_LOOP('',(#10953,#10955));
#10957=FACE_BOUND('',#10956,.F.);
#10958=ADVANCED_FACE('',(#10735,#10753,#10835,#10951,#10957),#10711,.F.);
#10959=CARTESIAN_POINT('',(-2.354415484696E2,2.66E1,1.41E1));
#10960=DIRECTION('',(1.E0,0.E0,0.E0));
#10961=DIRECTION('',(0.E0,1.E0,0.E0));
#10962=AXIS2_PLACEMENT_3D('',#10959,#10960,#10961);
#10963=CYLINDRICAL_SURFACE('',#10962,3.4E0);
#10965=ORIENTED_EDGE('',*,*,#10964,.T.);
#10967=ORIENTED_EDGE('',*,*,#10966,.F.);
#10969=ORIENTED_EDGE('',*,*,#10968,.T.);
#10970=ORIENTED_EDGE('',*,*,#9748,.T.);
#10971=EDGE_LOOP('',(#10965,#10967,#10969,#10970));
#10972=FACE_OUTER_BOUND('',#10971,.F.);
#10973=ADVANCED_FACE('',(#10972),#10963,.T.);
#10974=CARTESIAN_POINT('',(3.62E1,3.E1,-1.75E1));
#10975=DIRECTION('',(-1.E0,0.E0,0.E0));
#10976=DIRECTION('',(0.E0,0.E0,1.E0));
#10977=AXIS2_PLACEMENT_3D('',#10974,#10975,#10976);
#10978=PLANE('',#10977);
#10979=ORIENTED_EDGE('',*,*,#10964,.F.);
#10980=ORIENTED_EDGE('',*,*,#9754,.F.);
#10982=ORIENTED_EDGE('',*,*,#10981,.F.);
#10984=ORIENTED_EDGE('',*,*,#10983,.T.);
#10986=ORIENTED_EDGE('',*,*,#10985,.T.);
#10988=ORIENTED_EDGE('',*,*,#10987,.F.);
#10989=EDGE_LOOP('',(#10979,#10980,#10982,#10984,#10986,#10988));
#10990=FACE_OUTER_BOUND('',#10989,.F.);
#10992=ORIENTED_EDGE('',*,*,#10991,.F.);
#10994=ORIENTED_EDGE('',*,*,#10993,.F.);
#10995=EDGE_LOOP('',(#10992,#10994));
#10996=FACE_BOUND('',#10995,.F.);
#10997=ADVANCED_FACE('',(#10990,#10996),#10978,.F.);
#10998=CARTESIAN_POINT('',(0.E0,1.2E1,0.E0));
#10999=DIRECTION('',(-1.E0,0.E0,0.E0));
#11000=DIRECTION('',(0.E0,0.E0,1.E0));
#11001=AXIS2_PLACEMENT_3D('',#10998,#10999,#11000);
#11002=CYLINDRICAL_SURFACE('',#11001,5.7E0);
#11004=ORIENTED_EDGE('',*,*,#11003,.T.);
#11006=ORIENTED_EDGE('',*,*,#11005,.F.);
#11008=ORIENTED_EDGE('',*,*,#11007,.F.);
#11010=ORIENTED_EDGE('',*,*,#11009,.T.);
#11011=EDGE_LOOP('',(#11004,#11006,#11008,#11010));
#11012=FACE_OUTER_BOUND('',#11011,.F.);
#11013=ADVANCED_FACE('',(#11012),#11002,.F.);
#11014=CARTESIAN_POINT('',(0.E0,1.2E1,0.E0));
#11015=DIRECTION('',(-1.E0,0.E0,0.E0));
#11016=DIRECTION('',(0.E0,0.E0,1.E0));
#11017=AXIS2_PLACEMENT_3D('',#11014,#11015,#11016);
#11018=CYLINDRICAL_SURFACE('',#11017,5.7E0);
#11020=ORIENTED_EDGE('',*,*,#11019,.F.);
#11022=ORIENTED_EDGE('',*,*,#11021,.T.);
#11023=ORIENTED_EDGE('',*,*,#10991,.T.);
#11025=ORIENTED_EDGE('',*,*,#11024,.F.);
#11026=EDGE_LOOP('',(#11020,#11022,#11023,#11025));
#11027=FACE_OUTER_BOUND('',#11026,.F.);
#11028=ADVANCED_FACE('',(#11027),#11018,.F.);
#11029=CARTESIAN_POINT('',(0.E0,1.2E1,0.E0));
#11030=DIRECTION('',(-1.E0,0.E0,0.E0));
#11031=DIRECTION('',(0.E0,0.E0,1.E0));
#11032=AXIS2_PLACEMENT_3D('',#11029,#11030,#11031);
#11033=CYLINDRICAL_SURFACE('',#11032,5.7E0);
#11035=ORIENTED_EDGE('',*,*,#11034,.F.);
#11037=ORIENTED_EDGE('',*,*,#11036,.T.);
#11039=ORIENTED_EDGE('',*,*,#11038,.T.);
#11041=ORIENTED_EDGE('',*,*,#11040,.F.);
#11042=EDGE_LOOP('',(#11035,#11037,#11039,#11041));
#11043=FACE_OUTER_BOUND('',#11042,.F.);
#11044=ADVANCED_FACE('',(#11043),#11033,.F.);
#11045=CARTESIAN_POINT('',(0.E0,1.2E1,0.E0));
#11046=DIRECTION('',(-1.E0,0.E0,0.E0));
#11047=DIRECTION('',(0.E0,0.E0,1.E0));
#11048=AXIS2_PLACEMENT_3D('',#11045,#11046,#11047);
#11049=CYLINDRICAL_SURFACE('',#11048,5.7E0);
#11051=ORIENTED_EDGE('',*,*,#11050,.F.);
#11053=ORIENTED_EDGE('',*,*,#11052,.T.);
#11055=ORIENTED_EDGE('',*,*,#11054,.T.);
#11057=ORIENTED_EDGE('',*,*,#11056,.F.);
#11058=EDGE_LOOP('',(#11051,#11053,#11055,#11057));
#11059=FACE_OUTER_BOUND('',#11058,.F.);
#11060=ADVANCED_FACE('',(#11059),#11049,.F.);
#11061=CARTESIAN_POINT('',(0.E0,1.2E1,0.E0));
#11062=DIRECTION('',(-1.E0,0.E0,0.E0));
#11063=DIRECTION('',(0.E0,0.E0,1.E0));
#11064=AXIS2_PLACEMENT_3D('',#11061,#11062,#11063);
#11065=CYLINDRICAL_SURFACE('',#11064,5.7E0);
#11067=ORIENTED_EDGE('',*,*,#11066,.F.);
#11069=ORIENTED_EDGE('',*,*,#11068,.T.);
#11071=ORIENTED_EDGE('',*,*,#11070,.T.);
#11073=ORIENTED_EDGE('',*,*,#11072,.F.);
#11074=EDGE_LOOP('',(#11067,#11069,#11071,#11073));
#11075=FACE_OUTER_BOUND('',#11074,.F.);
#11076=ADVANCED_FACE('',(#11075),#11065,.F.);
#11077=CARTESIAN_POINT('',(0.E0,1.2E1,0.E0));
#11078=DIRECTION('',(-1.E0,0.E0,0.E0));
#11079=DIRECTION('',(0.E0,0.E0,1.E0));
#11080=AXIS2_PLACEMENT_3D('',#11077,#11078,#11079);
#11081=CYLINDRICAL_SURFACE('',#11080,5.7E0);
#11083=ORIENTED_EDGE('',*,*,#11082,.T.);
#11085=ORIENTED_EDGE('',*,*,#11084,.F.);
#11087=ORIENTED_EDGE('',*,*,#11086,.F.);
#11089=ORIENTED_EDGE('',*,*,#11088,.T.);
#11090=EDGE_LOOP('',(#11083,#11085,#11087,#11089));
#11091=FACE_OUTER_BOUND('',#11090,.F.);
#11092=ADVANCED_FACE('',(#11091),#11081,.F.);
#11093=CARTESIAN_POINT('',(1.27E1,3.E1,-1.75E1));
#11094=DIRECTION('',(-1.E0,0.E0,0.E0));
#11095=DIRECTION('',(0.E0,0.E0,1.E0));
#11096=AXIS2_PLACEMENT_3D('',#11093,#11094,#11095);
#11097=PLANE('',#11096);
#11099=ORIENTED_EDGE('',*,*,#11098,.F.);
#11100=ORIENTED_EDGE('',*,*,#10530,.F.);
#11102=ORIENTED_EDGE('',*,*,#11101,.F.);
#11104=ORIENTED_EDGE('',*,*,#11103,.T.);
#11106=ORIENTED_EDGE('',*,*,#11105,.T.);
#11108=ORIENTED_EDGE('',*,*,#11107,.F.);
#11109=EDGE_LOOP('',(#11099,#11100,#11102,#11104,#11106,#11108));
#11110=FACE_OUTER_BOUND('',#11109,.F.);
#11111=ORIENTED_EDGE('',*,*,#11003,.F.);
#11113=ORIENTED_EDGE('',*,*,#11112,.F.);
#11114=EDGE_LOOP('',(#11111,#11113));
#11115=FACE_BOUND('',#11114,.F.);
#11116=ADVANCED_FACE('',(#11110,#11115),#11097,.F.);
#11117=CARTESIAN_POINT('',(0.E0,1.2E1,0.E0));
#11118=DIRECTION('',(-1.E0,0.E0,0.E0));
#11119=DIRECTION('',(0.E0,0.E0,1.E0));
#11120=AXIS2_PLACEMENT_3D('',#11117,#11118,#11119);
#11121=CYLINDRICAL_SURFACE('',#11120,5.7E0);
#11123=ORIENTED_EDGE('',*,*,#11122,.F.);
#11125=ORIENTED_EDGE('',*,*,#11124,.T.);
#11127=ORIENTED_EDGE('',*,*,#11126,.T.);
#11129=ORIENTED_EDGE('',*,*,#11128,.F.);
#11130=EDGE_LOOP('',(#11123,#11125,#11127,#11129));
#11131=FACE_OUTER_BOUND('',#11130,.F.);
#11132=ADVANCED_FACE('',(#11131),#11121,.F.);
#11133=CARTESIAN_POINT('',(0.E0,1.2E1,0.E0));
#11134=DIRECTION('',(-1.E0,0.E0,0.E0));
#11135=DIRECTION('',(0.E0,0.E0,1.E0));
#11136=AXIS2_PLACEMENT_3D('',#11133,#11134,#11135);
#11137=CYLINDRICAL_SURFACE('',#11136,5.7E0);
#11139=ORIENTED_EDGE('',*,*,#11138,.F.);
#11141=ORIENTED_EDGE('',*,*,#11140,.T.);
#11143=ORIENTED_EDGE('',*,*,#11142,.T.);
#11145=ORIENTED_EDGE('',*,*,#11144,.F.);
#11146=EDGE_LOOP('',(#11139,#11141,#11143,#11145));
#11147=FACE_OUTER_BOUND('',#11146,.F.);
#11148=ADVANCED_FACE('',(#11147),#11137,.F.);
#11149=CARTESIAN_POINT('',(0.E0,1.2E1,0.E0));
#11150=DIRECTION('',(-1.E0,0.E0,0.E0));
#11151=DIRECTION('',(0.E0,0.E0,1.E0));
#11152=AXIS2_PLACEMENT_3D('',#11149,#11150,#11151);
#11153=CYLINDRICAL_SURFACE('',#11152,5.7E0);
#11154=ORIENTED_EDGE('',*,*,#11112,.T.);
#11155=ORIENTED_EDGE('',*,*,#11009,.F.);
#11157=ORIENTED_EDGE('',*,*,#11156,.F.);
#11158=ORIENTED_EDGE('',*,*,#11005,.T.);
#11159=EDGE_LOOP('',(#11154,#11155,#11157,#11158));
#11160=FACE_OUTER_BOUND('',#11159,.F.);
#11161=ADVANCED_FACE('',(#11160),#11153,.F.);
#11162=CARTESIAN_POINT('',(0.E0,1.2E1,0.E0));
#11163=DIRECTION('',(-1.E0,0.E0,0.E0));
#11164=DIRECTION('',(0.E0,0.E0,1.E0));
#11165=AXIS2_PLACEMENT_3D('',#11162,#11163,#11164);
#11166=CYLINDRICAL_SURFACE('',#11165,5.7E0);
#11168=ORIENTED_EDGE('',*,*,#11167,.F.);
#11169=ORIENTED_EDGE('',*,*,#11024,.T.);
#11170=ORIENTED_EDGE('',*,*,#10993,.T.);
#11171=ORIENTED_EDGE('',*,*,#11021,.F.);
#11172=EDGE_LOOP('',(#11168,#11169,#11170,#11171));
#11173=FACE_OUTER_BOUND('',#11172,.F.);
#11174=ADVANCED_FACE('',(#11173),#11166,.F.);
#11175=CARTESIAN_POINT('',(0.E0,1.2E1,0.E0));
#11176=DIRECTION('',(-1.E0,0.E0,0.E0));
#11177=DIRECTION('',(0.E0,0.E0,1.E0));
#11178=AXIS2_PLACEMENT_3D('',#11175,#11176,#11177);
#11179=CYLINDRICAL_SURFACE('',#11178,5.7E0);
#11181=ORIENTED_EDGE('',*,*,#11180,.F.);
#11182=ORIENTED_EDGE('',*,*,#11040,.T.);
#11184=ORIENTED_EDGE('',*,*,#11183,.T.);
#11185=ORIENTED_EDGE('',*,*,#11036,.F.);
#11186=EDGE_LOOP('',(#11181,#11182,#11184,#11185));
#11187=FACE_OUTER_BOUND('',#11186,.F.);
#11188=ADVANCED_FACE('',(#11187),#11179,.F.);
#11189=CARTESIAN_POINT('',(0.E0,1.2E1,0.E0));
#11190=DIRECTION('',(-1.E0,0.E0,0.E0));
#11191=DIRECTION('',(0.E0,0.E0,1.E0));
#11192=AXIS2_PLACEMENT_3D('',#11189,#11190,#11191);
#11193=CYLINDRICAL_SURFACE('',#11192,5.7E0);
#11195=ORIENTED_EDGE('',*,*,#11194,.F.);
#11196=ORIENTED_EDGE('',*,*,#11056,.T.);
#11198=ORIENTED_EDGE('',*,*,#11197,.T.);
#11199=ORIENTED_EDGE('',*,*,#11052,.F.);
#11200=EDGE_LOOP('',(#11195,#11196,#11198,#11199));
#11201=FACE_OUTER_BOUND('',#11200,.F.);
#11202=ADVANCED_FACE('',(#11201),#11193,.F.);
#11203=CARTESIAN_POINT('',(0.E0,1.2E1,0.E0));
#11204=DIRECTION('',(-1.E0,0.E0,0.E0));
#11205=DIRECTION('',(0.E0,0.E0,1.E0));
#11206=AXIS2_PLACEMENT_3D('',#11203,#11204,#11205);
#11207=CYLINDRICAL_SURFACE('',#11206,5.7E0);
#11209=ORIENTED_EDGE('',*,*,#11208,.F.);
#11210=ORIENTED_EDGE('',*,*,#11072,.T.);
#11212=ORIENTED_EDGE('',*,*,#11211,.T.);
#11213=ORIENTED_EDGE('',*,*,#11068,.F.);
#11214=EDGE_LOOP('',(#11209,#11210,#11212,#11213));
#11215=FACE_OUTER_BOUND('',#11214,.F.);
#11216=ADVANCED_FACE('',(#11215),#11207,.F.);
#11217=CARTESIAN_POINT('',(0.E0,1.2E1,0.E0));
#11218=DIRECTION('',(-1.E0,0.E0,0.E0));
#11219=DIRECTION('',(0.E0,0.E0,1.E0));
#11220=AXIS2_PLACEMENT_3D('',#11217,#11218,#11219);
#11221=CYLINDRICAL_SURFACE('',#11220,5.7E0);
#11223=ORIENTED_EDGE('',*,*,#11222,.T.);
#11224=ORIENTED_EDGE('',*,*,#11088,.F.);
#11226=ORIENTED_EDGE('',*,*,#11225,.F.);
#11227=ORIENTED_EDGE('',*,*,#11084,.T.);
#11228=EDGE_LOOP('',(#11223,#11224,#11226,#11227));
#11229=FACE_OUTER_BOUND('',#11228,.F.);
#11230=ADVANCED_FACE('',(#11229),#11221,.F.);
#11231=CARTESIAN_POINT('',(1.806087361687E2,1.299067856024E1,1.75E1));
#11232=DIRECTION('',(0.E0,1.E0,0.E0));
#11233=DIRECTION('',(-1.E0,0.E0,0.E0));
#11234=AXIS2_PLACEMENT_3D('',#11231,#11232,#11233);
#11235=PLANE('',#11234);
#11237=ORIENTED_EDGE('',*,*,#11236,.T.);
#11239=ORIENTED_EDGE('',*,*,#11238,.T.);
#11241=ORIENTED_EDGE('',*,*,#11240,.F.);
#11242=ORIENTED_EDGE('',*,*,#11126,.F.);
#11244=ORIENTED_EDGE('',*,*,#11243,.T.);
#11245=ORIENTED_EDGE('',*,*,#11122,.T.);
#11247=ORIENTED_EDGE('',*,*,#11246,.F.);
#11249=ORIENTED_EDGE('',*,*,#11248,.T.);
#11251=ORIENTED_EDGE('',*,*,#11250,.T.);
#11253=ORIENTED_EDGE('',*,*,#11252,.F.);
#11255=ORIENTED_EDGE('',*,*,#11254,.F.);
#11257=ORIENTED_EDGE('',*,*,#11256,.T.);
#11258=EDGE_LOOP('',(#11237,#11239,#11241,#11242,#11244,#11245,#11247,#11249,
#11251,#11253,#11255,#11257));
#11259=FACE_OUTER_BOUND('',#11258,.F.);
#11261=ORIENTED_EDGE('',*,*,#11260,.F.);
#11263=ORIENTED_EDGE('',*,*,#11262,.F.);
#11264=EDGE_LOOP('',(#11261,#11263));
#11265=FACE_BOUND('',#11264,.F.);
#11266=ADVANCED_FACE('',(#11259,#11265),#11235,.F.);
#11267=CARTESIAN_POINT('',(1.806087361687E2,0.E0,-1.75E1));
#11268=DIRECTION('',(1.E0,0.E0,0.E0));
#11269=DIRECTION('',(0.E0,0.E0,1.E0));
#11270=AXIS2_PLACEMENT_3D('',#11267,#11268,#11269);
#11271=PLANE('',#11270);
#11273=ORIENTED_EDGE('',*,*,#11272,.T.);
#11275=ORIENTED_EDGE('',*,*,#11274,.T.);
#11277=ORIENTED_EDGE('',*,*,#11276,.F.);
#11279=ORIENTED_EDGE('',*,*,#11278,.T.);
#11281=ORIENTED_EDGE('',*,*,#11280,.T.);
#11282=ORIENTED_EDGE('',*,*,#11236,.F.);
#11284=ORIENTED_EDGE('',*,*,#11283,.T.);
#11286=ORIENTED_EDGE('',*,*,#11285,.T.);
#11287=EDGE_LOOP('',(#11273,#11275,#11277,#11279,#11281,#11282,#11284,#11286));
#11288=FACE_OUTER_BOUND('',#11287,.F.);
#11289=ADVANCED_FACE('',(#11288),#11271,.T.);
#11290=CARTESIAN_POINT('',(1.748087361687E2,-3.9108E1,-1.17E1));
#11291=DIRECTION('',(0.E0,1.E0,0.E0));
#11292=DIRECTION('',(1.E0,0.E0,0.E0));
#11293=AXIS2_PLACEMENT_3D('',#11290,#11291,#11292);
#11294=CYLINDRICAL_SURFACE('',#11293,5.8E0);
#11296=ORIENTED_EDGE('',*,*,#11295,.T.);
#11298=ORIENTED_EDGE('',*,*,#11297,.T.);
#11299=ORIENTED_EDGE('',*,*,#11272,.F.);
#11301=ORIENTED_EDGE('',*,*,#11300,.T.);
#11302=EDGE_LOOP('',(#11296,#11298,#11299,#11301));
#11303=FACE_OUTER_BOUND('',#11302,.F.);
#11304=ADVANCED_FACE('',(#11303),#11294,.T.);
#11305=CARTESIAN_POINT('',(0.E0,0.E0,-1.75E1));
#11306=DIRECTION('',(0.E0,0.E0,-1.E0));
#11307=DIRECTION('',(1.E0,0.E0,0.E0));
#11308=AXIS2_PLACEMENT_3D('',#11305,#11306,#11307);
#11309=PLANE('',#11308);
#11311=ORIENTED_EDGE('',*,*,#11310,.T.);
#11313=ORIENTED_EDGE('',*,*,#11312,.T.);
#11314=ORIENTED_EDGE('',*,*,#11295,.F.);
#11316=ORIENTED_EDGE('',*,*,#11315,.T.);
#11318=ORIENTED_EDGE('',*,*,#11317,.T.);
#11320=ORIENTED_EDGE('',*,*,#11319,.T.);
#11322=ORIENTED_EDGE('',*,*,#11321,.F.);
#11324=ORIENTED_EDGE('',*,*,#11323,.T.);
#11326=ORIENTED_EDGE('',*,*,#11325,.T.);
#11328=ORIENTED_EDGE('',*,*,#11327,.T.);
#11330=ORIENTED_EDGE('',*,*,#11329,.F.);
#11332=ORIENTED_EDGE('',*,*,#11331,.T.);
#11334=ORIENTED_EDGE('',*,*,#11333,.T.);
#11336=ORIENTED_EDGE('',*,*,#11335,.T.);
#11338=ORIENTED_EDGE('',*,*,#11337,.F.);
#11340=ORIENTED_EDGE('',*,*,#11339,.T.);
#11342=ORIENTED_EDGE('',*,*,#11341,.T.);
#11344=ORIENTED_EDGE('',*,*,#11343,.T.);
#11345=ORIENTED_EDGE('',*,*,#10983,.F.);
#11347=ORIENTED_EDGE('',*,*,#11346,.T.);
#11349=ORIENTED_EDGE('',*,*,#11348,.T.);
#11351=ORIENTED_EDGE('',*,*,#11350,.T.);
#11352=ORIENTED_EDGE('',*,*,#11103,.F.);
#11354=ORIENTED_EDGE('',*,*,#11353,.T.);
#11355=EDGE_LOOP('',(#11311,#11313,#11314,#11316,#11318,#11320,#11322,#11324,
#11326,#11328,#11330,#11332,#11334,#11336,#11338,#11340,#11342,#11344,#11345,
#11347,#11349,#11351,#11352,#11354));
#11356=FACE_OUTER_BOUND('',#11355,.F.);
#11357=ADVANCED_FACE('',(#11356),#11309,.T.);
#11358=CARTESIAN_POINT('',(5.8E0,-3.9108E1,-1.17E1));
#11359=DIRECTION('',(0.E0,1.E0,0.E0));
#11360=DIRECTION('',(0.E0,0.E0,-1.E0));
#11361=AXIS2_PLACEMENT_3D('',#11358,#11359,#11360);
#11362=CYLINDRICAL_SURFACE('',#11361,5.8E0);
#11364=ORIENTED_EDGE('',*,*,#11363,.T.);
#11366=ORIENTED_EDGE('',*,*,#11365,.T.);
#11367=ORIENTED_EDGE('',*,*,#11310,.F.);
#11369=ORIENTED_EDGE('',*,*,#11368,.T.);
#11370=EDGE_LOOP('',(#11364,#11366,#11367,#11369));
#11371=FACE_OUTER_BOUND('',#11370,.F.);
#11372=ADVANCED_FACE('',(#11371),#11362,.T.);
#11373=CARTESIAN_POINT('',(0.E0,0.E0,1.75E1));
#11374=DIRECTION('',(-1.E0,0.E0,0.E0));
#11375=DIRECTION('',(0.E0,0.E0,-1.E0));
#11376=AXIS2_PLACEMENT_3D('',#11373,#11374,#11375);
#11377=PLANE('',#11376);
#11379=ORIENTED_EDGE('',*,*,#11378,.F.);
#11381=ORIENTED_EDGE('',*,*,#11380,.T.);
#11382=ORIENTED_EDGE('',*,*,#11363,.F.);
#11384=ORIENTED_EDGE('',*,*,#11383,.T.);
#11385=EDGE_LOOP('',(#11379,#11381,#11382,#11384));
#11386=FACE_OUTER_BOUND('',#11385,.F.);
#11387=ORIENTED_EDGE('',*,*,#11007,.T.);
#11388=ORIENTED_EDGE('',*,*,#11156,.T.);
#11389=EDGE_LOOP('',(#11387,#11388));
#11390=FACE_BOUND('',#11389,.F.);
#11391=ADVANCED_FACE('',(#11386,#11390),#11377,.T.);
#11392=CARTESIAN_POINT('',(5.8E0,-3.9108E1,1.17E1));
#11393=DIRECTION('',(0.E0,1.E0,0.E0));
#11394=DIRECTION('',(-1.E0,0.E0,0.E0));
#11395=AXIS2_PLACEMENT_3D('',#11392,#11393,#11394);
#11396=CYLINDRICAL_SURFACE('',#11395,5.8E0);
#11398=ORIENTED_EDGE('',*,*,#11397,.T.);
#11400=ORIENTED_EDGE('',*,*,#11399,.T.);
#11401=ORIENTED_EDGE('',*,*,#11378,.T.);
#11403=ORIENTED_EDGE('',*,*,#11402,.T.);
#11404=EDGE_LOOP('',(#11398,#11400,#11401,#11403));
#11405=FACE_OUTER_BOUND('',#11404,.F.);
#11406=ADVANCED_FACE('',(#11405),#11396,.T.);
#11407=CARTESIAN_POINT('',(1.806087361687E2,0.E0,1.75E1));
#11408=DIRECTION('',(0.E0,0.E0,1.E0));
#11409=DIRECTION('',(-1.E0,0.E0,0.E0));
#11410=AXIS2_PLACEMENT_3D('',#11407,#11408,#11409);
#11411=PLANE('',#11410);
#11413=ORIENTED_EDGE('',*,*,#11412,.T.);
#11415=ORIENTED_EDGE('',*,*,#11414,.T.);
#11416=ORIENTED_EDGE('',*,*,#11397,.F.);
#11418=ORIENTED_EDGE('',*,*,#11417,.T.);
#11419=ORIENTED_EDGE('',*,*,#11107,.T.);
#11421=ORIENTED_EDGE('',*,*,#11420,.F.);
#11423=ORIENTED_EDGE('',*,*,#11422,.F.);
#11424=ORIENTED_EDGE('',*,*,#10966,.T.);
#11425=ORIENTED_EDGE('',*,*,#10987,.T.);
#11427=ORIENTED_EDGE('',*,*,#11426,.F.);
#11429=ORIENTED_EDGE('',*,*,#11428,.F.);
#11431=ORIENTED_EDGE('',*,*,#11430,.T.);
#11433=ORIENTED_EDGE('',*,*,#11432,.T.);
#11435=ORIENTED_EDGE('',*,*,#11434,.F.);
#11437=ORIENTED_EDGE('',*,*,#11436,.F.);
#11439=ORIENTED_EDGE('',*,*,#11438,.T.);
#11441=ORIENTED_EDGE('',*,*,#11440,.T.);
#11443=ORIENTED_EDGE('',*,*,#11442,.F.);
#11445=ORIENTED_EDGE('',*,*,#11444,.F.);
#11447=ORIENTED_EDGE('',*,*,#11446,.T.);
#11449=ORIENTED_EDGE('',*,*,#11448,.T.);
#11451=ORIENTED_EDGE('',*,*,#11450,.F.);
#11453=ORIENTED_EDGE('',*,*,#11452,.F.);
#11455=ORIENTED_EDGE('',*,*,#11454,.T.);
#11457=ORIENTED_EDGE('',*,*,#11456,.T.);
#11459=ORIENTED_EDGE('',*,*,#11458,.F.);
#11460=ORIENTED_EDGE('',*,*,#11254,.T.);
#11462=ORIENTED_EDGE('',*,*,#11461,.T.);
#11464=ORIENTED_EDGE('',*,*,#11463,.F.);
#11465=EDGE_LOOP('',(#11413,#11415,#11416,#11418,#11419,#11421,#11423,#11424,
#11425,#11427,#11429,#11431,#11433,#11435,#11437,#11439,#11441,#11443,#11445,
#11447,#11449,#11451,#11453,#11455,#11457,#11459,#11460,#11462,#11464));
#11466=FACE_OUTER_BOUND('',#11465,.F.);
#11467=ADVANCED_FACE('',(#11466),#11411,.T.);
#11468=CARTESIAN_POINT('',(1.748087361687E2,-3.9108E1,1.17E1));
#11469=DIRECTION('',(0.E0,1.E0,0.E0));
#11470=DIRECTION('',(0.E0,0.E0,1.E0));
#11471=AXIS2_PLACEMENT_3D('',#11468,#11469,#11470);
#11472=CYLINDRICAL_SURFACE('',#11471,5.8E0);
#11473=ORIENTED_EDGE('',*,*,#11256,.F.);
#11474=ORIENTED_EDGE('',*,*,#11458,.T.);
#11476=ORIENTED_EDGE('',*,*,#11475,.T.);
#11477=ORIENTED_EDGE('',*,*,#11283,.F.);
#11478=EDGE_LOOP('',(#11473,#11474,#11476,#11477));
#11479=FACE_OUTER_BOUND('',#11478,.F.);
#11480=ADVANCED_FACE('',(#11479),#11472,.T.);
#11481=CARTESIAN_POINT('',(1.748087361687E2,-3.9108E1,1.17E1));
#11482=DIRECTION('',(0.E0,1.E0,0.E0));
#11483=DIRECTION('',(0.E0,0.E0,1.E0));
#11484=AXIS2_PLACEMENT_3D('',#11481,#11482,#11483);
#11485=CYLINDRICAL_SURFACE('',#11484,5.8E0);
#11486=ORIENTED_EDGE('',*,*,#11276,.T.);
#11488=ORIENTED_EDGE('',*,*,#11487,.T.);
#11489=ORIENTED_EDGE('',*,*,#11412,.F.);
#11491=ORIENTED_EDGE('',*,*,#11490,.T.);
#11492=EDGE_LOOP('',(#11486,#11488,#11489,#11491));
#11493=FACE_OUTER_BOUND('',#11492,.F.);
#11494=ADVANCED_FACE('',(#11493),#11485,.T.);
#11495=CARTESIAN_POINT('',(1.745571343742E2,2.648002011474E1,1.749242064255E1));
#11496=CARTESIAN_POINT('',(1.745541727440E2,2.841281778133E1,1.756060381128E1));
#11497=CARTESIAN_POINT('',(1.746102467226E2,2.985180399653E1,1.626965884068E1));
#11498=CARTESIAN_POINT('',(1.746939554800E2,2.999116182557E1,1.434250114730E1));
#11499=CARTESIAN_POINT('',(1.781886236274E2,2.648002011474E1,1.765015939625E1));
#11500=CARTESIAN_POINT('',(1.782284086242E2,2.841281778133E1,1.772019932379E1));
#11501=CARTESIAN_POINT('',(1.774751400021E2,2.985180399653E1,1.639409943898E1));
#11502=CARTESIAN_POINT('',(1.763506401564E2,2.999116182557E1,1.441446153542E1));
#11503=CARTESIAN_POINT('',(1.807588955681E2,2.648002011474E1,1.507988745314E1));
#11504=CARTESIAN_POINT('',(1.808289354957E2,2.841281778133E1,1.511967244990E1));
#11505=CARTESIAN_POINT('',(1.795028356102E2,2.985180399653E1,1.436640382904E1));
#11506=CARTESIAN_POINT('',(1.775231977056E2,2.999116182557E1,1.324190398519E1));
#11507=CARTESIAN_POINT('',(1.806011568110E2,2.648002011474E1,1.144839820005E1));
#11508=CARTESIAN_POINT('',(1.806693399798E2,2.841281778133E1,1.144543656983E1));
#11509=CARTESIAN_POINT('',(1.793783950092E2,2.985180399653E1,1.150151054966E1));
#11510=CARTESIAN_POINT('',(1.774512373159E2,2.999116182557E1,1.158521930881E1));
#11511=(BOUNDED_SURFACE()B_SPLINE_SURFACE(3,3,((#11495,#11496,#11497,#11498),(
#11499,#11500,#11501,#11502),(#11503,#11504,#11505,#11506),(#11507,#11508,
#11509,#11510)),.UNSPECIFIED.,.F.,.F.,.F.)B_SPLINE_SURFACE_WITH_KNOTS((4,4),(4,
4),(0.E0,1.E0),(0.E0,1.E0),.UNSPECIFIED.)GEOMETRIC_REPRESENTATION_ITEM()RATIONAL_B_SPLINE_SURFACE(((1.387776598762E0,1.128729900203E0,1.128729900203E0,
1.387776598762E0),(1.087790591002E0,8.847402141805E-1,8.847402141805E-1,
1.087790591002E0),(1.087790591002E0,8.847402141805E-1,8.847402141805E-1,
1.087790591002E0),(1.387776598762E0,1.128729900203E0,1.128729900203E0,
1.387776598762E0)))REPRESENTATION_ITEM('')SURFACE());
#11513=ORIENTED_EDGE('',*,*,#11512,.T.);
#11515=ORIENTED_EDGE('',*,*,#11514,.T.);
#11516=ORIENTED_EDGE('',*,*,#11475,.F.);
#11518=ORIENTED_EDGE('',*,*,#11517,.F.);
#11519=EDGE_LOOP('',(#11513,#11515,#11516,#11518));
#11520=FACE_OUTER_BOUND('',#11519,.F.);
#11521=ADVANCED_FACE('',(#11520),#11511,.T.);
#11522=CARTESIAN_POINT('',(1.757397189481E2,2.836478270441E1,1.761450686828E1));
#11523=CARTESIAN_POINT('',(1.758585735573E2,2.848941125323E1,1.747932127510E1));
#11524=CARTESIAN_POINT('',(1.761363035412E2,2.875954653286E1,1.714707576655E1));
#11525=CARTESIAN_POINT('',(1.765593747593E2,2.911962172131E1,1.655061603697E1));
#11526=CARTESIAN_POINT('',(1.769661409601E2,2.942769340067E1,1.583107568881E1));
#11527=CARTESIAN_POINT('',(1.773024730746E2,2.965803888590E1,1.504937262043E1));
#11528=CARTESIAN_POINT('',(1.775564798028E2,2.981756579952E1,1.420774670126E1));
#11529=CARTESIAN_POINT('',(1.777106210313E2,2.991214773378E1,1.333048370460E1));
#11530=CARTESIAN_POINT('',(1.777559108200E2,2.995756070294E1,1.245457526705E1));
#11531=CARTESIAN_POINT('',(1.777169002947E2,2.996895376615E1,1.187800225471E1));
#11532=CARTESIAN_POINT('',(1.776819702699E2,2.997173960125E1,1.160289954887E1));
#11533=CARTESIAN_POINT('',(1.751853218344E2,2.840552536356E1,1.686878981320E1));
#11534=CARTESIAN_POINT('',(1.752804266730E2,2.853112894304E1,1.675132063967E1));
#11535=CARTESIAN_POINT('',(1.755039197833E2,2.880315464686E1,1.646351230556E1));
#11536=CARTESIAN_POINT('',(1.758465763247E2,2.916538993731E1,1.595032524849E1));
#11537=CARTESIAN_POINT('',(1.761772177863E2,2.947512278811E1,1.533501574116E1));
#11538=CARTESIAN_POINT('',(1.764515823726E2,2.970659684586E1,1.466915387045E1));
#11539=CARTESIAN_POINT('',(1.766599539713E2,2.986680417820E1,1.395293635752E1));
#11540=CARTESIAN_POINT('',(1.767873836004E2,2.996169724324E1,1.320433831112E1));
#11541=CARTESIAN_POINT('',(1.768245736640E2,3.000720507236E1,1.245258386324E1));
#11542=CARTESIAN_POINT('',(1.767905446081E2,3.001861114714E1,1.195505341087E1));
#11543=CARTESIAN_POINT('',(1.767602631888E2,3.002140023232E1,1.171738314645E1));
#11544=CARTESIAN_POINT('',(1.744982276102E2,2.885975012941E1,1.643670708729E1));
#11545=CARTESIAN_POINT('',(1.745916967498E2,2.899622396335E1,1.633326945278E1));
#11546=CARTESIAN_POINT('',(1.748097185015E2,2.928932530390E1,1.607877397737E1));
#11547=CARTESIAN_POINT('',(1.751411531874E2,2.967564276871E1,1.562081269392E1));
#11548=CARTESIAN_POINT('',(1.754594463149E2,3.000389540258E1,1.506718310914E1));
#11549=CARTESIAN_POINT('',(1.757223233250E2,3.024795149592E1,1.446491857395E1));
#11550=CARTESIAN_POINT('',(1.759204948459E2,3.041574456371E1,1.381627389566E1));
#11551=CARTESIAN_POINT('',(1.760404495863E2,3.051410631030E1,1.314079853963E1));
#11552=CARTESIAN_POINT('',(1.760757724047E2,3.056067169779E1,1.246769949460E1));
#11553=CARTESIAN_POINT('',(1.760459638840E2,3.057222283376E1,1.202545668777E1));
#11554=CARTESIAN_POINT('',(1.760192151451E2,3.057504815285E1,1.181453454530E1));
#11555=CARTESIAN_POINT('',(1.739063312114E2,2.957680004645E1,1.646157158959E1));
#11556=CARTESIAN_POINT('',(1.740208212514E2,2.973043392018E1,1.636382664233E1));
#11557=CARTESIAN_POINT('',(1.742839518957E2,3.005680575742E1,1.612047052400E1));
#11558=CARTESIAN_POINT('',(1.746770796047E2,3.048113991006E1,1.567137086897E1));
#11559=CARTESIAN_POINT('',(1.750508964900E2,3.083862830982E1,1.511641233450E1));
#11560=CARTESIAN_POINT('',(1.753565760671E2,3.110254670098E1,1.450440735253E1));
#11561=CARTESIAN_POINT('',(1.755833657169E2,3.128231478947E1,1.384308742631E1));
#11562=CARTESIAN_POINT('',(1.757175615452E2,3.138615227848E1,1.316093921749E1));
#11563=CARTESIAN_POINT('',(1.757578689248E2,3.143438715254E1,1.249490861900E1));
#11564=CARTESIAN_POINT('',(1.757301201409E2,3.144616728551E1,1.206586077531E1));
#11565=CARTESIAN_POINT('',(1.757046164402E2,3.144904980432E1,1.186213063679E1));
#11566=(BOUNDED_SURFACE()B_SPLINE_SURFACE(3,3,((#11522,#11523,#11524,#11525,
#11526,#11527,#11528,#11529,#11530,#11531,#11532),(#11533,#11534,#11535,#11536,
#11537,#11538,#11539,#11540,#11541,#11542,#11543),(#11544,#11545,#11546,#11547,
#11548,#11549,#11550,#11551,#11552,#11553,#11554),(#11555,#11556,#11557,#11558,
#11559,#11560,#11561,#11562,#11563,#11564,#11565)),.UNSPECIFIED.,.F.,.F.,.F.)B_SPLINE_SURFACE_WITH_KNOTS((4,4),(4,1,1,1,1,1,1,1,4),(0.E0,1.E0),
(3.067483580882E-2,1.341529767032E-1,2.649218779863E-1,3.917180877333E-1,
5.171979318684E-1,6.432889156649E-1,7.706198186684E-1,8.900490635529E-1,
9.997082535398E-1),.UNSPECIFIED.)GEOMETRIC_REPRESENTATION_ITEM()RATIONAL_B_SPLINE_SURFACE(((1.090417205752E0,1.090417205752E0,1.090417205752E0,1.090417205752E0,
1.090417205752E0,1.090417205752E0,1.090417205752E0,1.090417205752E0,
1.090417205752E0,1.090417205752E0,1.090417205752E0),(9.698609314160E-1,
9.698609314160E-1,9.698609314160E-1,9.698609314160E-1,9.698609314160E-1,
9.698609314160E-1,9.698609314160E-1,9.698609314160E-1,9.698609314160E-1,
9.698609314160E-1,9.698609314160E-1),(9.698609314160E-1,9.698609314160E-1,
9.698609314160E-1,9.698609314160E-1,9.698609314160E-1,9.698609314160E-1,
9.698609314160E-1,9.698609314160E-1,9.698609314160E-1,9.698609314160E-1,
9.698609314160E-1),(1.090417205752E0,1.090417205752E0,1.090417205752E0,
1.090417205752E0,1.090417205752E0,1.090417205752E0,1.090417205752E0,
1.090417205752E0,1.090417205752E0,1.090417205752E0,1.090417205752E0)))REPRESENTATION_ITEM('')SURFACE());
#11568=ORIENTED_EDGE('',*,*,#11567,.T.);
#11569=ORIENTED_EDGE('',*,*,#11512,.F.);
#11571=ORIENTED_EDGE('',*,*,#11570,.F.);
#11573=ORIENTED_EDGE('',*,*,#11572,.T.);
#11574=EDGE_LOOP('',(#11568,#11569,#11571,#11573));
#11575=FACE_OUTER_BOUND('',#11574,.F.);
#11576=ADVANCED_FACE('',(#11575),#11566,.F.);
#11577=CARTESIAN_POINT('',(1.771963390934E2,2.999997168248E1,1.287121516370E1));
#11578=CARTESIAN_POINT('',(1.771994826498E2,2.999998306722E1,1.286379908952E1));
#11579=CARTESIAN_POINT('',(1.772514163983E2,3.000009940862E1,1.274064274484E1));
#11580=CARTESIAN_POINT('',(1.773473131324E2,2.999798881381E1,1.249210616783E1));
#11581=CARTESIAN_POINT('',(1.774704755446E2,2.999056539913E1,1.210869420889E1));
#11582=CARTESIAN_POINT('',(1.775412885929E2,2.998384695813E1,1.183266234581E1));
#11583=CARTESIAN_POINT('',(1.775735645826E2,2.998036367413E1,1.168372001724E1));
#11584=CARTESIAN_POINT('',(1.775752541058E2,2.998018003017E1,1.167584718315E1));
#11585=CARTESIAN_POINT('',(1.772485410891E2,3.000036535303E1,1.288878177020E1));
#11586=CARTESIAN_POINT('',(1.772517030862E2,3.000032850664E1,1.288131202544E1));
#11587=CARTESIAN_POINT('',(1.773039402462E2,2.999964720208E1,1.275726462500E1));
#11588=CARTESIAN_POINT('',(1.774003555969E2,2.999603652370E1,1.250694162635E1));
#11589=CARTESIAN_POINT('',(1.775240448544E2,2.998663804057E1,1.212102734215E1));
#11590=CARTESIAN_POINT('',(1.775951329112E2,2.997875806727E1,1.184315587359E1));
#11591=CARTESIAN_POINT('',(1.776275506653E2,2.997473830593E1,1.169308245358E1));
#11592=CARTESIAN_POINT('',(1.776292476673E2,2.997452655601E1,1.168514942969E1));
#11593=CARTESIAN_POINT('',(1.773004272307E2,2.999428549424E1,1.290623607252E1));
#11594=CARTESIAN_POINT('',(1.773036015656E2,2.999420070869E1,1.289871300031E1));
#11595=CARTESIAN_POINT('',(1.773560413217E2,2.999272672351E1,1.277378024068E1));
#11596=CARTESIAN_POINT('',(1.774527894018E2,2.998762973298E1,1.252168224106E1));
#11597=CARTESIAN_POINT('',(1.775767676709E2,2.997628315304E1,1.213328162910E1));
#11598=CARTESIAN_POINT('',(1.776479941736E2,2.996726198723E1,1.185358231574E1));
#11599=CARTESIAN_POINT('',(1.776804913608E2,2.996271587287E1,1.170238518149E1));
#11600=CARTESIAN_POINT('',(1.776821925785E2,2.996247654963E1,1.169439236073E1));
#11601=CARTESIAN_POINT('',(1.773512788793E2,2.998181631402E1,1.292333632325E1));
#11602=CARTESIAN_POINT('',(1.773544592783E2,2.998168454523E1,1.291576100530E1));
#11603=CARTESIAN_POINT('',(1.774069980090E2,2.997943382365E1,1.278996084554E1));
#11604=CARTESIAN_POINT('',(1.775038883231E2,2.997288487828E1,1.253612384995E1));
#11605=CARTESIAN_POINT('',(1.776279137671E2,2.995964415489E1,1.214528734410E1));
#11606=CARTESIAN_POINT('',(1.776991402355E2,2.994951794224E1,1.186379726284E1));
#11607=CARTESIAN_POINT('',(1.777316534241E2,2.994446288934E1,1.171149935533E1));
#11608=CARTESIAN_POINT('',(1.777333555361E2,2.994419690731E1,1.170344795887E1));
#11609=(BOUNDED_SURFACE()B_SPLINE_SURFACE(3,3,((#11577,#11578,#11579,#11580,
#11581,#11582,#11583,#11584),(#11585,#11586,#11587,#11588,#11589,#11590,#11591,
#11592),(#11593,#11594,#11595,#11596,#11597,#11598,#11599,#11600),(#11601,
#11602,#11603,#11604,#11605,#11606,#11607,#11608)),.UNSPECIFIED.,.F.,.F.,.F.)B_SPLINE_SURFACE_WITH_KNOTS((4,4),(4,1,1,1,1,4),(0.E0,1.E0),(-2.000387293963E-2,
0.E0,3.119363297492E-1,6.414447748657E-1,1.E0,1.020000075940E0),.UNSPECIFIED.)GEOMETRIC_REPRESENTATION_ITEM()RATIONAL_B_SPLINE_SURFACE(((1.003474607494E0,
1.003474607494E0,1.003474607494E0,1.003474607494E0,1.003474607494E0,
1.003474607494E0,1.003474607494E0,1.003474607494E0),(9.988417975021E-1,
9.988417975021E-1,9.988417975021E-1,9.988417975021E-1,9.988417975021E-1,
9.988417975021E-1,9.988417975021E-1,9.988417975021E-1),(9.988417975021E-1,
9.988417975021E-1,9.988417975021E-1,9.988417975021E-1,9.988417975021E-1,
9.988417975021E-1,9.988417975021E-1,9.988417975021E-1),(1.003474607494E0,
1.003474607494E0,1.003474607494E0,1.003474607494E0,1.003474607494E0,
1.003474607494E0,1.003474607494E0,1.003474607494E0)))REPRESENTATION_ITEM('')SURFACE());
#11610=ORIENTED_EDGE('',*,*,#11567,.F.);
#11612=ORIENTED_EDGE('',*,*,#11611,.F.);
#11614=ORIENTED_EDGE('',*,*,#11613,.T.);
#11615=EDGE_LOOP('',(#11610,#11612,#11614));
#11616=FACE_OUTER_BOUND('',#11615,.F.);
#11617=ADVANCED_FACE('',(#11616),#11609,.T.);
#11618=CARTESIAN_POINT('',(1.736656695562E2,2.998973863167E1,1.573163435675E1));
#11619=CARTESIAN_POINT('',(1.736842204970E2,2.998973863167E1,1.572419653955E1));
#11620=CARTESIAN_POINT('',(1.737792903835E2,2.998973863167E1,1.568603147095E1));
#11621=CARTESIAN_POINT('',(1.739562975976E2,2.998973863167E1,1.561434498305E1));
#11622=CARTESIAN_POINT('',(1.742023048696E2,2.998973863167E1,1.551156856114E1));
#11623=CARTESIAN_POINT('',(1.744676703873E2,2.998973863167E1,1.539445601199E1));
#11624=CARTESIAN_POINT('',(1.747553940702E2,2.998973863167E1,1.525721607729E1));
#11625=CARTESIAN_POINT('',(1.750665694255E2,2.998973863167E1,1.509267238493E1));
#11626=CARTESIAN_POINT('',(1.754014571070E2,2.998973863167E1,1.489107892864E1));
#11627=CARTESIAN_POINT('',(1.757572367854E2,2.998973863167E1,1.464021955632E1));
#11628=CARTESIAN_POINT('',(1.761290138530E2,2.998973863167E1,1.432301613685E1));
#11629=CARTESIAN_POINT('',(1.765053287759E2,2.998973863167E1,1.391712388418E1));
#11630=CARTESIAN_POINT('',(1.768506185534E2,2.998973863167E1,1.341216660424E1));
#11631=CARTESIAN_POINT('',(1.770342820397E2,2.998973863167E1,1.300190012100E1));
#11632=CARTESIAN_POINT('',(1.771074787086E2,2.998973863167E1,1.277552889335E1));
#11633=CARTESIAN_POINT('',(1.771132543130E2,2.998973863167E1,1.275710912995E1));
#11634=CARTESIAN_POINT('',(1.738177402871E2,3.006047182771E1,1.611082109432E1));
#11635=CARTESIAN_POINT('',(1.738363850510E2,3.006047182771E1,1.610334556370E1));
#11636=CARTESIAN_POINT('',(1.739320542049E2,3.006047182771E1,1.606493996859E1));
#11637=CARTESIAN_POINT('',(1.741113117996E2,3.006047182770E1,1.599234617311E1));
#11638=CARTESIAN_POINT('',(1.743630943808E2,3.006047182771E1,1.588716958386E1));
#11639=CARTESIAN_POINT('',(1.746377729794E2,3.006047182771E1,1.576596741609E1));
#11640=CARTESIAN_POINT('',(1.749384501400E2,3.006047182771E1,1.562258266243E1));
#11641=CARTESIAN_POINT('',(1.752672524955E2,3.006047182771E1,1.544876886499E1));
#11642=CARTESIAN_POINT('',(1.756244194292E2,3.006047182771E1,1.523383873413E1));
#11643=CARTESIAN_POINT('',(1.760078447053E2,3.006047182771E1,1.496360528067E1));
#11644=CARTESIAN_POINT('',(1.764122292424E2,3.006047182771E1,1.461874265790E1));
#11645=CARTESIAN_POINT('',(1.768255460642E2,3.006047182771E1,1.417322279342E1));
#11646=CARTESIAN_POINT('',(1.772085673921E2,3.006047182771E1,1.361357805549E1));
#11647=CARTESIAN_POINT('',(1.774143089925E2,3.006047182771E1,1.315452506404E1));
#11648=CARTESIAN_POINT('',(1.774965771451E2,3.006047182771E1,1.290009164063E1));
#11649=CARTESIAN_POINT('',(1.775030706261E2,3.006047182771E1,1.287938119980E1));
#11650=CARTESIAN_POINT('',(1.739432616200E2,2.981923469102E1,1.642380719244E1));
#11651=CARTESIAN_POINT('',(1.739619838268E2,2.981923469101E1,1.641630053264E1));
#11652=CARTESIAN_POINT('',(1.740581476245E2,2.981923469101E1,1.637769640354E1));
#11653=CARTESIAN_POINT('',(1.742392627150E2,2.981923469103E1,1.630435370354E1));
#11654=CARTESIAN_POINT('',(1.744958123183E2,2.981923469102E1,1.619719598222E1));
#11655=CARTESIAN_POINT('',(1.747781780656E2,2.981923469102E1,1.607261818538E1));
#11656=CARTESIAN_POINT('',(1.750895472101E2,2.981923469102E1,1.592416141122E1));
#11657=CARTESIAN_POINT('',(1.754328991409E2,2.981923469102E1,1.574269593788E1));
#11658=CARTESIAN_POINT('',(1.758084556845E2,2.981923469102E1,1.551675752713E1));
#11659=CARTESIAN_POINT('',(1.762147000281E2,2.981923469102E1,1.523053243299E1));
#11660=CARTESIAN_POINT('',(1.766459992318E2,2.981923469102E1,1.486283951247E1));
#11661=CARTESIAN_POINT('',(1.770898579446E2,2.981923469102E1,1.438461045653E1));
#11662=CARTESIAN_POINT('',(1.775040234281E2,2.981923469102E1,1.377982591703E1));
#11663=CARTESIAN_POINT('',(1.777279886162E2,2.981923469102E1,1.328050385144E1));
#11664=CARTESIAN_POINT('',(1.778177444998E2,2.981923469102E1,1.300290749462E1));
#11665=CARTESIAN_POINT('',(1.778248305264E2,2.981923469102E1,1.298030629622E1));
#11666=CARTESIAN_POINT('',(1.739674565796E2,2.940973971249E1,1.648413706474E1));
#11667=CARTESIAN_POINT('',(1.739861937139E2,2.940973971249E1,1.647662440461E1));
#11668=CARTESIAN_POINT('',(1.740824528571E2,2.940973971249E1,1.643798200695E1));
#11669=CARTESIAN_POINT('',(1.742639259906E2,2.940973971253E1,1.636449495129E1));
#11670=CARTESIAN_POINT('',(1.745213944648E2,2.940973971251E1,1.625695535535E1));
#11671=CARTESIAN_POINT('',(1.748052419543E2,2.940973971252E1,1.613172688658E1));
#11672=CARTESIAN_POINT('',(1.751186720402E2,2.940973971252E1,1.598229245126E1));
#11673=CARTESIAN_POINT('',(1.754648284855E2,2.940973971252E1,1.579935207334E1));
#11674=CARTESIAN_POINT('',(1.758439297323E2,2.940973971252E1,1.557129175327E1));
#11675=CARTESIAN_POINT('',(1.762545725825E2,2.940973971252E1,1.528198417832E1));
#11676=CARTESIAN_POINT('',(1.766910597431E2,2.940973971252E1,1.490989058648E1));
#11677=CARTESIAN_POINT('',(1.771408055812E2,2.940973971252E1,1.442535664558E1));
#11678=CARTESIAN_POINT('',(1.775609742799E2,2.940973971252E1,1.381187114945E1));
#11679=CARTESIAN_POINT('',(1.777884521696E2,2.940973971252E1,1.330478698799E1));
#11680=CARTESIAN_POINT('',(1.778796513565E2,2.940973971252E1,1.302272584240E1));
#11681=CARTESIAN_POINT('',(1.778868515995E2,2.940973971252E1,1.299976018959E1));
#11682=(BOUNDED_SURFACE()B_SPLINE_SURFACE(3,3,((#11618,#11619,#11620,#11621,
#11622,#11623,#11624,#11625,#11626,#11627,#11628,#11629,#11630,#11631,#11632,
#11633),(#11634,#11635,#11636,#11637,#11638,#11639,#11640,#11641,#11642,#11643,
#11644,#11645,#11646,#11647,#11648,#11649),(#11650,#11651,#11652,#11653,#11654,
#11655,#11656,#11657,#11658,#11659,#11660,#11661,#11662,#11663,#11664,#11665),(
#11666,#11667,#11668,#11669,#11670,#11671,#11672,#11673,#11674,#11675,#11676,
#11677,#11678,#11679,#11680,#11681)),.UNSPECIFIED.,.F.,.F.,.F.)B_SPLINE_SURFACE_WITH_KNOTS((4,4),(4,1,1,1,1,1,1,1,1,1,1,1,1,4),(0.E0,1.E0),(-1.254904201557E-2,
0.E0,5.184064981111E-2,1.081237890143E-1,1.699195219787E-1,2.383097498011E-1,
3.143726139486E-1,3.991920162021E-1,4.939258798516E-1,5.999942409730E-1,
7.200452796616E-1,8.569197485279E-1,1.E0,1.012635843281E0),.UNSPECIFIED.)GEOMETRIC_REPRESENTATION_ITEM()RATIONAL_B_SPLINE_SURFACE(((1.174995349839E0,
1.174995349839E0,1.174995349839E0,1.174995349839E0,1.174995349839E0,
1.174995349839E0,1.174995349839E0,1.174995349839E0,1.174995349839E0,
1.174995349839E0,1.174995349839E0,1.174995349839E0,1.174995349839E0,
1.174995349839E0,1.174995349839E0,1.174995349839E0),(9.416682167202E-1,
9.416682167202E-1,9.416682167202E-1,9.416682167202E-1,9.416682167202E-1,
9.416682167202E-1,9.416682167202E-1,9.416682167202E-1,9.416682167202E-1,
9.416682167202E-1,9.416682167202E-1,9.416682167202E-1,9.416682167202E-1,
9.416682167202E-1,9.416682167202E-1,9.416682167202E-1),(9.416682167202E-1,
9.416682167202E-1,9.416682167202E-1,9.416682167202E-1,9.416682167202E-1,
9.416682167202E-1,9.416682167202E-1,9.416682167202E-1,9.416682167202E-1,
9.416682167202E-1,9.416682167202E-1,9.416682167202E-1,9.416682167202E-1,
9.416682167202E-1,9.416682167202E-1,9.416682167202E-1),(1.174995349839E0,
1.174995349839E0,1.174995349839E0,1.174995349839E0,1.174995349839E0,
1.174995349839E0,1.174995349839E0,1.174995349839E0,1.174995349839E0,
1.174995349839E0,1.174995349839E0,1.174995349839E0,1.174995349839E0,
1.174995349839E0,1.174995349839E0,1.174995349839E0)))REPRESENTATION_ITEM('')SURFACE());
#11683=ORIENTED_EDGE('',*,*,#10720,.T.);
#11684=ORIENTED_EDGE('',*,*,#11611,.T.);
#11685=ORIENTED_EDGE('',*,*,#11572,.F.);
#11687=ORIENTED_EDGE('',*,*,#11686,.F.);
#11688=EDGE_LOOP('',(#11683,#11684,#11685,#11687));
#11689=FACE_OUTER_BOUND('',#11688,.F.);
#11690=ADVANCED_FACE('',(#11689),#11682,.T.);
#11691=CARTESIAN_POINT('',(1.723329525689E2,2.999129960731E1,1.631932912907E1));
#11692=CARTESIAN_POINT('',(1.723502526899E2,2.999080435521E1,1.630769209308E1));
#11693=CARTESIAN_POINT('',(1.724849176165E2,2.998678657879E1,1.621746525129E1));
#11694=CARTESIAN_POINT('',(1.727291960769E2,2.997720520718E1,1.605866922143E1));
#11695=CARTESIAN_POINT('',(1.730581130076E2,2.995919608426E1,1.585401256304E1));
#11696=CARTESIAN_POINT('',(1.733588137518E2,2.993826343620E1,1.567309352828E1));
#11697=CARTESIAN_POINT('',(1.735677152365E2,2.992089447364E1,1.555064841109E1));
#11698=CARTESIAN_POINT('',(1.736761644180E2,2.991100541763E1,1.548796198999E1));
#11699=CARTESIAN_POINT('',(1.736939866985E2,2.990935655523E1,1.547768359424E1));
#11700=CARTESIAN_POINT('',(1.725577339329E2,3.007491649979E1,1.679386030846E1));
#11701=CARTESIAN_POINT('',(1.725743010056E2,3.007678427277E1,1.678215438303E1));
#11702=CARTESIAN_POINT('',(1.727032884243E2,3.009113504041E1,1.669123044239E1));
#11703=CARTESIAN_POINT('',(1.729376451582E2,3.011450605640E1,1.652894234703E1));
#11704=CARTESIAN_POINT('',(1.732537450717E2,3.013985368794E1,1.631492124308E1));
#11705=CARTESIAN_POINT('',(1.735431957413E2,3.015780381949E1,1.612146315052E1));
#11706=CARTESIAN_POINT('',(1.737444393331E2,3.016686818341E1,1.598788733844E1));
#11707=CARTESIAN_POINT('',(1.738489189450E2,3.017048845982E1,1.591870044401E1));
#11708=CARTESIAN_POINT('',(1.738660888272E2,3.017105370825E1,1.590733423691E1));
#11709=CARTESIAN_POINT('',(1.727164926265E2,2.969390849403E1,1.712901242212E1));
#11710=CARTESIAN_POINT('',(1.727333897632E2,2.969744511573E1,1.711904762177E1));
#11711=CARTESIAN_POINT('',(1.728649141545E2,2.972487268932E1,1.704158280429E1));
#11712=CARTESIAN_POINT('',(1.731034383854E2,2.977317657898E1,1.690238040020E1));
#11713=CARTESIAN_POINT('',(1.734243036092E2,2.983468344332E1,1.671632310382E1));
#11714=CARTESIAN_POINT('',(1.737177745524E2,2.988803029126E1,1.654569649677E1));
#11715=CARTESIAN_POINT('',(1.739216245882E2,2.992310657201E1,1.642617732224E1));
#11716=CARTESIAN_POINT('',(1.740273969836E2,2.994064925766E1,1.636370687269E1));
#11717=CARTESIAN_POINT('',(1.740447776483E2,2.994351376130E1,1.635342850157E1));
#11718=CARTESIAN_POINT('',(1.726746385972E2,2.917128081483E1,1.704065526235E1));
#11719=CARTESIAN_POINT('',(1.726926490935E2,2.917437731747E1,1.703276553683E1));
#11720=CARTESIAN_POINT('',(1.728327741815E2,2.919850390143E1,1.697150589191E1));
#11721=CARTESIAN_POINT('',(1.730860220751E2,2.924258393496E1,1.686239569648E1));
#11722=CARTESIAN_POINT('',(1.734251950738E2,2.930239798103E1,1.671792372546E1));
#11723=CARTESIAN_POINT('',(1.737345483916E2,2.935764738739E1,1.658614341455E1));
#11724=CARTESIAN_POINT('',(1.739490595566E2,2.939626218451E1,1.649395148568E1));
#11725=CARTESIAN_POINT('',(1.740602911122E2,2.941633742596E1,1.644572043280E1));
#11726=CARTESIAN_POINT('',(1.740785670461E2,2.941963710125E1,1.643778331580E1));
#11727=(BOUNDED_SURFACE()B_SPLINE_SURFACE(3,3,((#11691,#11692,#11693,#11694,
#11695,#11696,#11697,#11698,#11699),(#11700,#11701,#11702,#11703,#11704,#11705,
#11706,#11707,#11708),(#11709,#11710,#11711,#11712,#11713,#11714,#11715,#11716,
#11717),(#11718,#11719,#11720,#11721,#11722,#11723,#11724,#11725,#11726)),
.UNSPECIFIED.,.F.,.F.,.F.)B_SPLINE_SURFACE_WITH_KNOTS((4,4),(4,1,1,1,1,1,4),(
0.E0,1.E0),(-4.222046436840E-2,0.E0,2.860380695593E-1,5.480378909863E-1,
7.860234775368E-1,1.E0,1.042066772083E0),.UNSPECIFIED.)GEOMETRIC_REPRESENTATION_ITEM()RATIONAL_B_SPLINE_SURFACE(((1.268940897288E0,1.268940897288E0,
1.268940897288E0,1.268940897288E0,1.268940897288E0,1.268940897288E0,
1.268940897288E0,1.268940897288E0,1.268940897288E0),(9.103530342373E-1,
9.103530342373E-1,9.103530342373E-1,9.103530342373E-1,9.103530342373E-1,
9.103530342373E-1,9.103530342373E-1,9.103530342373E-1,9.103530342373E-1),(
9.103530342373E-1,9.103530342373E-1,9.103530342373E-1,9.103530342373E-1,
9.103530342373E-1,9.103530342373E-1,9.103530342373E-1,9.103530342373E-1,
9.103530342373E-1),(1.268940897288E0,1.268940897288E0,1.268940897288E0,
1.268940897288E0,1.268940897288E0,1.268940897288E0,1.268940897288E0,
1.268940897288E0,1.268940897288E0)))REPRESENTATION_ITEM('')SURFACE());
#11728=ORIENTED_EDGE('',*,*,#10722,.T.);
#11729=ORIENTED_EDGE('',*,*,#11686,.T.);
#11731=ORIENTED_EDGE('',*,*,#11730,.F.);
#11733=ORIENTED_EDGE('',*,*,#11732,.F.);
#11734=EDGE_LOOP('',(#11728,#11729,#11731,#11733));
#11735=FACE_OUTER_BOUND('',#11734,.F.);
#11736=ADVANCED_FACE('',(#11735),#11727,.T.);
#11737=CARTESIAN_POINT('',(1.717754732602E2,2.517401654746E1,1.845652156786E1));
#11738=CARTESIAN_POINT('',(1.717912500713E2,2.519097104046E1,1.845342695425E1));
#11739=CARTESIAN_POINT('',(1.721761998321E2,2.560500063959E1,1.837631536915E1));
#11740=CARTESIAN_POINT('',(1.728618551175E2,2.635897860956E1,1.816640935368E1));
#11741=CARTESIAN_POINT('',(1.737409308590E2,2.736259244881E1,1.771571292441E1));
#11742=CARTESIAN_POINT('',(1.744132134628E2,2.815458852970E1,1.722383421287E1));
#11743=CARTESIAN_POINT('',(1.747811507936E2,2.859799678645E1,1.687255899611E1));
#11744=CARTESIAN_POINT('',(1.749280494080E2,2.877639867673E1,1.671553909949E1));
#11745=CARTESIAN_POINT('',(1.714783559282E2,2.551637806240E1,1.781121186142E1));
#11746=CARTESIAN_POINT('',(1.714924216109E2,2.553332825132E1,1.780890426926E1));
#11747=CARTESIAN_POINT('',(1.718356917007E2,2.594730336064E1,1.775118431219E1));
#11748=CARTESIAN_POINT('',(1.724503828049E2,2.670329157078E1,1.758433553108E1));
#11749=CARTESIAN_POINT('',(1.732472528857E2,2.771513463091E1,1.720833067308E1));
#11750=CARTESIAN_POINT('',(1.738641778169E2,2.851860369616E1,1.678775047931E1));
#11751=CARTESIAN_POINT('',(1.742061652693E2,2.897150818381E1,1.648231564860E1));
#11752=CARTESIAN_POINT('',(1.743436080407E2,2.915438508152E1,1.634477315574E1));
#11753=CARTESIAN_POINT('',(1.710111255830E2,2.604874960091E1,1.746452412909E1));
#11754=CARTESIAN_POINT('',(1.710242685131E2,2.606569309699E1,1.746345336442E1));
#11755=CARTESIAN_POINT('',(1.713451906690E2,2.647958347475E1,1.743603954208E1));
#11756=CARTESIAN_POINT('',(1.719277343160E2,2.723869760473E1,1.732893061099E1));
#11757=CARTESIAN_POINT('',(1.727039189982E2,2.826333708851E1,1.703965740452E1));
#11758=CARTESIAN_POINT('',(1.733225911069E2,2.908464662376E1,1.668983314893E1));
#11759=CARTESIAN_POINT('',(1.736757031308E2,2.955231773331E1,1.642305203806E1));
#11760=CARTESIAN_POINT('',(1.738197033666E2,2.974215325952E1,1.630041769965E1));
#11761=CARTESIAN_POINT('',(1.704896421433E2,2.663911806955E1,1.750242712893E1));
#11762=CARTESIAN_POINT('',(1.705028795133E2,2.665605414368E1,1.750273629954E1));
#11763=CARTESIAN_POINT('',(1.708263271282E2,2.706985055916E1,1.750902805388E1));
#11764=CARTESIAN_POINT('',(1.714235117026E2,2.783243114888E1,1.746352779425E1));
#11765=CARTESIAN_POINT('',(1.722456606426E2,2.887126110771E1,1.725151932158E1));
#11766=CARTESIAN_POINT('',(1.729227515283E2,2.971235466632E1,1.695436295193E1));
#11767=CARTESIAN_POINT('',(1.733213039942E2,3.019640108398E1,1.670946386475E1));
#11768=CARTESIAN_POINT('',(1.734862489361E2,3.039395331656E1,1.659347163056E1));
#11769=(BOUNDED_SURFACE()B_SPLINE_SURFACE(3,3,((#11737,#11738,#11739,#11740,
#11741,#11742,#11743,#11744),(#11745,#11746,#11747,#11748,#11749,#11750,#11751,
#11752),(#11753,#11754,#11755,#11756,#11757,#11758,#11759,#11760),(#11761,
#11762,#11763,#11764,#11765,#11766,#11767,#11768)),.UNSPECIFIED.,.F.,.F.,.F.)B_SPLINE_SURFACE_WITH_KNOTS((4,4),(4,1,1,1,1,4),(0.E0,1.E0),(-3.214847313746E-3,
0.E0,7.534077869046E-2,1.419493948710E-1,2.008005144535E-1,2.436059317505E-1),
.UNSPECIFIED.)GEOMETRIC_REPRESENTATION_ITEM()RATIONAL_B_SPLINE_SURFACE(((
1.066090049488E0,1.066090049488E0,1.066090049488E0,1.066090049488E0,
1.066090049488E0,1.066090049488E0,1.066090049488E0,1.066090049488E0),(
9.779699835041E-1,9.779699835041E-1,9.779699835041E-1,9.779699835041E-1,
9.779699835041E-1,9.779699835041E-1,9.779699835041E-1,9.779699835041E-1),(
9.779699835041E-1,9.779699835041E-1,9.779699835041E-1,9.779699835041E-1,
9.779699835041E-1,9.779699835041E-1,9.779699835041E-1,9.779699835041E-1),(
1.066090049488E0,1.066090049488E0,1.066090049488E0,1.066090049488E0,
1.066090049488E0,1.066090049488E0,1.066090049488E0,1.066090049488E0)))REPRESENTATION_ITEM('')SURFACE());
#11770=ORIENTED_EDGE('',*,*,#11730,.T.);
#11771=ORIENTED_EDGE('',*,*,#11570,.T.);
#11773=ORIENTED_EDGE('',*,*,#11772,.F.);
#11775=ORIENTED_EDGE('',*,*,#11774,.T.);
#11776=EDGE_LOOP('',(#11770,#11771,#11773,#11775));
#11777=FACE_OUTER_BOUND('',#11776,.F.);
#11778=ADVANCED_FACE('',(#11777),#11769,.F.);
#11779=CARTESIAN_POINT('',(-2.354415484696E2,2.66E1,1.41E1));
#11780=DIRECTION('',(1.E0,0.E0,0.E0));
#11781=DIRECTION('',(0.E0,1.E0,0.E0));
#11782=AXIS2_PLACEMENT_3D('',#11779,#11780,#11781);
#11783=CYLINDRICAL_SURFACE('',#11782,3.4E0);
#11784=ORIENTED_EDGE('',*,*,#11772,.T.);
#11785=ORIENTED_EDGE('',*,*,#11517,.T.);
#11786=ORIENTED_EDGE('',*,*,#11456,.F.);
#11787=EDGE_LOOP('',(#11784,#11785,#11786));
#11788=FACE_OUTER_BOUND('',#11787,.F.);
#11789=ADVANCED_FACE('',(#11788),#11783,.T.);
#11790=CARTESIAN_POINT('',(-2.354415484696E2,2.66E1,1.41E1));
#11791=DIRECTION('',(1.E0,0.E0,0.E0));
#11792=DIRECTION('',(0.E0,1.E0,0.E0));
#11793=AXIS2_PLACEMENT_3D('',#11790,#11791,#11792);
#11794=CYLINDRICAL_SURFACE('',#11793,3.4E0);
#11796=ORIENTED_EDGE('',*,*,#11795,.T.);
#11797=ORIENTED_EDGE('',*,*,#11454,.F.);
#11799=ORIENTED_EDGE('',*,*,#11798,.T.);
#11800=ORIENTED_EDGE('',*,*,#10728,.T.);
#11801=EDGE_LOOP('',(#11796,#11797,#11799,#11800));
#11802=FACE_OUTER_BOUND('',#11801,.F.);
#11803=ADVANCED_FACE('',(#11802),#11794,.T.);
#11804=CARTESIAN_POINT('',(1.634036392287E2,3.000241437906E1,1.405046533588E1));
#11805=CARTESIAN_POINT('',(1.634373643466E2,3.000560448143E1,1.420424216970E1));
#11806=CARTESIAN_POINT('',(1.635204449326E2,2.999110314454E1,1.455080620368E1));
#11807=CARTESIAN_POINT('',(1.636932339171E2,2.989064570853E1,1.512731889044E1));
#11808=CARTESIAN_POINT('',(1.639569926780E2,2.967511455556E1,1.580078043439E1));
#11809=CARTESIAN_POINT('',(1.643437451786E2,2.931868573659E1,1.654531627786E1));
#11810=CARTESIAN_POINT('',(1.648875706891E2,2.879874581777E1,1.733207110579E1));
#11811=CARTESIAN_POINT('',(1.656154962957E2,2.810224050880E1,1.811793924302E1));
#11812=CARTESIAN_POINT('',(1.665507606484E2,2.722185557344E1,1.885433581733E1));
#11813=CARTESIAN_POINT('',(1.677231277593E2,2.614658193276E1,1.948735093772E1));
#11814=CARTESIAN_POINT('',(1.686519914773E2,2.532326779203E1,1.977801819949E1));
#11815=CARTESIAN_POINT('',(1.691806415902E2,2.486452750152E1,1.988161066233E1));
#11816=CARTESIAN_POINT('',(1.692101796030E2,2.483892227276E1,1.988721434015E1));
#11817=CARTESIAN_POINT('',(1.648041049873E2,2.992611231876E1,1.375996042995E1));
#11818=CARTESIAN_POINT('',(1.648272218336E2,2.992923658247E1,1.386263364446E1));
#11819=CARTESIAN_POINT('',(1.648805433568E2,2.991505104571E1,1.409720047569E1));
#11820=CARTESIAN_POINT('',(1.649857179583E2,2.981634173336E1,1.450451883044E1));
#11821=CARTESIAN_POINT('',(1.651511365564E2,2.960364522341E1,1.500424414118E1));
#11822=CARTESIAN_POINT('',(1.654085407693E2,2.925058480595E1,1.558159572196E1));
#11823=CARTESIAN_POINT('',(1.657910898214E2,2.873404410752E1,1.621476535479E1));
#11824=CARTESIAN_POINT('',(1.663260031497E2,2.804057809915E1,1.686809452787E1));
#11825=CARTESIAN_POINT('',(1.670366447355E2,2.716262085917E1,1.750023355656E1));
#11826=CARTESIAN_POINT('',(1.679513285179E2,2.608898126615E1,1.806547720222E1));
#11827=CARTESIAN_POINT('',(1.686924474918E2,2.526606855127E1,1.834399598217E1));
#11828=CARTESIAN_POINT('',(1.691187156433E2,2.480731328228E1,1.845176408986E1));
#11829=CARTESIAN_POINT('',(1.691425462282E2,2.478170641426E1,1.845763407859E1));
#11830=CARTESIAN_POINT('',(1.657912594758E2,3.093871026721E1,1.353260930023E1));
#11831=CARTESIAN_POINT('',(1.658153252641E2,3.094270827007E1,1.364336492032E1));
#11832=CARTESIAN_POINT('',(1.658759671266E2,3.092433177730E1,1.389178523047E1));
#11833=CARTESIAN_POINT('',(1.660042295939E2,3.080242326933E1,1.429863152425E1));
#11834=CARTESIAN_POINT('',(1.661981967590E2,3.055210846044E1,1.476494858213E1));
#11835=CARTESIAN_POINT('',(1.664770571984E2,3.015434628220E1,1.527116703919E1));
#11836=CARTESIAN_POINT('',(1.668614628356E2,2.959269482818E1,1.579745543345E1));
#11837=CARTESIAN_POINT('',(1.673674470203E2,2.885889452814E1,1.631534089056E1));
#11838=CARTESIAN_POINT('',(1.680088106661E2,2.794871955568E1,1.679316481928E1));
#11839=CARTESIAN_POINT('',(1.688038325661E2,2.685339465954E1,1.719573274313E1));
#11840=CARTESIAN_POINT('',(1.694275839890E2,2.602515465743E1,1.737348547492E1));
#11841=CARTESIAN_POINT('',(1.697809109777E2,2.556659816650E1,1.743365341627E1));
#11842=CARTESIAN_POINT('',(1.698006480117E2,2.554101305288E1,1.743689298093E1));
#11843=CARTESIAN_POINT('',(1.657104445359E2,3.236867654853E1,1.351918598827E1));
#11844=CARTESIAN_POINT('',(1.657463871633E2,3.237390842465E1,1.369184997329E1));
#11845=CARTESIAN_POINT('',(1.658465740865E2,3.234961356535E1,1.407078713536E1));
#11846=CARTESIAN_POINT('',(1.660733153266E2,3.219494371560E1,1.464619669919E1));
#11847=CARTESIAN_POINT('',(1.664037870355E2,3.189150525667E1,1.524158906966E1));
#11848=CARTESIAN_POINT('',(1.668406789394E2,3.143061633526E1,1.581989939401E1));
#11849=CARTESIAN_POINT('',(1.673888429606E2,3.080526056550E1,1.635689168606E1));
#11850=CARTESIAN_POINT('',(1.680491662791E2,3.001450115632E1,1.682625183343E1));
#11851=CARTESIAN_POINT('',(1.688225403489E2,2.905882908287E1,1.720204133382E1));
#11852=CARTESIAN_POINT('',(1.697152788216E2,2.793288072725E1,1.745491208695E1));
#11853=CARTESIAN_POINT('',(1.703698753478E2,2.709711765921E1,1.751010693038E1));
#11854=CARTESIAN_POINT('',(1.707280748739E2,2.663884187784E1,1.750246623002E1));
#11855=CARTESIAN_POINT('',(1.707480469829E2,2.661328748526E1,1.750192307237E1));
#11856=(BOUNDED_SURFACE()B_SPLINE_SURFACE(3,3,((#11804,#11805,#11806,#11807,
#11808,#11809,#11810,#11811,#11812,#11813,#11814,#11815,#11816),(#11817,#11818,
#11819,#11820,#11821,#11822,#11823,#11824,#11825,#11826,#11827,#11828,#11829),(
#11830,#11831,#11832,#11833,#11834,#11835,#11836,#11837,#11838,#11839,#11840,
#11841,#11842),(#11843,#11844,#11845,#11846,#11847,#11848,#11849,#11850,#11851,
#11852,#11853,#11854,#11855)),.UNSPECIFIED.,.F.,.F.,.F.)B_SPLINE_SURFACE_WITH_KNOTS((4,4),(4,1,1,1,1,1,1,1,1,1,4),(0.E0,1.E0),(5.315774495361E-1,
5.589571776175E-1,5.925127083777E-1,6.307348786911E-1,6.744936014591E-1,
7.246145874247E-1,7.816591362356E-1,8.457271831094E-1,9.178922434296E-1,1.E0,
1.004848050595E0),.UNSPECIFIED.)GEOMETRIC_REPRESENTATION_ITEM()RATIONAL_B_SPLINE_SURFACE(((1.198745036033E0,1.198745036033E0,1.198745036033E0,1.198745036033E0,
1.198745036033E0,1.198745036033E0,1.198745036033E0,1.198745036033E0,
1.198745036033E0,1.198745036033E0,1.198745036033E0,1.198745036033E0,
1.198745036033E0),(9.337516546556E-1,9.337516546556E-1,9.337516546556E-1,
9.337516546556E-1,9.337516546556E-1,9.337516546556E-1,9.337516546556E-1,
9.337516546556E-1,9.337516546556E-1,9.337516546556E-1,9.337516546556E-1,
9.337516546556E-1,9.337516546556E-1),(9.337516546556E-1,9.337516546556E-1,
9.337516546556E-1,9.337516546556E-1,9.337516546556E-1,9.337516546556E-1,
9.337516546556E-1,9.337516546556E-1,9.337516546556E-1,9.337516546556E-1,
9.337516546556E-1,9.337516546556E-1,9.337516546556E-1),(1.198745036033E0,
1.198745036033E0,1.198745036033E0,1.198745036033E0,1.198745036033E0,
1.198745036033E0,1.198745036033E0,1.198745036033E0,1.198745036033E0,
1.198745036033E0,1.198745036033E0,1.198745036033E0,1.198745036033E0)))REPRESENTATION_ITEM('')SURFACE());
#11858=ORIENTED_EDGE('',*,*,#11857,.T.);
#11860=ORIENTED_EDGE('',*,*,#11859,.T.);
#11861=ORIENTED_EDGE('',*,*,#11795,.F.);
#11862=EDGE_LOOP('',(#11858,#11860,#11861));
#11863=FACE_OUTER_BOUND('',#11862,.F.);
#11864=ADVANCED_FACE('',(#11863),#11856,.F.);
#11865=CARTESIAN_POINT('',(1.635525781252E2,2.998972703221E1,1.396702652182E1));
#11866=CARTESIAN_POINT('',(1.635689975538E2,2.998972914979E1,1.397800142267E1));
#11867=CARTESIAN_POINT('',(1.636555776468E2,2.998973830058E1,1.403486090035E1));
#11868=CARTESIAN_POINT('',(1.638203774755E2,2.998973854464E1,1.413444406536E1));
#11869=CARTESIAN_POINT('',(1.640558806887E2,2.998973845285E1,1.426635690309E1));
#11870=CARTESIAN_POINT('',(1.643135513031E2,2.998973848080E1,1.440020499862E1));
#11871=CARTESIAN_POINT('',(1.646003815304E2,2.998973847225E1,1.453829680608E1));
#11872=CARTESIAN_POINT('',(1.649168537445E2,2.998973847484E1,1.468092878057E1));
#11873=CARTESIAN_POINT('',(1.652651877060E2,2.998973847405E1,1.482927415268E1));
#11874=CARTESIAN_POINT('',(1.656495312990E2,2.998973847429E1,1.498564709480E1));
#11875=CARTESIAN_POINT('',(1.660723038609E2,2.998973847422E1,1.515235020358E1));
#11876=CARTESIAN_POINT('',(1.665355197732E2,2.998973847424E1,1.533195377553E1));
#11877=CARTESIAN_POINT('',(1.670411221916E2,2.998973847423E1,1.552815013542E1));
#11878=CARTESIAN_POINT('',(1.675923688919E2,2.998973847423E1,1.574646607748E1));
#11879=CARTESIAN_POINT('',(1.681958777338E2,2.998973847424E1,1.599603856270E1));
#11880=CARTESIAN_POINT('',(1.686330231978E2,2.998973847422E1,1.619042415761E1));
#11881=CARTESIAN_POINT('',(1.688700023640E2,2.998973847422E1,1.630212507862E1));
#11882=CARTESIAN_POINT('',(1.688886933155E2,2.998973847422E1,1.631097585361E1));
#11883=CARTESIAN_POINT('',(1.632605902652E2,3.008048569669E1,1.440215439855E1));
#11884=CARTESIAN_POINT('',(1.632799132761E2,3.008047865113E1,1.441500390231E1));
#11885=CARTESIAN_POINT('',(1.633800952741E2,3.008044819274E1,1.448059062285E1));
#11886=CARTESIAN_POINT('',(1.635573589481E2,3.008044736606E1,1.458766187959E1));
#11887=CARTESIAN_POINT('',(1.638072264226E2,3.008044767699E1,1.472760584592E1));
#11888=CARTESIAN_POINT('',(1.640797433242E2,3.008044758230E1,1.486915176296E1));
#11889=CARTESIAN_POINT('',(1.643797931950E2,3.008044761127E1,1.501357229487E1));
#11890=CARTESIAN_POINT('',(1.647070045127E2,3.008044760250E1,1.516102439745E1));
#11891=CARTESIAN_POINT('',(1.650645176448E2,3.008044760516E1,1.531326306666E1));
#11892=CARTESIAN_POINT('',(1.654551867712E2,3.008044760435E1,1.547219528097E1));
#11893=CARTESIAN_POINT('',(1.658820337288E2,3.008044760460E1,1.564049942783E1));
#11894=CARTESIAN_POINT('',(1.663465870532E2,3.008044760452E1,1.582061877672E1));
#11895=CARTESIAN_POINT('',(1.668503398023E2,3.008044760454E1,1.601609990105E1));
#11896=CARTESIAN_POINT('',(1.673964570277E2,3.008044760455E1,1.623239611866E1));
#11897=CARTESIAN_POINT('',(1.679899357866E2,3.008044760449E1,1.647784482934E1));
#11898=CARTESIAN_POINT('',(1.684164871155E2,3.008044760466E1,1.666755943009E1));
#11899=CARTESIAN_POINT('',(1.686463143671E2,3.008044760466E1,1.677589066188E1));
#11900=CARTESIAN_POINT('',(1.686644322096E2,3.008044760466E1,1.678447024895E1));
#11901=CARTESIAN_POINT('',(1.630510671306E2,2.970454142007E1,1.471446463418E1));
#11902=CARTESIAN_POINT('',(1.630724718424E2,2.970452657135E1,1.472864820845E1));
#11903=CARTESIAN_POINT('',(1.631824065087E2,2.970446250042E1,1.480045050237E1));
#11904=CARTESIAN_POINT('',(1.633686143564E2,2.970446090537E1,1.491289528483E1));
#11905=CARTESIAN_POINT('',(1.636287897611E2,2.970446150528E1,1.505860246526E1));
#11906=CARTESIAN_POINT('',(1.639119604994E2,2.970446132258E1,1.520567241208E1));
#11907=CARTESIAN_POINT('',(1.642214969117E2,2.970446137849E1,1.535463449673E1));
#11908=CARTESIAN_POINT('',(1.645564147121E2,2.970446136157E1,1.550554556897E1));
#11909=CARTESIAN_POINT('',(1.649205149042E2,2.970446136670E1,1.566057810513E1));
#11910=CARTESIAN_POINT('',(1.653157232934E2,2.970446136513E1,1.582134687746E1));
#11911=CARTESIAN_POINT('',(1.657454940761E2,2.970446136561E1,1.599079994445E1));
#11912=CARTESIAN_POINT('',(1.662110071401E2,2.970446136546E1,1.617128941976E1));
#11913=CARTESIAN_POINT('',(1.667134325490E2,2.970446136552E1,1.636625728426E1));
#11914=CARTESIAN_POINT('',(1.672558688145E2,2.970446136546E1,1.658110412843E1));
#11915=CARTESIAN_POINT('',(1.678421498906E2,2.970446136567E1,1.682359357936E1));
#11916=CARTESIAN_POINT('',(1.682610987676E2,2.970446136507E1,1.700995623037E1));
#11917=CARTESIAN_POINT('',(1.684857937374E2,2.970446136507E1,1.711586934119E1));
#11918=CARTESIAN_POINT('',(1.685035003113E2,2.970446136507E1,1.712425432125E1));
#11919=CARTESIAN_POINT('',(1.631016464910E2,2.918062703797E1,1.463917456494E1));
#11920=CARTESIAN_POINT('',(1.631225461161E2,2.918061236174E1,1.465302062651E1));
#11921=CARTESIAN_POINT('',(1.632301157129E2,2.918054917226E1,1.472325714091E1));
#11922=CARTESIAN_POINT('',(1.634141650192E2,2.918054776264E1,1.483440510392E1));
#11923=CARTESIAN_POINT('',(1.636718527603E2,2.918054829281E1,1.497872141948E1));
#11924=CARTESIAN_POINT('',(1.639524523556E2,2.918054813136E1,1.512445822496E1));
#11925=CARTESIAN_POINT('',(1.642596993341E2,2.918054818077E1,1.527232427430E1));
#11926=CARTESIAN_POINT('',(1.645927572910E2,2.918054816581E1,1.542240057634E1));
#11927=CARTESIAN_POINT('',(1.649552677955E2,2.918054817034E1,1.557675885482E1));
#11928=CARTESIAN_POINT('',(1.653493807020E2,2.918054816896E1,1.573708440155E1));
#11929=CARTESIAN_POINT('',(1.657784458635E2,2.918054816938E1,1.590626019398E1));
#11930=CARTESIAN_POINT('',(1.662437273088E2,2.918054816925E1,1.608666034486E1));
#11931=CARTESIAN_POINT('',(1.667464730513E2,2.918054816932E1,1.628175207688E1));
#11932=CARTESIAN_POINT('',(1.672897976610E2,2.918054816917E1,1.649694870549E1));
#11933=CARTESIAN_POINT('',(1.678778157893E2,2.918054816975E1,1.674015232917E1));
#11934=CARTESIAN_POINT('',(1.682985994036E2,2.918054816809E1,1.692732392272E1));
#11935=CARTESIAN_POINT('',(1.685245329722E2,2.918054816809E1,1.703382061060E1));
#11936=CARTESIAN_POINT('',(1.685423387996E2,2.918054816809E1,1.704225255613E1));
#11937=(BOUNDED_SURFACE()B_SPLINE_SURFACE(3,3,((#11865,#11866,#11867,#11868,
#11869,#11870,#11871,#11872,#11873,#11874,#11875,#11876,#11877,#11878,#11879,
#11880,#11881,#11882),(#11883,#11884,#11885,#11886,#11887,#11888,#11889,#11890,
#11891,#11892,#11893,#11894,#11895,#11896,#11897,#11898,#11899,#11900),(#11901,
#11902,#11903,#11904,#11905,#11906,#11907,#11908,#11909,#11910,#11911,#11912,
#11913,#11914,#11915,#11916,#11917,#11918),(#11919,#11920,#11921,#11922,#11923,
#11924,#11925,#11926,#11927,#11928,#11929,#11930,#11931,#11932,#11933,#11934,
#11935,#11936)),.UNSPECIFIED.,.F.,.F.,.F.)B_SPLINE_SURFACE_WITH_KNOTS((4,4),(4,
1,1,1,1,1,1,1,1,1,1,1,1,1,1,4),(0.E0,1.E0),(-1.077241472058E-2,0.E0,
4.553087609773E-2,9.230049292461E-2,1.442664668669E-1,2.009185070915E-1,
2.623228389676E-1,3.289915426617E-1,4.018799254379E-1,4.815697523759E-1,
5.682358819251E-1,6.623514044819E-1,7.646423384904E-1,8.764340633511E-1,1.E0,
1.010586185254E0),.UNSPECIFIED.)GEOMETRIC_REPRESENTATION_ITEM()RATIONAL_B_SPLINE_SURFACE(((1.268962808774E0,1.268962808774E0,1.268962808774E0,1.268962808774E0,
1.268962808774E0,1.268962808774E0,1.268962808774E0,1.268962808774E0,
1.268962808774E0,1.268962808774E0,1.268962808774E0,1.268962808774E0,
1.268962808774E0,1.268962808774E0,1.268962808774E0,1.268962808774E0,
1.268962808774E0,1.268962808774E0),(9.103457304086E-1,9.103457304086E-1,
9.103457304086E-1,9.103457304086E-1,9.103457304086E-1,9.103457304086E-1,
9.103457304086E-1,9.103457304086E-1,9.103457304086E-1,9.103457304086E-1,
9.103457304086E-1,9.103457304086E-1,9.103457304086E-1,9.103457304086E-1,
9.103457304086E-1,9.103457304086E-1,9.103457304086E-1,9.103457304086E-1),(
9.103457304086E-1,9.103457304086E-1,9.103457304086E-1,9.103457304086E-1,
9.103457304086E-1,9.103457304086E-1,9.103457304086E-1,9.103457304086E-1,
9.103457304086E-1,9.103457304086E-1,9.103457304086E-1,9.103457304086E-1,
9.103457304086E-1,9.103457304086E-1,9.103457304086E-1,9.103457304086E-1,
9.103457304086E-1,9.103457304086E-1),(1.268962808774E0,1.268962808774E0,
1.268962808774E0,1.268962808774E0,1.268962808774E0,1.268962808774E0,
1.268962808774E0,1.268962808774E0,1.268962808774E0,1.268962808774E0,
1.268962808774E0,1.268962808774E0,1.268962808774E0,1.268962808774E0,
1.268962808774E0,1.268962808774E0,1.268962808774E0,1.268962808774E0)))REPRESENTATION_ITEM('')SURFACE());
#11938=ORIENTED_EDGE('',*,*,#10726,.T.);
#11940=ORIENTED_EDGE('',*,*,#11939,.T.);
#11941=ORIENTED_EDGE('',*,*,#11857,.F.);
#11942=EDGE_LOOP('',(#11938,#11940,#11941));
#11943=FACE_OUTER_BOUND('',#11942,.F.);
#11944=ADVANCED_FACE('',(#11943),#11937,.T.);
#11945=CARTESIAN_POINT('',(1.706087361687E2,2.93E1,1.25E1));
#11946=DIRECTION('',(0.E0,1.E0,0.E0));
#11947=DIRECTION('',(-5.634251765723E-1,0.E0,8.261670959343E-1));
#11948=AXIS2_PLACEMENT_3D('',#11945,#11946,#11947);
#11949=TOROIDAL_SURFACE('',#11948,4.3E0,7.E-1);
#11950=ORIENTED_EDGE('',*,*,#10724,.T.);
#11951=ORIENTED_EDGE('',*,*,#11732,.T.);
#11953=ORIENTED_EDGE('',*,*,#11952,.F.);
#11954=ORIENTED_EDGE('',*,*,#11939,.F.);
#11955=EDGE_LOOP('',(#11950,#11951,#11953,#11954));
#11956=FACE_OUTER_BOUND('',#11955,.F.);
#11957=ADVANCED_FACE('',(#11956),#11949,.T.);
#11958=CARTESIAN_POINT('',(1.706087361687E2,3.E1,1.25E1));
#11959=DIRECTION('',(0.E0,1.E0,0.E0));
#11960=DIRECTION('',(-1.E0,0.E0,0.E0));
#11961=AXIS2_PLACEMENT_3D('',#11958,#11959,#11960);
#11962=CYLINDRICAL_SURFACE('',#11961,5.E0);
#11963=ORIENTED_EDGE('',*,*,#11952,.T.);
#11964=ORIENTED_EDGE('',*,*,#11774,.F.);
#11965=ORIENTED_EDGE('',*,*,#11859,.F.);
#11966=EDGE_LOOP('',(#11963,#11964,#11965));
#11967=FACE_OUTER_BOUND('',#11966,.F.);
#11968=ADVANCED_FACE('',(#11967),#11962,.T.);
#11969=CARTESIAN_POINT('',(7.77E1,3.E1,1.75E1));
#11970=DIRECTION('',(1.E0,0.E0,0.E0));
#11971=DIRECTION('',(0.E0,0.E0,-1.E0));
#11972=AXIS2_PLACEMENT_3D('',#11969,#11970,#11971);
#11973=PLANE('',#11972);
#11975=ORIENTED_EDGE('',*,*,#11974,.F.);
#11976=ORIENTED_EDGE('',*,*,#10730,.T.);
#11977=ORIENTED_EDGE('',*,*,#11798,.F.);
#11978=ORIENTED_EDGE('',*,*,#11452,.T.);
#11980=ORIENTED_EDGE('',*,*,#11979,.T.);
#11981=ORIENTED_EDGE('',*,*,#11317,.F.);
#11982=EDGE_LOOP('',(#11975,#11976,#11977,#11978,#11980,#11981));
#11983=FACE_OUTER_BOUND('',#11982,.F.);
#11984=ORIENTED_EDGE('',*,*,#11086,.T.);
#11985=ORIENTED_EDGE('',*,*,#11225,.T.);
#11986=EDGE_LOOP('',(#11984,#11985));
#11987=FACE_BOUND('',#11986,.F.);
#11988=ADVANCED_FACE('',(#11983,#11987),#11973,.F.);
#11989=CARTESIAN_POINT('',(1.750271721687E2,2.66E1,-1.41E1));
#11990=DIRECTION('',(-1.E0,0.E0,0.E0));
#11991=DIRECTION('',(0.E0,1.E0,0.E0));
#11992=AXIS2_PLACEMENT_3D('',#11989,#11990,#11991);
#11993=CYLINDRICAL_SURFACE('',#11992,3.4E0);
#11995=ORIENTED_EDGE('',*,*,#11994,.F.);
#11996=ORIENTED_EDGE('',*,*,#10732,.T.);
#11997=ORIENTED_EDGE('',*,*,#11974,.T.);
#11998=ORIENTED_EDGE('',*,*,#11315,.F.);
#12000=ORIENTED_EDGE('',*,*,#11999,.F.);
#12001=ORIENTED_EDGE('',*,*,#10714,.T.);
#12002=EDGE_LOOP('',(#11995,#11996,#11997,#11998,#12000,#12001));
#12003=FACE_OUTER_BOUND('',#12002,.F.);
#12004=ADVANCED_FACE('',(#12003),#11993,.T.);
#12005=CARTESIAN_POINT('',(1.684600720092E2,3.008185185115E1,
-1.403003100174E1));
#12006=CARTESIAN_POINT('',(1.688795873316E2,2.945915168069E1,
-1.359300502867E1));
#12007=CARTESIAN_POINT('',(1.692991026541E2,2.883645151022E1,
-1.315597905561E1));
#12008=CARTESIAN_POINT('',(1.697186179766E2,2.821375133976E1,
-1.271895308254E1));
#12009=CARTESIAN_POINT('',(1.684836819736E2,3.008389584292E1,
-1.407446936245E1));
#12010=CARTESIAN_POINT('',(1.688989997652E2,2.946083012157E1,
-1.362565865715E1));
#12011=CARTESIAN_POINT('',(1.693143175567E2,2.883776440023E1,
-1.317684795185E1));
#12012=CARTESIAN_POINT('',(1.697296353483E2,2.821469867888E1,
-1.272803724655E1));
#12013=CARTESIAN_POINT('',(1.686164885333E2,3.008902030672E1,
-1.431412087226E1));
#12014=CARTESIAN_POINT('',(1.690074651652E2,2.946503811775E1,
-1.380121990732E1));
#12015=CARTESIAN_POINT('',(1.693984417971E2,2.884105592878E1,
-1.328831894238E1));
#12016=CARTESIAN_POINT('',(1.697894184290E2,2.821707373981E1,
-1.277541797744E1));
#12017=CARTESIAN_POINT('',(1.689104675207E2,3.004874582982E1,
-1.475350579741E1));
#12018=CARTESIAN_POINT('',(1.692423540027E2,2.943196639522E1,
-1.411920927287E1));
#12019=CARTESIAN_POINT('',(1.695742404847E2,2.881518696062E1,
-1.348491274834E1));
#12020=CARTESIAN_POINT('',(1.699061269667E2,2.819840752602E1,
-1.285061622380E1));
#12021=CARTESIAN_POINT('',(1.693013058848E2,2.994653087638E1,
-1.517062411181E1));
#12022=CARTESIAN_POINT('',(1.695572729962E2,2.934803173389E1,
-1.442282073939E1));
#12023=CARTESIAN_POINT('',(1.698132401075E2,2.874953259141E1,
-1.367501736698E1));
#12024=CARTESIAN_POINT('',(1.700692072189E2,2.815103344892E1,
-1.292721399456E1));
#12025=CARTESIAN_POINT('',(1.696949797776E2,2.984303408935E1,
-1.546522610307E1));
#12026=CARTESIAN_POINT('',(1.698737588332E2,2.926304448422E1,
-1.463678968451E1));
#12027=CARTESIAN_POINT('',(1.700525378887E2,2.868305487910E1,
-1.380835326596E1));
#12028=CARTESIAN_POINT('',(1.702313169442E2,2.810306527397E1,
-1.297991684740E1));
#12029=CARTESIAN_POINT('',(1.700811355087E2,2.976510816036E1,
-1.564393128616E1));
#12030=CARTESIAN_POINT('',(1.701843892033E2,2.919905495786E1,
-1.476669476908E1));
#12031=CARTESIAN_POINT('',(1.702876428979E2,2.863300175535E1,
-1.388945825199E1));
#12032=CARTESIAN_POINT('',(1.703908965925E2,2.806694855285E1,
-1.301222173491E1));
#12033=CARTESIAN_POINT('',(1.704458257524E2,2.972743669582E1,
-1.572227518045E1));
#12034=CARTESIAN_POINT('',(1.704777024970E2,2.916812072062E1,
-1.482362124719E1));
#12035=CARTESIAN_POINT('',(1.705095792416E2,2.860880474543E1,
-1.392496731394E1));
#12036=CARTESIAN_POINT('',(1.705414559862E2,2.804948877024E1,
-1.302631338069E1));
#12037=CARTESIAN_POINT('',(1.707978801035E2,2.972882752256E1,
-1.571946578055E1));
#12038=CARTESIAN_POINT('',(1.707608695970E2,2.916926280960E1,
-1.482157983249E1));
#12039=CARTESIAN_POINT('',(1.707238590905E2,2.860969809664E1,
-1.392369388442E1));
#12040=CARTESIAN_POINT('',(1.706868485840E2,2.805013338369E1,
-1.302580793636E1));
#12041=CARTESIAN_POINT('',(1.711640388166E2,2.976956666544E1,
-1.563435222446E1));
#12042=CARTESIAN_POINT('',(1.710553650944E2,2.920271609648E1,
-1.475973254436E1));
#12043=CARTESIAN_POINT('',(1.709466913722E2,2.863586552752E1,
-1.388511286426E1));
#12044=CARTESIAN_POINT('',(1.708380176500E2,2.806901495855E1,
-1.301049318416E1));
#12045=CARTESIAN_POINT('',(1.715496749910E2,2.984960173785E1,
-1.544869401378E1));
#12046=CARTESIAN_POINT('',(1.713655731954E2,2.926843756355E1,
-1.462477822585E1));
#12047=CARTESIAN_POINT('',(1.711814713999E2,2.868727338926E1,
-1.380086243793E1));
#12048=CARTESIAN_POINT('',(1.709973696044E2,2.810610921496E1,-1.297694665E1));
#12049=CARTESIAN_POINT('',(1.719462696894E2,2.995495725880E1,
-1.514365838873E1));
#12050=CARTESIAN_POINT('',(1.716844247094E2,2.935495112808E1,
-1.440321285113E1));
#12051=CARTESIAN_POINT('',(1.714225797294E2,2.875494499736E1,
-1.366276731354E1));
#12052=CARTESIAN_POINT('',(1.711607347494E2,2.815493886664E1,
-1.292232177595E1));
#12053=CARTESIAN_POINT('',(1.723329710015E2,3.005371086471E1,
-1.471786985578E1));
#12054=CARTESIAN_POINT('',(1.719959548553E2,2.943604347502E1,
-1.409335255164E1));
#12055=CARTESIAN_POINT('',(1.716589387091E2,2.881837608533E1,
-1.346883524749E1));
#12056=CARTESIAN_POINT('',(1.713219225629E2,2.820070869564E1,
-1.284431794335E1));
#12057=CARTESIAN_POINT('',(1.726055382815E2,3.008857450506E1,
-1.430533590190E1));
#12058=CARTESIAN_POINT('',(1.722137872088E2,2.946467204400E1,
-1.379473641008E1));
#12059=CARTESIAN_POINT('',(1.718220361360E2,2.884076958294E1,
-1.328413691826E1));
#12060=CARTESIAN_POINT('',(1.714302850633E2,2.821686712188E1,
-1.277353742643E1));
#12061=CARTESIAN_POINT('',(1.727329752324E2,3.008396839590E1,
-1.407603620466E1));
#12062=CARTESIAN_POINT('',(1.723177787546E2,2.946088969906E1,
-1.362682976085E1));
#12063=CARTESIAN_POINT('',(1.719025822768E2,2.883781100221E1,
-1.317762331704E1));
#12064=CARTESIAN_POINT('',(1.714873857990E2,2.821473230537E1,
-1.272841687323E1));
#12065=CARTESIAN_POINT('',(1.727565110224E2,3.008209883298E1,
-1.403207977647E1));
#12066=CARTESIAN_POINT('',(1.723371061862E2,2.945935449187E1,
-1.359454788324E1));
#12067=CARTESIAN_POINT('',(1.719177013501E2,2.883661015077E1,
-1.315701599001E1));
#12068=CARTESIAN_POINT('',(1.714982965140E2,2.821386580967E1,
-1.271948409678E1));
#12069=B_SPLINE_SURFACE_WITH_KNOTS('',3,3,((#12005,#12006,#12007,#12008),
(#12009,#12010,#12011,#12012),(#12013,#12014,#12015,#12016),(#12017,#12018,
#12019,#12020),(#12021,#12022,#12023,#12024),(#12025,#12026,#12027,#12028),(
#12029,#12030,#12031,#12032),(#12033,#12034,#12035,#12036),(#12037,#12038,
#12039,#12040),(#12041,#12042,#12043,#12044),(#12045,#12046,#12047,#12048),(
#12049,#12050,#12051,#12052),(#12053,#12054,#12055,#12056),(#12057,#12058,
#12059,#12060),(#12061,#12062,#12063,#12064),(#12065,#12066,#12067,#12068)),
.UNSPECIFIED.,.F.,.F.,.F.,(4,1,1,1,1,1,1,1,1,1,1,1,1,4),(4,4),(
-2.096648667736E-2,0.E0,9.090909090909E-2,1.818181818182E-1,2.727272727273E-1,
3.636363636364E-1,4.545454545455E-1,5.454545454545E-1,6.363636363636E-1,
7.272727272727E-1,8.181818181818E-1,9.090909090909E-1,1.E0,1.021706388166E0),(
-4.991541964698E-2,1.049915419647E0),.UNSPECIFIED.);
#12070=ORIENTED_EDGE('',*,*,#11994,.T.);
#12072=ORIENTED_EDGE('',*,*,#12071,.T.);
#12074=ORIENTED_EDGE('',*,*,#12073,.F.);
#12076=ORIENTED_EDGE('',*,*,#12075,.F.);
#12077=EDGE_LOOP('',(#12070,#12072,#12074,#12076));
#12078=FACE_OUTER_BOUND('',#12077,.F.);
#12079=ADVANCED_FACE('',(#12078),#12069,.F.);
#12080=CARTESIAN_POINT('',(1.706087361687E2,2.914999999539E1,
-1.174761279373E1));
#12081=DIRECTION('',(0.E0,1.E0,0.E0));
#12082=DIRECTION('',(0.E0,0.E0,-1.E0));
#12083=AXIS2_PLACEMENT_3D('',#12080,#12081,#12082);
#12084=CONICAL_SURFACE('',#12083,2.249999995389E0,4.5E1);
#12085=ORIENTED_EDGE('',*,*,#10712,.T.);
#12086=ORIENTED_EDGE('',*,*,#12075,.T.);
#12088=ORIENTED_EDGE('',*,*,#12087,.F.);
#12090=ORIENTED_EDGE('',*,*,#12089,.F.);
#12092=ORIENTED_EDGE('',*,*,#12091,.F.);
#12093=ORIENTED_EDGE('',*,*,#12071,.F.);
#12094=EDGE_LOOP('',(#12085,#12086,#12088,#12090,#12092,#12093));
#12095=FACE_OUTER_BOUND('',#12094,.F.);
#12096=ADVANCED_FACE('',(#12095),#12084,.F.);
#12097=CARTESIAN_POINT('',(1.706087361687E2,3.E1,-1.174761279373E1));
#12098=DIRECTION('',(0.E0,1.E0,0.E0));
#12099=DIRECTION('',(-1.E0,0.E0,0.E0));
#12100=AXIS2_PLACEMENT_3D('',#12097,#12098,#12099);
#12101=CYLINDRICAL_SURFACE('',#12100,1.4E0);
#12102=ORIENTED_EDGE('',*,*,#12087,.T.);
#12103=ORIENTED_EDGE('',*,*,#12073,.T.);
#12104=ORIENTED_EDGE('',*,*,#12091,.T.);
#12106=ORIENTED_EDGE('',*,*,#12105,.T.);
#12108=ORIENTED_EDGE('',*,*,#12107,.T.);
#12110=ORIENTED_EDGE('',*,*,#12109,.F.);
#12111=EDGE_LOOP('',(#12102,#12103,#12104,#12106,#12108,#12110));
#12112=FACE_OUTER_BOUND('',#12111,.F.);
#12113=ADVANCED_FACE('',(#12112),#12101,.F.);
#12114=CARTESIAN_POINT('',(1.706087361687E2,3.E1,-1.174761279373E1));
#12115=DIRECTION('',(0.E0,1.E0,0.E0));
#12116=DIRECTION('',(-1.E0,0.E0,0.E0));
#12117=AXIS2_PLACEMENT_3D('',#12114,#12115,#12116);
#12118=CYLINDRICAL_SURFACE('',#12117,1.4E0);
#12119=ORIENTED_EDGE('',*,*,#12089,.T.);
#12120=ORIENTED_EDGE('',*,*,#12109,.T.);
#12122=ORIENTED_EDGE('',*,*,#12121,.T.);
#12123=ORIENTED_EDGE('',*,*,#12105,.F.);
#12124=EDGE_LOOP('',(#12119,#12120,#12122,#12123));
#12125=FACE_OUTER_BOUND('',#12124,.F.);
#12126=ADVANCED_FACE('',(#12125),#12118,.F.);
#12127=CARTESIAN_POINT('',(0.E0,2.2E0,0.E0));
#12128=DIRECTION('',(0.E0,1.E0,0.E0));
#12129=DIRECTION('',(-1.E0,0.E0,0.E0));
#12130=AXIS2_PLACEMENT_3D('',#12127,#12128,#12129);
#12131=PLANE('',#12130);
#12132=ORIENTED_EDGE('',*,*,#12121,.F.);
#12133=ORIENTED_EDGE('',*,*,#12107,.F.);
#12134=EDGE_LOOP('',(#12132,#12133));
#12135=FACE_OUTER_BOUND('',#12134,.F.);
#12136=ADVANCED_FACE('',(#12135),#12131,.T.);
#12137=CARTESIAN_POINT('',(1.805993721492E2,2.648002011474E1,
-1.141021507153E1));
#12138=CARTESIAN_POINT('',(1.806735608725E2,2.858370621481E1,
-1.140650239231E1));
#12139=CARTESIAN_POINT('',(1.791869634540E2,3.007216396669E1,
-1.148089724774E1));
#12140=CARTESIAN_POINT('',(1.770859066241E2,2.999788240337E1,
-1.158604193395E1));
#12141=CARTESIAN_POINT('',(1.807829043547E2,2.648002011474E1,
-1.507765284411E1));
#12142=CARTESIAN_POINT('',(1.808594444639E2,2.858370621481E1,
-1.512092680452E1));
#12143=CARTESIAN_POINT('',(1.793257298542E2,3.007216396669E1,
-1.425380098009E1));
#12144=CARTESIAN_POINT('',(1.771580807544E2,2.999788240337E1,
-1.302826364686E1));
#12145=CARTESIAN_POINT('',(1.781863890073E2,2.648002011474E1,
-1.767416818910E1));
#12146=CARTESIAN_POINT('',(1.782296629676E2,2.858370621481E1,
-1.775070829837E1));
#12147=CARTESIAN_POINT('',(1.773625371446E2,3.007216396669E1,
-1.621699368785E1));
#12148=CARTESIAN_POINT('',(1.761369998134E2,2.999788240337E1,
-1.404934458693E1));
#12149=CARTESIAN_POINT('',(1.745189512349E2,2.648002011474E1,
-1.749063598022E1));
#12150=CARTESIAN_POINT('',(1.745152385556E2,2.858370621481E1,
-1.756482470350E1));
#12151=CARTESIAN_POINT('',(1.745896334124E2,3.007216396669E1,
-1.607822728509E1));
#12152=CARTESIAN_POINT('',(1.746947781006E2,2.999788240337E1,
-1.397717045526E1));
#12153=(BOUNDED_SURFACE()B_SPLINE_SURFACE(3,3,((#12137,#12138,#12139,#12140),(
#12141,#12142,#12143,#12144),(#12145,#12146,#12147,#12148),(#12149,#12150,
#12151,#12152)),.UNSPECIFIED.,.F.,.F.,.F.)B_SPLINE_SURFACE_WITH_KNOTS((4,4),(4,
4),(0.E0,1.E0),(0.E0,1.E0),.UNSPECIFIED.)GEOMETRIC_REPRESENTATION_ITEM()RATIONAL_B_SPLINE_SURFACE(((1.423516063109E0,1.121459100723E0,1.121459100723E0,
1.423516063109E0),(1.111178596942E0,8.753967604328E-1,8.753967604328E-1,
1.111178596942E0),(1.111178596942E0,8.753967604328E-1,8.753967604328E-1,
1.111178596942E0),(1.423516063109E0,1.121459100723E0,1.121459100723E0,
1.423516063109E0)))REPRESENTATION_ITEM('')SURFACE());
#12154=ORIENTED_EDGE('',*,*,#10716,.T.);
#12155=ORIENTED_EDGE('',*,*,#11999,.T.);
#12156=ORIENTED_EDGE('',*,*,#11300,.F.);
#12158=ORIENTED_EDGE('',*,*,#12157,.F.);
#12159=EDGE_LOOP('',(#12154,#12155,#12156,#12158));
#12160=FACE_OUTER_BOUND('',#12159,.F.);
#12161=ADVANCED_FACE('',(#12160),#12153,.T.);
#12162=CARTESIAN_POINT('',(1.772087361687E2,2.66E1,1.1918436E1));
#12163=DIRECTION('',(0.E0,0.E0,-1.E0));
#12164=DIRECTION('',(0.E0,1.E0,0.E0));
#12165=AXIS2_PLACEMENT_3D('',#12162,#12163,#12164);
#12166=CYLINDRICAL_SURFACE('',#12165,3.4E0);
#12167=ORIENTED_EDGE('',*,*,#11613,.F.);
#12168=ORIENTED_EDGE('',*,*,#10718,.T.);
#12169=ORIENTED_EDGE('',*,*,#12157,.T.);
#12170=ORIENTED_EDGE('',*,*,#11285,.F.);
#12171=ORIENTED_EDGE('',*,*,#11514,.F.);
#12172=EDGE_LOOP('',(#12167,#12168,#12169,#12170,#12171));
#12173=FACE_OUTER_BOUND('',#12172,.F.);
#12174=ADVANCED_FACE('',(#12173),#12166,.T.);
#12175=CARTESIAN_POINT('',(0.E0,5.8E0,0.E0));
#12176=DIRECTION('',(0.E0,1.E0,0.E0));
#12177=DIRECTION('',(-1.E0,0.E0,0.E0));
#12178=AXIS2_PLACEMENT_3D('',#12175,#12176,#12177);
#12179=PLANE('',#12178);
#12180=ORIENTED_EDGE('',*,*,#11319,.F.);
#12181=ORIENTED_EDGE('',*,*,#11979,.F.);
#12182=ORIENTED_EDGE('',*,*,#11450,.T.);
#12184=ORIENTED_EDGE('',*,*,#12183,.F.);
#12185=EDGE_LOOP('',(#12180,#12181,#12182,#12184));
#12186=FACE_OUTER_BOUND('',#12185,.F.);
#12187=ADVANCED_FACE('',(#12186),#12179,.T.);
#12188=CARTESIAN_POINT('',(0.E0,5.8E0,0.E0));
#12189=DIRECTION('',(0.E0,1.E0,0.E0));
#12190=DIRECTION('',(-1.E0,0.E0,0.E0));
#12191=AXIS2_PLACEMENT_3D('',#12188,#12189,#12190);
#12192=PLANE('',#12191);
#12193=ORIENTED_EDGE('',*,*,#11327,.F.);
#12195=ORIENTED_EDGE('',*,*,#12194,.F.);
#12196=ORIENTED_EDGE('',*,*,#11442,.T.);
#12198=ORIENTED_EDGE('',*,*,#12197,.F.);
#12199=EDGE_LOOP('',(#12193,#12195,#12196,#12198));
#12200=FACE_OUTER_BOUND('',#12199,.F.);
#12201=ADVANCED_FACE('',(#12200),#12192,.T.);
#12202=CARTESIAN_POINT('',(0.E0,5.8E0,0.E0));
#12203=DIRECTION('',(0.E0,1.E0,0.E0));
#12204=DIRECTION('',(-1.E0,0.E0,0.E0));
#12205=AXIS2_PLACEMENT_3D('',#12202,#12203,#12204);
#12206=PLANE('',#12205);
#12207=ORIENTED_EDGE('',*,*,#11335,.F.);
#12209=ORIENTED_EDGE('',*,*,#12208,.F.);
#12210=ORIENTED_EDGE('',*,*,#11434,.T.);
#12212=ORIENTED_EDGE('',*,*,#12211,.F.);
#12213=EDGE_LOOP('',(#12207,#12209,#12210,#12212));
#12214=FACE_OUTER_BOUND('',#12213,.F.);
#12215=ADVANCED_FACE('',(#12214),#12206,.T.);
#12216=CARTESIAN_POINT('',(0.E0,5.8E0,0.E0));
#12217=DIRECTION('',(0.E0,1.E0,0.E0));
#12218=DIRECTION('',(-1.E0,0.E0,0.E0));
#12219=AXIS2_PLACEMENT_3D('',#12216,#12217,#12218);
#12220=PLANE('',#12219);
#12221=ORIENTED_EDGE('',*,*,#11343,.F.);
#12223=ORIENTED_EDGE('',*,*,#12222,.F.);
#12224=ORIENTED_EDGE('',*,*,#11426,.T.);
#12225=ORIENTED_EDGE('',*,*,#10985,.F.);
#12226=EDGE_LOOP('',(#12221,#12223,#12224,#12225));
#12227=FACE_OUTER_BOUND('',#12226,.F.);
#12228=ADVANCED_FACE('',(#12227),#12220,.T.);
#12229=CARTESIAN_POINT('',(0.E0,5.8E0,0.E0));
#12230=DIRECTION('',(0.E0,1.E0,0.E0));
#12231=DIRECTION('',(-1.E0,0.E0,0.E0));
#12232=AXIS2_PLACEMENT_3D('',#12229,#12230,#12231);
#12233=PLANE('',#12232);
#12234=ORIENTED_EDGE('',*,*,#11350,.F.);
#12236=ORIENTED_EDGE('',*,*,#12235,.F.);
#12237=ORIENTED_EDGE('',*,*,#11420,.T.);
#12238=ORIENTED_EDGE('',*,*,#11105,.F.);
#12239=EDGE_LOOP('',(#12234,#12236,#12237,#12238));
#12240=FACE_OUTER_BOUND('',#12239,.F.);
#12241=ADVANCED_FACE('',(#12240),#12233,.T.);
#12242=CARTESIAN_POINT('',(7.67E1,3.E1,-1.75E1));
#12243=DIRECTION('',(-1.E0,0.E0,0.E0));
#12244=DIRECTION('',(0.E0,0.E0,1.E0));
#12245=AXIS2_PLACEMENT_3D('',#12242,#12243,#12244);
#12246=PLANE('',#12245);
#12248=ORIENTED_EDGE('',*,*,#12247,.F.);
#12249=ORIENTED_EDGE('',*,*,#10358,.F.);
#12251=ORIENTED_EDGE('',*,*,#12250,.F.);
#12252=ORIENTED_EDGE('',*,*,#11321,.T.);
#12253=ORIENTED_EDGE('',*,*,#12183,.T.);
#12254=ORIENTED_EDGE('',*,*,#11448,.F.);
#12255=EDGE_LOOP('',(#12248,#12249,#12251,#12252,#12253,#12254));
#12256=FACE_OUTER_BOUND('',#12255,.F.);
#12257=ORIENTED_EDGE('',*,*,#11070,.F.);
#12258=ORIENTED_EDGE('',*,*,#11211,.F.);
#12259=EDGE_LOOP('',(#12257,#12258));
#12260=FACE_BOUND('',#12259,.F.);
#12261=ADVANCED_FACE('',(#12256,#12260),#12246,.F.);
#12262=CARTESIAN_POINT('',(-2.354415484696E2,2.66E1,1.41E1));
#12263=DIRECTION('',(1.E0,0.E0,0.E0));
#12264=DIRECTION('',(0.E0,1.E0,0.E0));
#12265=AXIS2_PLACEMENT_3D('',#12262,#12263,#12264);
#12266=CYLINDRICAL_SURFACE('',#12265,3.4E0);
#12267=ORIENTED_EDGE('',*,*,#12247,.T.);
#12268=ORIENTED_EDGE('',*,*,#11446,.F.);
#12270=ORIENTED_EDGE('',*,*,#12269,.T.);
#12271=ORIENTED_EDGE('',*,*,#10352,.T.);
#12272=EDGE_LOOP('',(#12267,#12268,#12270,#12271));
#12273=FACE_OUTER_BOUND('',#12272,.F.);
#12274=ADVANCED_FACE('',(#12273),#12266,.T.);
#12275=CARTESIAN_POINT('',(6.57E1,3.E1,1.75E1));
#12276=DIRECTION('',(1.E0,0.E0,0.E0));
#12277=DIRECTION('',(0.E0,0.E0,-1.E0));
#12278=AXIS2_PLACEMENT_3D('',#12275,#12276,#12277);
#12279=PLANE('',#12278);
#12280=ORIENTED_EDGE('',*,*,#12269,.F.);
#12281=ORIENTED_EDGE('',*,*,#11444,.T.);
#12282=ORIENTED_EDGE('',*,*,#12194,.T.);
#12283=ORIENTED_EDGE('',*,*,#11325,.F.);
#12285=ORIENTED_EDGE('',*,*,#12284,.F.);
#12286=ORIENTED_EDGE('',*,*,#10354,.T.);
#12287=EDGE_LOOP('',(#12280,#12281,#12282,#12283,#12285,#12286));
#12288=FACE_OUTER_BOUND('',#12287,.F.);
#12289=ORIENTED_EDGE('',*,*,#11066,.T.);
#12290=ORIENTED_EDGE('',*,*,#11208,.T.);
#12291=EDGE_LOOP('',(#12289,#12290));
#12292=FACE_BOUND('',#12291,.F.);
#12293=ADVANCED_FACE('',(#12288,#12292),#12279,.F.);
#12294=CARTESIAN_POINT('',(4.160502846383E2,2.66E1,-1.41E1));
#12295=DIRECTION('',(-1.E0,0.E0,0.E0));
#12296=DIRECTION('',(0.E0,1.E0,0.E0));
#12297=AXIS2_PLACEMENT_3D('',#12294,#12295,#12296);
#12298=CYLINDRICAL_SURFACE('',#12297,3.4E0);
#12299=ORIENTED_EDGE('',*,*,#12284,.T.);
#12300=ORIENTED_EDGE('',*,*,#11323,.F.);
#12301=ORIENTED_EDGE('',*,*,#12250,.T.);
#12302=ORIENTED_EDGE('',*,*,#10356,.T.);
#12303=EDGE_LOOP('',(#12299,#12300,#12301,#12302));
#12304=FACE_OUTER_BOUND('',#12303,.F.);
#12305=ADVANCED_FACE('',(#12304),#12298,.T.);
#12306=CARTESIAN_POINT('',(6.47E1,3.E1,-1.75E1));
#12307=DIRECTION('',(-1.E0,0.E0,0.E0));
#12308=DIRECTION('',(0.E0,0.E0,1.E0));
#12309=AXIS2_PLACEMENT_3D('',#12306,#12307,#12308);
#12310=PLANE('',#12309);
#12312=ORIENTED_EDGE('',*,*,#12311,.F.);
#12313=ORIENTED_EDGE('',*,*,#10240,.F.);
#12315=ORIENTED_EDGE('',*,*,#12314,.F.);
#12316=ORIENTED_EDGE('',*,*,#11329,.T.);
#12317=ORIENTED_EDGE('',*,*,#12197,.T.);
#12318=ORIENTED_EDGE('',*,*,#11440,.F.);
#12319=EDGE_LOOP('',(#12312,#12313,#12315,#12316,#12317,#12318));
#12320=FACE_OUTER_BOUND('',#12319,.F.);
#12321=ORIENTED_EDGE('',*,*,#11054,.F.);
#12322=ORIENTED_EDGE('',*,*,#11197,.F.);
#12323=EDGE_LOOP('',(#12321,#12322));
#12324=FACE_BOUND('',#12323,.F.);
#12325=ADVANCED_FACE('',(#12320,#12324),#12310,.F.);
#12326=CARTESIAN_POINT('',(-2.354415484696E2,2.66E1,1.41E1));
#12327=DIRECTION('',(1.E0,0.E0,0.E0));
#12328=DIRECTION('',(0.E0,1.E0,0.E0));
#12329=AXIS2_PLACEMENT_3D('',#12326,#12327,#12328);
#12330=CYLINDRICAL_SURFACE('',#12329,3.4E0);
#12331=ORIENTED_EDGE('',*,*,#12311,.T.);
#12332=ORIENTED_EDGE('',*,*,#11438,.F.);
#12334=ORIENTED_EDGE('',*,*,#12333,.T.);
#12335=ORIENTED_EDGE('',*,*,#10234,.T.);
#12336=EDGE_LOOP('',(#12331,#12332,#12334,#12335));
#12337=FACE_OUTER_BOUND('',#12336,.F.);
#12338=ADVANCED_FACE('',(#12337),#12330,.T.);
#12339=CARTESIAN_POINT('',(5.27E1,3.E1,1.75E1));
#12340=DIRECTION('',(1.E0,0.E0,0.E0));
#12341=DIRECTION('',(0.E0,0.E0,-1.E0));
#12342=AXIS2_PLACEMENT_3D('',#12339,#12340,#12341);
#12343=PLANE('',#12342);
#12344=ORIENTED_EDGE('',*,*,#12333,.F.);
#12345=ORIENTED_EDGE('',*,*,#11436,.T.);
#12346=ORIENTED_EDGE('',*,*,#12208,.T.);
#12347=ORIENTED_EDGE('',*,*,#11333,.F.);
#12349=ORIENTED_EDGE('',*,*,#12348,.F.);
#12350=ORIENTED_EDGE('',*,*,#10236,.T.);
#12351=EDGE_LOOP('',(#12344,#12345,#12346,#12347,#12349,#12350));
#12352=FACE_OUTER_BOUND('',#12351,.F.);
#12353=ORIENTED_EDGE('',*,*,#11050,.T.);
#12354=ORIENTED_EDGE('',*,*,#11194,.T.);
#12355=EDGE_LOOP('',(#12353,#12354));
#12356=FACE_BOUND('',#12355,.F.);
#12357=ADVANCED_FACE('',(#12352,#12356),#12343,.F.);
#12358=CARTESIAN_POINT('',(4.160502846383E2,2.66E1,-1.41E1));
#12359=DIRECTION('',(-1.E0,0.E0,0.E0));
#12360=DIRECTION('',(0.E0,1.E0,0.E0));
#12361=AXIS2_PLACEMENT_3D('',#12358,#12359,#12360);
#12362=CYLINDRICAL_SURFACE('',#12361,3.4E0);
#12363=ORIENTED_EDGE('',*,*,#12348,.T.);
#12364=ORIENTED_EDGE('',*,*,#11331,.F.);
#12365=ORIENTED_EDGE('',*,*,#12314,.T.);
#12366=ORIENTED_EDGE('',*,*,#10238,.T.);
#12367=EDGE_LOOP('',(#12363,#12364,#12365,#12366));
#12368=FACE_OUTER_BOUND('',#12367,.F.);
#12369=ADVANCED_FACE('',(#12368),#12362,.T.);
#12370=CARTESIAN_POINT('',(5.17E1,3.E1,-1.75E1));
#12371=DIRECTION('',(-1.E0,0.E0,0.E0));
#12372=DIRECTION('',(0.E0,0.E0,1.E0));
#12373=AXIS2_PLACEMENT_3D('',#12370,#12371,#12372);
#12374=PLANE('',#12373);
#12376=ORIENTED_EDGE('',*,*,#12375,.F.);
#12377=ORIENTED_EDGE('',*,*,#9884,.F.);
#12379=ORIENTED_EDGE('',*,*,#12378,.F.);
#12380=ORIENTED_EDGE('',*,*,#11337,.T.);
#12381=ORIENTED_EDGE('',*,*,#12211,.T.);
#12382=ORIENTED_EDGE('',*,*,#11432,.F.);
#12383=EDGE_LOOP('',(#12376,#12377,#12379,#12380,#12381,#12382));
#12384=FACE_OUTER_BOUND('',#12383,.F.);
#12385=ORIENTED_EDGE('',*,*,#11038,.F.);
#12386=ORIENTED_EDGE('',*,*,#11183,.F.);
#12387=EDGE_LOOP('',(#12385,#12386));
#12388=FACE_BOUND('',#12387,.F.);
#12389=ADVANCED_FACE('',(#12384,#12388),#12374,.F.);
#12390=CARTESIAN_POINT('',(-2.354415484696E2,2.66E1,1.41E1));
#12391=DIRECTION('',(1.E0,0.E0,0.E0));
#12392=DIRECTION('',(0.E0,1.E0,0.E0));
#12393=AXIS2_PLACEMENT_3D('',#12390,#12391,#12392);
#12394=CYLINDRICAL_SURFACE('',#12393,3.4E0);
#12395=ORIENTED_EDGE('',*,*,#12375,.T.);
#12396=ORIENTED_EDGE('',*,*,#11430,.F.);
#12398=ORIENTED_EDGE('',*,*,#12397,.T.);
#12399=ORIENTED_EDGE('',*,*,#9878,.T.);
#12400=EDGE_LOOP('',(#12395,#12396,#12398,#12399));
#12401=FACE_OUTER_BOUND('',#12400,.F.);
#12402=ADVANCED_FACE('',(#12401),#12394,.T.);
#12403=CARTESIAN_POINT('',(3.72E1,3.E1,1.75E1));
#12404=DIRECTION('',(1.E0,0.E0,0.E0));
#12405=DIRECTION('',(0.E0,0.E0,-1.E0));
#12406=AXIS2_PLACEMENT_3D('',#12403,#12404,#12405);
#12407=PLANE('',#12406);
#12408=ORIENTED_EDGE('',*,*,#12397,.F.);
#12409=ORIENTED_EDGE('',*,*,#11428,.T.);
#12410=ORIENTED_EDGE('',*,*,#12222,.T.);
#12411=ORIENTED_EDGE('',*,*,#11341,.F.);
#12413=ORIENTED_EDGE('',*,*,#12412,.F.);
#12414=ORIENTED_EDGE('',*,*,#9880,.T.);
#12415=EDGE_LOOP('',(#12408,#12409,#12410,#12411,#12413,#12414));
#12416=FACE_OUTER_BOUND('',#12415,.F.);
#12417=ORIENTED_EDGE('',*,*,#11034,.T.);
#12418=ORIENTED_EDGE('',*,*,#11180,.T.);
#12419=EDGE_LOOP('',(#12417,#12418));
#12420=FACE_BOUND('',#12419,.F.);
#12421=ADVANCED_FACE('',(#12416,#12420),#12407,.F.);
#12422=CARTESIAN_POINT('',(4.160502846383E2,2.66E1,-1.41E1));
#12423=DIRECTION('',(-1.E0,0.E0,0.E0));
#12424=DIRECTION('',(0.E0,1.E0,0.E0));
#12425=AXIS2_PLACEMENT_3D('',#12422,#12423,#12424);
#12426=CYLINDRICAL_SURFACE('',#12425,3.4E0);
#12427=ORIENTED_EDGE('',*,*,#12412,.T.);
#12428=ORIENTED_EDGE('',*,*,#11339,.F.);
#12429=ORIENTED_EDGE('',*,*,#12378,.T.);
#12430=ORIENTED_EDGE('',*,*,#9882,.T.);
#12431=EDGE_LOOP('',(#12427,#12428,#12429,#12430));
#12432=FACE_OUTER_BOUND('',#12431,.F.);
#12433=ADVANCED_FACE('',(#12432),#12426,.T.);
#12434=CARTESIAN_POINT('',(1.37E1,3.E1,1.75E1));
#12435=DIRECTION('',(1.E0,0.E0,0.E0));
#12436=DIRECTION('',(0.E0,0.E0,-1.E0));
#12437=AXIS2_PLACEMENT_3D('',#12434,#12435,#12436);
#12438=PLANE('',#12437);
#12439=ORIENTED_EDGE('',*,*,#10968,.F.);
#12440=ORIENTED_EDGE('',*,*,#11422,.T.);
#12441=ORIENTED_EDGE('',*,*,#12235,.T.);
#12442=ORIENTED_EDGE('',*,*,#11348,.F.);
#12444=ORIENTED_EDGE('',*,*,#12443,.F.);
#12445=ORIENTED_EDGE('',*,*,#9750,.T.);
#12446=EDGE_LOOP('',(#12439,#12440,#12441,#12442,#12444,#12445));
#12447=FACE_OUTER_BOUND('',#12446,.F.);
#12448=ORIENTED_EDGE('',*,*,#11019,.T.);
#12449=ORIENTED_EDGE('',*,*,#11167,.T.);
#12450=EDGE_LOOP('',(#12448,#12449));
#12451=FACE_BOUND('',#12450,.F.);
#12452=ADVANCED_FACE('',(#12447,#12451),#12438,.F.);
#12453=CARTESIAN_POINT('',(4.160502846383E2,2.66E1,-1.41E1));
#12454=DIRECTION('',(-1.E0,0.E0,0.E0));
#12455=DIRECTION('',(0.E0,1.E0,0.E0));
#12456=AXIS2_PLACEMENT_3D('',#12453,#12454,#12455);
#12457=CYLINDRICAL_SURFACE('',#12456,3.4E0);
#12458=ORIENTED_EDGE('',*,*,#12443,.T.);
#12459=ORIENTED_EDGE('',*,*,#11346,.F.);
#12460=ORIENTED_EDGE('',*,*,#10981,.T.);
#12461=ORIENTED_EDGE('',*,*,#9752,.T.);
#12462=EDGE_LOOP('',(#12458,#12459,#12460,#12461));
#12463=FACE_OUTER_BOUND('',#12462,.F.);
#12464=ADVANCED_FACE('',(#12463),#12457,.T.);
#12465=CARTESIAN_POINT('',(0.E0,-9.E0,0.E0));
#12466=DIRECTION('',(0.E0,-1.E0,0.E0));
#12467=DIRECTION('',(1.E0,0.E0,0.E0));
#12468=AXIS2_PLACEMENT_3D('',#12465,#12466,#12467);
#12469=PLANE('',#12468);
#12470=ORIENTED_EDGE('',*,*,#11380,.F.);
#12471=ORIENTED_EDGE('',*,*,#11399,.F.);
#12472=ORIENTED_EDGE('',*,*,#11414,.F.);
#12473=ORIENTED_EDGE('',*,*,#11487,.F.);
#12474=ORIENTED_EDGE('',*,*,#11274,.F.);
#12475=ORIENTED_EDGE('',*,*,#11297,.F.);
#12476=ORIENTED_EDGE('',*,*,#11312,.F.);
#12477=ORIENTED_EDGE('',*,*,#11365,.F.);
#12478=EDGE_LOOP('',(#12470,#12471,#12472,#12473,#12474,#12475,#12476,#12477));
#12479=FACE_OUTER_BOUND('',#12478,.F.);
#12480=ADVANCED_FACE('',(#12479),#12469,.T.);
#12481=CARTESIAN_POINT('',(1.466098237975E2,1.100932143976E1,1.75E1));
#12482=DIRECTION('',(0.E0,-1.E0,0.E0));
#12483=DIRECTION('',(1.E0,0.E0,0.E0));
#12484=AXIS2_PLACEMENT_3D('',#12481,#12482,#12483);
#12485=PLANE('',#12484);
#12486=ORIENTED_EDGE('',*,*,#11278,.F.);
#12487=ORIENTED_EDGE('',*,*,#11490,.F.);
#12488=ORIENTED_EDGE('',*,*,#11463,.T.);
#12490=ORIENTED_EDGE('',*,*,#12489,.T.);
#12492=ORIENTED_EDGE('',*,*,#12491,.F.);
#12494=ORIENTED_EDGE('',*,*,#12493,.F.);
#12496=ORIENTED_EDGE('',*,*,#12495,.T.);
#12497=ORIENTED_EDGE('',*,*,#11142,.F.);
#12499=ORIENTED_EDGE('',*,*,#12498,.F.);
#12500=ORIENTED_EDGE('',*,*,#11138,.T.);
#12502=ORIENTED_EDGE('',*,*,#12501,.T.);
#12504=ORIENTED_EDGE('',*,*,#12503,.T.);
#12505=EDGE_LOOP('',(#12486,#12487,#12488,#12490,#12492,#12494,#12496,#12497,
#12499,#12500,#12502,#12504));
#12506=FACE_OUTER_BOUND('',#12505,.F.);
#12508=ORIENTED_EDGE('',*,*,#12507,.T.);
#12510=ORIENTED_EDGE('',*,*,#12509,.T.);
#12511=EDGE_LOOP('',(#12508,#12510));
#12512=FACE_BOUND('',#12511,.F.);
#12513=ADVANCED_FACE('',(#12506,#12512),#12485,.F.);
#12514=CARTESIAN_POINT('',(1.466098237975E2,1.299067856024E1,1.75E1));
#12515=DIRECTION('',(-1.E0,0.E0,0.E0));
#12516=DIRECTION('',(0.E0,-1.E0,0.E0));
#12517=AXIS2_PLACEMENT_3D('',#12514,#12515,#12516);
#12518=PLANE('',#12517);
#12519=ORIENTED_EDGE('',*,*,#11461,.F.);
#12520=ORIENTED_EDGE('',*,*,#11252,.T.);
#12522=ORIENTED_EDGE('',*,*,#12521,.T.);
#12523=ORIENTED_EDGE('',*,*,#12489,.F.);
#12524=EDGE_LOOP('',(#12519,#12520,#12522,#12523));
#12525=FACE_OUTER_BOUND('',#12524,.F.);
#12526=ADVANCED_FACE('',(#12525),#12518,.F.);
#12527=CARTESIAN_POINT('',(8.843924698303E1,3.E1,1.078170885157E1));
#12528=DIRECTION('',(0.E0,0.E0,1.E0));
#12529=DIRECTION('',(1.E0,0.E0,0.E0));
#12530=AXIS2_PLACEMENT_3D('',#12527,#12528,#12529);
#12531=PLANE('',#12530);
#12533=ORIENTED_EDGE('',*,*,#12532,.T.);
#12535=ORIENTED_EDGE('',*,*,#12534,.F.);
#12536=ORIENTED_EDGE('',*,*,#12491,.T.);
#12537=ORIENTED_EDGE('',*,*,#12521,.F.);
#12538=ORIENTED_EDGE('',*,*,#11250,.F.);
#12540=ORIENTED_EDGE('',*,*,#12539,.F.);
#12541=ORIENTED_EDGE('',*,*,#10748,.F.);
#12543=ORIENTED_EDGE('',*,*,#12542,.T.);
#12544=EDGE_LOOP('',(#12533,#12535,#12536,#12537,#12538,#12540,#12541,#12543));
#12545=FACE_OUTER_BOUND('',#12544,.F.);
#12546=ADVANCED_FACE('',(#12545),#12531,.F.);
#12547=CARTESIAN_POINT('',(0.E0,0.E0,0.E0));
#12548=DIRECTION('',(0.E0,-1.E0,0.E0));
#12549=DIRECTION('',(1.E0,0.E0,0.E0));
#12550=AXIS2_PLACEMENT_3D('',#12547,#12548,#12549);
#12551=PLANE('',#12550);
#12553=ORIENTED_EDGE('',*,*,#12552,.F.);
#12555=ORIENTED_EDGE('',*,*,#12554,.T.);
#12557=ORIENTED_EDGE('',*,*,#12556,.F.);
#12559=ORIENTED_EDGE('',*,*,#12558,.T.);
#12560=ORIENTED_EDGE('',*,*,#12532,.F.);
#12562=ORIENTED_EDGE('',*,*,#12561,.T.);
#12564=ORIENTED_EDGE('',*,*,#12563,.F.);
#12566=ORIENTED_EDGE('',*,*,#12565,.T.);
#12567=EDGE_LOOP('',(#12553,#12555,#12557,#12559,#12560,#12562,#12564,#12566));
#12568=FACE_OUTER_BOUND('',#12567,.F.);
#12569=ADVANCED_FACE('',(#12568),#12551,.F.);
#12570=CARTESIAN_POINT('',(1.608707569692E2,3.E1,-1.078170885157E1));
#12571=DIRECTION('',(0.E0,0.E0,-1.E0));
#12572=DIRECTION('',(-1.E0,0.E0,0.E0));
#12573=AXIS2_PLACEMENT_3D('',#12570,#12571,#12572);
#12574=PLANE('',#12573);
#12575=ORIENTED_EDGE('',*,*,#12552,.T.);
#12577=ORIENTED_EDGE('',*,*,#12576,.F.);
#12578=ORIENTED_EDGE('',*,*,#10740,.F.);
#12580=ORIENTED_EDGE('',*,*,#12579,.T.);
#12581=EDGE_LOOP('',(#12575,#12577,#12578,#12580));
#12582=FACE_OUTER_BOUND('',#12581,.F.);
#12583=ADVANCED_FACE('',(#12582),#12574,.F.);
#12584=CARTESIAN_POINT('',(9.068924698303E1,6.9108E1,-8.531708851566E0));
#12585=DIRECTION('',(0.E0,-1.E0,0.E0));
#12586=DIRECTION('',(-1.E0,0.E0,0.E0));
#12587=AXIS2_PLACEMENT_3D('',#12584,#12585,#12586);
#12588=CYLINDRICAL_SURFACE('',#12587,2.25E0);
#12589=ORIENTED_EDGE('',*,*,#12565,.F.);
#12591=ORIENTED_EDGE('',*,*,#12590,.F.);
#12592=ORIENTED_EDGE('',*,*,#10742,.T.);
#12593=ORIENTED_EDGE('',*,*,#12576,.T.);
#12594=EDGE_LOOP('',(#12589,#12591,#12592,#12593));
#12595=FACE_OUTER_BOUND('',#12594,.F.);
#12596=ADVANCED_FACE('',(#12595),#12588,.F.);
#12597=CARTESIAN_POINT('',(8.843924698303E1,3.E1,-1.078170885157E1));
#12598=DIRECTION('',(-1.E0,0.E0,0.E0));
#12599=DIRECTION('',(0.E0,0.E0,1.E0));
#12600=AXIS2_PLACEMENT_3D('',#12597,#12598,#12599);
#12601=PLANE('',#12600);
#12603=ORIENTED_EDGE('',*,*,#12602,.F.);
#12604=ORIENTED_EDGE('',*,*,#10744,.F.);
#12605=ORIENTED_EDGE('',*,*,#12590,.T.);
#12606=ORIENTED_EDGE('',*,*,#12563,.T.);
#12607=EDGE_LOOP('',(#12603,#12604,#12605,#12606));
#12608=FACE_OUTER_BOUND('',#12607,.F.);
#12609=ORIENTED_EDGE('',*,*,#11082,.F.);
#12610=ORIENTED_EDGE('',*,*,#11222,.F.);
#12611=EDGE_LOOP('',(#12609,#12610));
#12612=FACE_BOUND('',#12611,.F.);
#12613=ADVANCED_FACE('',(#12608,#12612),#12601,.F.);
#12614=CARTESIAN_POINT('',(9.068924698303E1,6.9108E1,8.531708851566E0));
#12615=DIRECTION('',(0.E0,-1.E0,0.E0));
#12616=DIRECTION('',(0.E0,0.E0,1.E0));
#12617=AXIS2_PLACEMENT_3D('',#12614,#12615,#12616);
#12618=CYLINDRICAL_SURFACE('',#12617,2.25E0);
#12619=ORIENTED_EDGE('',*,*,#12561,.F.);
#12620=ORIENTED_EDGE('',*,*,#12542,.F.);
#12621=ORIENTED_EDGE('',*,*,#10746,.T.);
#12622=ORIENTED_EDGE('',*,*,#12602,.T.);
#12623=EDGE_LOOP('',(#12619,#12620,#12621,#12622));
#12624=FACE_OUTER_BOUND('',#12623,.F.);
#12625=ADVANCED_FACE('',(#12624),#12618,.F.);
#12626=CARTESIAN_POINT('',(1.586207569692E2,6.9108E1,-8.531708851566E0));
#12627=DIRECTION('',(0.E0,-1.E0,0.E0));
#12628=DIRECTION('',(0.E0,0.E0,-1.E0));
#12629=AXIS2_PLACEMENT_3D('',#12626,#12627,#12628);
#12630=CYLINDRICAL_SURFACE('',#12629,2.25E0);
#12631=ORIENTED_EDGE('',*,*,#12554,.F.);
#12632=ORIENTED_EDGE('',*,*,#12579,.F.);
#12633=ORIENTED_EDGE('',*,*,#10738,.T.);
#12635=ORIENTED_EDGE('',*,*,#12634,.T.);
#12636=EDGE_LOOP('',(#12631,#12632,#12633,#12635));
#12637=FACE_OUTER_BOUND('',#12636,.F.);
#12638=ADVANCED_FACE('',(#12637),#12630,.F.);
#12639=CARTESIAN_POINT('',(1.608707569692E2,3.E1,1.078170885157E1));
#12640=DIRECTION('',(1.E0,0.E0,0.E0));
#12641=DIRECTION('',(0.E0,0.E0,-1.E0));
#12642=AXIS2_PLACEMENT_3D('',#12639,#12640,#12641);
#12643=PLANE('',#12642);
#12644=ORIENTED_EDGE('',*,*,#12556,.T.);
#12645=ORIENTED_EDGE('',*,*,#12634,.F.);
#12646=ORIENTED_EDGE('',*,*,#10736,.F.);
#12648=ORIENTED_EDGE('',*,*,#12647,.T.);
#12649=ORIENTED_EDGE('',*,*,#11246,.T.);
#12650=ORIENTED_EDGE('',*,*,#11128,.T.);
#12651=ORIENTED_EDGE('',*,*,#11240,.T.);
#12653=ORIENTED_EDGE('',*,*,#12652,.F.);
#12654=ORIENTED_EDGE('',*,*,#12501,.F.);
#12655=ORIENTED_EDGE('',*,*,#11144,.T.);
#12656=ORIENTED_EDGE('',*,*,#12495,.F.);
#12658=ORIENTED_EDGE('',*,*,#12657,.T.);
#12659=EDGE_LOOP('',(#12644,#12645,#12646,#12648,#12649,#12650,#12651,#12653,
#12654,#12655,#12656,#12658));
#12660=FACE_OUTER_BOUND('',#12659,.F.);
#12661=ADVANCED_FACE('',(#12660),#12643,.F.);
#12662=CARTESIAN_POINT('',(1.586207569692E2,6.9108E1,8.531708851566E0));
#12663=DIRECTION('',(0.E0,-1.E0,0.E0));
#12664=DIRECTION('',(1.E0,0.E0,0.E0));
#12665=AXIS2_PLACEMENT_3D('',#12662,#12663,#12664);
#12666=CYLINDRICAL_SURFACE('',#12665,2.25E0);
#12667=ORIENTED_EDGE('',*,*,#11248,.F.);
#12668=ORIENTED_EDGE('',*,*,#12647,.F.);
#12669=ORIENTED_EDGE('',*,*,#10750,.T.);
#12670=ORIENTED_EDGE('',*,*,#12539,.T.);
#12671=EDGE_LOOP('',(#12667,#12668,#12669,#12670));
#12672=FACE_OUTER_BOUND('',#12671,.F.);
#12673=ADVANCED_FACE('',(#12672),#12666,.F.);
#12674=CARTESIAN_POINT('',(1.586207569692E2,6.9108E1,8.531708851566E0));
#12675=DIRECTION('',(0.E0,-1.E0,0.E0));
#12676=DIRECTION('',(1.E0,0.E0,0.E0));
#12677=AXIS2_PLACEMENT_3D('',#12674,#12675,#12676);
#12678=CYLINDRICAL_SURFACE('',#12677,2.25E0);
#12679=ORIENTED_EDGE('',*,*,#12657,.F.);
#12680=ORIENTED_EDGE('',*,*,#12493,.T.);
#12681=ORIENTED_EDGE('',*,*,#12534,.T.);
#12682=ORIENTED_EDGE('',*,*,#12558,.F.);
#12683=EDGE_LOOP('',(#12679,#12680,#12681,#12682));
#12684=FACE_OUTER_BOUND('',#12683,.F.);
#12685=ADVANCED_FACE('',(#12684),#12678,.F.);
#12686=CARTESIAN_POINT('',(0.E0,0.E0,-8.E0));
#12687=DIRECTION('',(0.E0,0.E0,1.E0));
#12688=DIRECTION('',(1.E0,0.E0,0.E0));
#12689=AXIS2_PLACEMENT_3D('',#12686,#12687,#12688);
#12690=PLANE('',#12689);
#12691=ORIENTED_EDGE('',*,*,#11280,.F.);
#12692=ORIENTED_EDGE('',*,*,#12503,.F.);
#12693=ORIENTED_EDGE('',*,*,#12652,.T.);
#12694=ORIENTED_EDGE('',*,*,#11238,.F.);
#12695=EDGE_LOOP('',(#12691,#12692,#12693,#12694));
#12696=FACE_OUTER_BOUND('',#12695,.F.);
#12697=ADVANCED_FACE('',(#12696),#12690,.T.);
#12698=CARTESIAN_POINT('',(1.702E2,0.E0,0.E0));
#12699=DIRECTION('',(-1.E0,0.E0,0.E0));
#12700=DIRECTION('',(0.E0,0.E0,1.E0));
#12701=AXIS2_PLACEMENT_3D('',#12698,#12699,#12700);
#12702=PLANE('',#12701);
#12703=ORIENTED_EDGE('',*,*,#12498,.T.);
#12704=ORIENTED_EDGE('',*,*,#11140,.F.);
#12705=EDGE_LOOP('',(#12703,#12704));
#12706=FACE_OUTER_BOUND('',#12705,.F.);
#12707=ADVANCED_FACE('',(#12706),#12702,.T.);
#12708=CARTESIAN_POINT('',(1.702E2,0.E0,0.E0));
#12709=DIRECTION('',(-1.E0,0.E0,0.E0));
#12710=DIRECTION('',(0.E0,0.E0,1.E0));
#12711=AXIS2_PLACEMENT_3D('',#12708,#12709,#12710);
#12712=PLANE('',#12711);
#12713=ORIENTED_EDGE('',*,*,#11243,.F.);
#12714=ORIENTED_EDGE('',*,*,#11124,.F.);
#12715=EDGE_LOOP('',(#12713,#12714));
#12716=FACE_OUTER_BOUND('',#12715,.F.);
#12717=ADVANCED_FACE('',(#12716),#12712,.T.);
#12718=CARTESIAN_POINT('',(1.706087361687E2,1.100932143976E1,1.25E1));
#12719=DIRECTION('',(0.E0,1.E0,0.E0));
#12720=DIRECTION('',(1.E0,0.E0,0.E0));
#12721=AXIS2_PLACEMENT_3D('',#12718,#12719,#12720);
#12722=CYLINDRICAL_SURFACE('',#12721,1.4E0);
#12723=ORIENTED_EDGE('',*,*,#12507,.F.);
#12725=ORIENTED_EDGE('',*,*,#12724,.T.);
#12727=ORIENTED_EDGE('',*,*,#12726,.T.);
#12729=ORIENTED_EDGE('',*,*,#12728,.F.);
#12730=EDGE_LOOP('',(#12723,#12725,#12727,#12729));
#12731=FACE_OUTER_BOUND('',#12730,.F.);
#12732=ADVANCED_FACE('',(#12731),#12722,.F.);
#12733=CARTESIAN_POINT('',(1.706087361687E2,1.100932143976E1,1.25E1));
#12734=DIRECTION('',(0.E0,1.E0,0.E0));
#12735=DIRECTION('',(1.E0,0.E0,0.E0));
#12736=AXIS2_PLACEMENT_3D('',#12733,#12734,#12735);
#12737=CYLINDRICAL_SURFACE('',#12736,1.4E0);
#12738=ORIENTED_EDGE('',*,*,#12509,.F.);
#12739=ORIENTED_EDGE('',*,*,#12728,.T.);
#12741=ORIENTED_EDGE('',*,*,#12740,.T.);
#12742=ORIENTED_EDGE('',*,*,#12724,.F.);
#12743=EDGE_LOOP('',(#12738,#12739,#12741,#12742));
#12744=FACE_OUTER_BOUND('',#12743,.F.);
#12745=ADVANCED_FACE('',(#12744),#12737,.F.);
#12746=CARTESIAN_POINT('',(0.E0,1.809321439764E0,-8.E0));
#12747=DIRECTION('',(0.E0,1.E0,0.E0));
#12748=DIRECTION('',(1.E0,0.E0,0.E0));
#12749=AXIS2_PLACEMENT_3D('',#12746,#12747,#12748);
#12750=PLANE('',#12749);
#12751=ORIENTED_EDGE('',*,*,#12726,.F.);
#12752=ORIENTED_EDGE('',*,*,#12740,.F.);
#12753=EDGE_LOOP('',(#12751,#12752));
#12754=FACE_OUTER_BOUND('',#12753,.F.);
#12755=ADVANCED_FACE('',(#12754),#12750,.T.);
#12756=CARTESIAN_POINT('',(5.581564E0,2.66E1,1.41E1));
#12757=DIRECTION('',(1.E0,0.E0,0.E0));
#12758=DIRECTION('',(0.E0,1.E0,0.E0));
#12759=AXIS2_PLACEMENT_3D('',#12756,#12757,#12758);
#12760=CYLINDRICAL_SURFACE('',#12759,3.4E0);
#12761=ORIENTED_EDGE('',*,*,#11098,.T.);
#12762=ORIENTED_EDGE('',*,*,#11417,.F.);
#12764=ORIENTED_EDGE('',*,*,#12763,.F.);
#12765=ORIENTED_EDGE('',*,*,#10520,.T.);
#12766=EDGE_LOOP('',(#12761,#12762,#12764,#12765));
#12767=FACE_OUTER_BOUND('',#12766,.F.);
#12768=ADVANCED_FACE('',(#12767),#12760,.T.);
#12769=CARTESIAN_POINT('',(9.364019510102E-3,2.648002011474E1,
1.141021507153E1));
#12770=CARTESIAN_POINT('',(-6.482470377472E-2,2.858370621481E1,
1.140650239231E1));
#12771=CARTESIAN_POINT('',(1.421772714703E0,3.007216396669E1,1.148089724774E1));
#12772=CARTESIAN_POINT('',(3.522829544631E0,2.999788240337E1,1.158604193395E1));
#12773=CARTESIAN_POINT('',(-1.741681859610E-1,2.648002011474E1,
1.507765284411E1));
#12774=CARTESIAN_POINT('',(-2.507082951819E-1,2.858370621481E1,
1.512092680452E1));
#12775=CARTESIAN_POINT('',(1.283006314530E0,3.007216396669E1,1.425380098009E1));
#12776=CARTESIAN_POINT('',(3.450655414308E0,2.999788240337E1,1.302826364686E1));
#12777=CARTESIAN_POINT('',(2.422347161452E0,2.648002011474E1,1.767416818910E1));
#12778=CARTESIAN_POINT('',(2.379073201107E0,2.858370621481E1,1.775070829837E1));
#12779=CARTESIAN_POINT('',(3.246199024111E0,3.007216396669E1,1.621699368785E1));
#12780=CARTESIAN_POINT('',(4.471736355324E0,2.999788240337E1,1.404934458693E1));
#12781=CARTESIAN_POINT('',(6.089784933856E0,2.648002011474E1,1.749063598022E1));
#12782=CARTESIAN_POINT('',(6.093497613144E0,2.858370621481E1,1.756482470350E1));
#12783=CARTESIAN_POINT('',(6.019102756338E0,3.007216396669E1,1.607822728509E1));
#12784=CARTESIAN_POINT('',(5.913958068166E0,2.999788240337E1,1.397717045526E1));
#12785=(BOUNDED_SURFACE()B_SPLINE_SURFACE(3,3,((#12769,#12770,#12771,#12772),(
#12773,#12774,#12775,#12776),(#12777,#12778,#12779,#12780),(#12781,#12782,
#12783,#12784)),.UNSPECIFIED.,.F.,.F.,.F.)B_SPLINE_SURFACE_WITH_KNOTS((4,4),(4,
4),(0.E0,1.E0),(0.E0,1.E0),.UNSPECIFIED.)GEOMETRIC_REPRESENTATION_ITEM()RATIONAL_B_SPLINE_SURFACE(((1.423516063109E0,1.121459100723E0,1.121459100723E0,
1.423516063109E0),(1.111178596942E0,8.753967604328E-1,8.753967604328E-1,
1.111178596942E0),(1.111178596942E0,8.753967604328E-1,8.753967604328E-1,
1.111178596942E0),(1.423516063109E0,1.121459100723E0,1.121459100723E0,
1.423516063109E0)))REPRESENTATION_ITEM('')SURFACE());
#12786=ORIENTED_EDGE('',*,*,#10522,.T.);
#12787=ORIENTED_EDGE('',*,*,#12763,.T.);
#12788=ORIENTED_EDGE('',*,*,#11402,.F.);
#12790=ORIENTED_EDGE('',*,*,#12789,.F.);
#12791=EDGE_LOOP('',(#12786,#12787,#12788,#12790));
#12792=FACE_OUTER_BOUND('',#12791,.F.);
#12793=ADVANCED_FACE('',(#12792),#12785,.T.);
#12794=CARTESIAN_POINT('',(3.4E0,2.66E1,-1.1918436E1));
#12795=DIRECTION('',(0.E0,0.E0,1.E0));
#12796=DIRECTION('',(0.E0,1.E0,0.E0));
#12797=AXIS2_PLACEMENT_3D('',#12794,#12795,#12796);
#12798=CYLINDRICAL_SURFACE('',#12797,3.4E0);
#12799=ORIENTED_EDGE('',*,*,#10524,.T.);
#12800=ORIENTED_EDGE('',*,*,#12789,.T.);
#12801=ORIENTED_EDGE('',*,*,#11383,.F.);
#12803=ORIENTED_EDGE('',*,*,#12802,.F.);
#12804=EDGE_LOOP('',(#12799,#12800,#12801,#12803));
#12805=FACE_OUTER_BOUND('',#12804,.F.);
#12806=ADVANCED_FACE('',(#12805),#12798,.T.);
#12807=CARTESIAN_POINT('',(6.089784928466E0,2.648002011474E1,
-1.749063598049E1));
#12808=CARTESIAN_POINT('',(6.093497607685E0,2.858370621481E1,
-1.756482470377E1));
#12809=CARTESIAN_POINT('',(6.019102752263E0,3.007216396669E1,
-1.607822728530E1));
#12810=CARTESIAN_POINT('',(5.913958066046E0,2.999788240337E1,
-1.397717045537E1));
#12811=CARTESIAN_POINT('',(2.422347155892E0,2.648002011474E1,
-1.767416818596E1));
#12812=CARTESIAN_POINT('',(2.379073195475E0,2.858370621481E1,
-1.775070829518E1));
#12813=CARTESIAN_POINT('',(3.246199019907E0,3.007216396669E1,
-1.621699368547E1));
#12814=CARTESIAN_POINT('',(4.471736353138E0,2.999788240337E1,
-1.404934458569E1));
#12815=CARTESIAN_POINT('',(-1.741681891047E-1,2.648002011474E1,
-1.507765283855E1));
#12816=CARTESIAN_POINT('',(-2.507082983659E-1,2.858370621481E1,
-1.512092679889E1));
#12817=CARTESIAN_POINT('',(1.283006312153E0,3.007216396669E1,
-1.425380097589E1));
#12818=CARTESIAN_POINT('',(3.450655413072E0,2.999788240337E1,
-1.302826364468E1));
#12819=CARTESIAN_POINT('',(9.364019779813E-3,2.648002011474E1,
-1.141021506614E1));
#12820=CARTESIAN_POINT('',(-6.482470350155E-2,2.858370621481E1,
-1.140650238686E1));
#12821=CARTESIAN_POINT('',(1.421772714907E0,3.007216396669E1,
-1.148089724366E1));
#12822=CARTESIAN_POINT('',(3.522829544737E0,2.999788240337E1,
-1.158604193183E1));
#12823=(BOUNDED_SURFACE()B_SPLINE_SURFACE(3,3,((#12807,#12808,#12809,#12810),(
#12811,#12812,#12813,#12814),(#12815,#12816,#12817,#12818),(#12819,#12820,
#12821,#12822)),.UNSPECIFIED.,.F.,.F.,.F.)B_SPLINE_SURFACE_WITH_KNOTS((4,4),(4,
4),(0.E0,1.E0),(0.E0,1.E0),.UNSPECIFIED.)GEOMETRIC_REPRESENTATION_ITEM()RATIONAL_B_SPLINE_SURFACE(((1.423516063109E0,1.121459100723E0,1.121459100723E0,
1.423516063109E0),(1.111178596942E0,8.753967604328E-1,8.753967604328E-1,
1.111178596942E0),(1.111178596942E0,8.753967604328E-1,8.753967604328E-1,
1.111178596942E0),(1.423516063109E0,1.121459100723E0,1.121459100723E0,
1.423516063109E0)))REPRESENTATION_ITEM('')SURFACE());
#12824=ORIENTED_EDGE('',*,*,#10526,.T.);
#12825=ORIENTED_EDGE('',*,*,#12802,.T.);
#12826=ORIENTED_EDGE('',*,*,#11368,.F.);
#12828=ORIENTED_EDGE('',*,*,#12827,.F.);
#12829=EDGE_LOOP('',(#12824,#12825,#12826,#12828));
#12830=FACE_OUTER_BOUND('',#12829,.F.);
#12831=ADVANCED_FACE('',(#12830),#12823,.T.);
#12832=CARTESIAN_POINT('',(4.160502846383E2,2.66E1,-1.41E1));
#12833=DIRECTION('',(-1.E0,0.E0,0.E0));
#12834=DIRECTION('',(0.E0,1.E0,0.E0));
#12835=AXIS2_PLACEMENT_3D('',#12832,#12833,#12834);
#12836=CYLINDRICAL_SURFACE('',#12835,3.4E0);
#12837=ORIENTED_EDGE('',*,*,#11101,.T.);
#12838=ORIENTED_EDGE('',*,*,#10528,.T.);
#12839=ORIENTED_EDGE('',*,*,#12827,.T.);
#12840=ORIENTED_EDGE('',*,*,#11353,.F.);
#12841=EDGE_LOOP('',(#12837,#12838,#12839,#12840));
#12842=FACE_OUTER_BOUND('',#12841,.F.);
#12843=ADVANCED_FACE('',(#12842),#12836,.T.);
#12844=CARTESIAN_POINT('',(1.706087361687E2,3.E1,1.25E1));
#12845=DIRECTION('',(0.E0,1.E0,0.E0));
#12846=DIRECTION('',(-1.E0,0.E0,0.E0));
#12847=AXIS2_PLACEMENT_3D('',#12844,#12845,#12846);
#12848=CYLINDRICAL_SURFACE('',#12847,1.75E0);
#12849=ORIENTED_EDGE('',*,*,#10952,.F.);
#12851=ORIENTED_EDGE('',*,*,#12850,.T.);
#12852=ORIENTED_EDGE('',*,*,#11260,.T.);
#12854=ORIENTED_EDGE('',*,*,#12853,.F.);
#12855=EDGE_LOOP('',(#12849,#12851,#12852,#12854));
#12856=FACE_OUTER_BOUND('',#12855,.F.);
#12857=ADVANCED_FACE('',(#12856),#12848,.F.);
#12858=CARTESIAN_POINT('',(1.706087361687E2,3.E1,1.25E1));
#12859=DIRECTION('',(0.E0,1.E0,0.E0));
#12860=DIRECTION('',(-1.E0,0.E0,0.E0));
#12861=AXIS2_PLACEMENT_3D('',#12858,#12859,#12860);
#12862=CYLINDRICAL_SURFACE('',#12861,1.75E0);
#12863=ORIENTED_EDGE('',*,*,#10954,.F.);
#12864=ORIENTED_EDGE('',*,*,#12853,.T.);
#12865=ORIENTED_EDGE('',*,*,#11262,.T.);
#12866=ORIENTED_EDGE('',*,*,#12850,.F.);
#12867=EDGE_LOOP('',(#12863,#12864,#12865,#12866));
#12868=FACE_OUTER_BOUND('',#12867,.F.);
#12869=ADVANCED_FACE('',(#12868),#12862,.F.);
#12870=CARTESIAN_POINT('',(1.766629447663E1,3.E1,-3.375E0));
#12871=DIRECTION('',(0.E0,0.E0,1.E0));
#12872=DIRECTION('',(1.E0,0.E0,0.E0));
#12873=AXIS2_PLACEMENT_3D('',#12870,#12871,#12872);
#12874=PLANE('',#12873);
#12875=ORIENTED_EDGE('',*,*,#9758,.F.);
#12877=ORIENTED_EDGE('',*,*,#12876,.T.);
#12879=ORIENTED_EDGE('',*,*,#12878,.T.);
#12881=ORIENTED_EDGE('',*,*,#12880,.F.);
#12882=EDGE_LOOP('',(#12875,#12877,#12879,#12881));
#12883=FACE_OUTER_BOUND('',#12882,.F.);
#12884=ADVANCED_FACE('',(#12883),#12874,.T.);
#12885=CARTESIAN_POINT('',(1.766629447663E1,3.E1,-3.9375E0));
#12886=DIRECTION('',(-1.E0,0.E0,0.E0));
#12887=DIRECTION('',(0.E0,0.E0,1.E0));
#12888=AXIS2_PLACEMENT_3D('',#12885,#12886,#12887);
#12889=PLANE('',#12888);
#12890=ORIENTED_EDGE('',*,*,#9770,.F.);
#12892=ORIENTED_EDGE('',*,*,#12891,.T.);
#12894=ORIENTED_EDGE('',*,*,#12893,.T.);
#12895=ORIENTED_EDGE('',*,*,#12876,.F.);
#12896=EDGE_LOOP('',(#12890,#12892,#12894,#12895));
#12897=FACE_OUTER_BOUND('',#12896,.F.);
#12898=ADVANCED_FACE('',(#12897),#12889,.T.);
#12899=CARTESIAN_POINT('',(2.140033712113E1,3.E1,-3.9375E0));
#12900=DIRECTION('',(0.E0,0.E0,-1.E0));
#12901=DIRECTION('',(-1.E0,0.E0,0.E0));
#12902=AXIS2_PLACEMENT_3D('',#12899,#12900,#12901);
#12903=PLANE('',#12902);
#12904=ORIENTED_EDGE('',*,*,#9768,.F.);
#12906=ORIENTED_EDGE('',*,*,#12905,.T.);
#12908=ORIENTED_EDGE('',*,*,#12907,.T.);
#12909=ORIENTED_EDGE('',*,*,#12891,.F.);
#12910=EDGE_LOOP('',(#12904,#12906,#12908,#12909));
#12911=FACE_OUTER_BOUND('',#12910,.F.);
#12912=ADVANCED_FACE('',(#12911),#12903,.T.);
#12913=CARTESIAN_POINT('',(2.073012416684E1,3.E1,-4.5E0));
#12914=DIRECTION('',(-6.428711427642E-1,0.E0,7.659743427825E-1));
#12915=DIRECTION('',(7.659743427825E-1,0.E0,6.428711427642E-1));
#12916=AXIS2_PLACEMENT_3D('',#12913,#12914,#12915);
#12917=PLANE('',#12916);
#12918=ORIENTED_EDGE('',*,*,#9766,.F.);
#12920=ORIENTED_EDGE('',*,*,#12919,.T.);
#12922=ORIENTED_EDGE('',*,*,#12921,.T.);
#12923=ORIENTED_EDGE('',*,*,#12905,.F.);
#12924=EDGE_LOOP('',(#12918,#12920,#12922,#12923));
#12925=FACE_OUTER_BOUND('',#12924,.F.);
#12926=ADVANCED_FACE('',(#12925),#12917,.T.);
#12927=CARTESIAN_POINT('',(2.149608179056E1,3.E1,-4.5E0));
#12928=DIRECTION('',(0.E0,0.E0,-1.E0));
#12929=DIRECTION('',(-1.E0,0.E0,0.E0));
#12930=AXIS2_PLACEMENT_3D('',#12927,#12928,#12929);
#12931=PLANE('',#12930);
#12932=ORIENTED_EDGE('',*,*,#9764,.F.);
#12934=ORIENTED_EDGE('',*,*,#12933,.T.);
#12936=ORIENTED_EDGE('',*,*,#12935,.T.);
#12937=ORIENTED_EDGE('',*,*,#12919,.F.);
#12938=EDGE_LOOP('',(#12932,#12934,#12936,#12937));
#12939=FACE_OUTER_BOUND('',#12938,.F.);
#12940=ADVANCED_FACE('',(#12939),#12931,.T.);
#12941=CARTESIAN_POINT('',(2.216629447663E1,3.E1,-3.9375E0));
#12942=DIRECTION('',(6.428712937139E-1,0.E0,-7.659742160926E-1));
#12943=DIRECTION('',(-7.659742160926E-1,0.E0,-6.428712937139E-1));
#12944=AXIS2_PLACEMENT_3D('',#12941,#12942,#12943);
#12945=PLANE('',#12944);
#12946=ORIENTED_EDGE('',*,*,#9762,.F.);
#12948=ORIENTED_EDGE('',*,*,#12947,.T.);
#12950=ORIENTED_EDGE('',*,*,#12949,.T.);
#12951=ORIENTED_EDGE('',*,*,#12933,.F.);
#12952=EDGE_LOOP('',(#12946,#12948,#12950,#12951));
#12953=FACE_OUTER_BOUND('',#12952,.F.);
#12954=ADVANCED_FACE('',(#12953),#12945,.T.);
#12955=CARTESIAN_POINT('',(2.216629447663E1,3.E1,-3.375E0));
#12956=DIRECTION('',(1.E0,0.E0,0.E0));
#12957=DIRECTION('',(0.E0,0.E0,-1.E0));
#12958=AXIS2_PLACEMENT_3D('',#12955,#12956,#12957);
#12959=PLANE('',#12958);
#12960=ORIENTED_EDGE('',*,*,#9760,.F.);
#12961=ORIENTED_EDGE('',*,*,#12880,.T.);
#12963=ORIENTED_EDGE('',*,*,#12962,.T.);
#12964=ORIENTED_EDGE('',*,*,#12947,.F.);
#12965=EDGE_LOOP('',(#12960,#12961,#12963,#12964));
#12966=FACE_OUTER_BOUND('',#12965,.F.);
#12967=ADVANCED_FACE('',(#12966),#12959,.T.);
#12968=CARTESIAN_POINT('',(0.E0,3.1E1,0.E0));
#12969=DIRECTION('',(0.E0,1.E0,0.E0));
#12970=DIRECTION('',(-1.E0,0.E0,0.E0));
#12971=AXIS2_PLACEMENT_3D('',#12968,#12969,#12970);
#12972=PLANE('',#12971);
#12974=ORIENTED_EDGE('',*,*,#12973,.F.);
#12976=ORIENTED_EDGE('',*,*,#12975,.F.);
#12978=ORIENTED_EDGE('',*,*,#12977,.F.);
#12980=ORIENTED_EDGE('',*,*,#12979,.F.);
#12982=ORIENTED_EDGE('',*,*,#12981,.F.);
#12984=ORIENTED_EDGE('',*,*,#12983,.F.);
#12986=ORIENTED_EDGE('',*,*,#12985,.F.);
#12988=ORIENTED_EDGE('',*,*,#12987,.F.);
#12990=ORIENTED_EDGE('',*,*,#12989,.F.);
#12992=ORIENTED_EDGE('',*,*,#12991,.F.);
#12994=ORIENTED_EDGE('',*,*,#12993,.F.);
#12996=ORIENTED_EDGE('',*,*,#12995,.F.);
#12998=ORIENTED_EDGE('',*,*,#12997,.F.);
#13000=ORIENTED_EDGE('',*,*,#12999,.F.);
#13002=ORIENTED_EDGE('',*,*,#13001,.F.);
#13004=ORIENTED_EDGE('',*,*,#13003,.F.);
#13006=ORIENTED_EDGE('',*,*,#13005,.F.);
#13008=ORIENTED_EDGE('',*,*,#13007,.F.);
#13010=ORIENTED_EDGE('',*,*,#13009,.F.);
#13012=ORIENTED_EDGE('',*,*,#13011,.F.);
#13014=ORIENTED_EDGE('',*,*,#13013,.F.);
#13016=ORIENTED_EDGE('',*,*,#13015,.F.);
#13018=ORIENTED_EDGE('',*,*,#13017,.F.);
#13020=ORIENTED_EDGE('',*,*,#13019,.F.);
#13022=ORIENTED_EDGE('',*,*,#13021,.F.);
#13024=ORIENTED_EDGE('',*,*,#13023,.F.);
#13026=ORIENTED_EDGE('',*,*,#13025,.F.);
#13028=ORIENTED_EDGE('',*,*,#13027,.F.);
#13030=ORIENTED_EDGE('',*,*,#13029,.F.);
#13032=ORIENTED_EDGE('',*,*,#13031,.F.);
#13034=ORIENTED_EDGE('',*,*,#13033,.F.);
#13036=ORIENTED_EDGE('',*,*,#13035,.F.);
#13038=ORIENTED_EDGE('',*,*,#13037,.F.);
#13040=ORIENTED_EDGE('',*,*,#13039,.F.);
#13042=ORIENTED_EDGE('',*,*,#13041,.F.);
#13044=ORIENTED_EDGE('',*,*,#13043,.F.);
#13046=ORIENTED_EDGE('',*,*,#13045,.F.);
#13048=ORIENTED_EDGE('',*,*,#13047,.F.);
#13050=ORIENTED_EDGE('',*,*,#13049,.F.);
#13052=ORIENTED_EDGE('',*,*,#13051,.F.);
#13053=EDGE_LOOP('',(#12974,#12976,#12978,#12980,#12982,#12984,#12986,#12988,
#12990,#12992,#12994,#12996,#12998,#13000,#13002,#13004,#13006,#13008,#13010,
#13012,#13014,#13016,#13018,#13020,#13022,#13024,#13026,#13028,#13030,#13032,
#13034,#13036,#13038,#13040,#13042,#13044,#13046,#13048,#13050,#13052));
#13054=FACE_OUTER_BOUND('',#13053,.F.);
#13056=ORIENTED_EDGE('',*,*,#13055,.F.);
#13058=ORIENTED_EDGE('',*,*,#13057,.F.);
#13060=ORIENTED_EDGE('',*,*,#13059,.F.);
#13062=ORIENTED_EDGE('',*,*,#13061,.F.);
#13064=ORIENTED_EDGE('',*,*,#13063,.F.);
#13066=ORIENTED_EDGE('',*,*,#13065,.F.);
#13068=ORIENTED_EDGE('',*,*,#13067,.F.);
#13070=ORIENTED_EDGE('',*,*,#13069,.F.);
#13072=ORIENTED_EDGE('',*,*,#13071,.F.);
#13074=ORIENTED_EDGE('',*,*,#13073,.F.);
#13076=ORIENTED_EDGE('',*,*,#13075,.F.);
#13078=ORIENTED_EDGE('',*,*,#13077,.F.);
#13080=ORIENTED_EDGE('',*,*,#13079,.F.);
#13082=ORIENTED_EDGE('',*,*,#13081,.F.);
#13084=ORIENTED_EDGE('',*,*,#13083,.F.);
#13086=ORIENTED_EDGE('',*,*,#13085,.F.);
#13088=ORIENTED_EDGE('',*,*,#13087,.F.);
#13090=ORIENTED_EDGE('',*,*,#13089,.F.);
#13092=ORIENTED_EDGE('',*,*,#13091,.F.);
#13094=ORIENTED_EDGE('',*,*,#13093,.F.);
#13095=EDGE_LOOP('',(#13056,#13058,#13060,#13062,#13064,#13066,#13068,#13070,
#13072,#13074,#13076,#13078,#13080,#13082,#13084,#13086,#13088,#13090,#13092,
#13094));
#13096=FACE_BOUND('',#13095,.F.);
#13097=ADVANCED_FACE('',(#13054,#13096),#12972,.T.);
#13098=CARTESIAN_POINT('',(0.E0,3.1E1,0.E0));
#13099=DIRECTION('',(0.E0,1.E0,0.E0));
#13100=DIRECTION('',(-1.E0,0.E0,0.E0));
#13101=AXIS2_PLACEMENT_3D('',#13098,#13099,#13100);
#13102=PLANE('',#13101);
#13104=ORIENTED_EDGE('',*,*,#13103,.F.);
#13106=ORIENTED_EDGE('',*,*,#13105,.F.);
#13108=ORIENTED_EDGE('',*,*,#13107,.F.);
#13110=ORIENTED_EDGE('',*,*,#13109,.F.);
#13112=ORIENTED_EDGE('',*,*,#13111,.F.);
#13114=ORIENTED_EDGE('',*,*,#13113,.F.);
#13116=ORIENTED_EDGE('',*,*,#13115,.F.);
#13118=ORIENTED_EDGE('',*,*,#13117,.F.);
#13120=ORIENTED_EDGE('',*,*,#13119,.F.);
#13122=ORIENTED_EDGE('',*,*,#13121,.F.);
#13124=ORIENTED_EDGE('',*,*,#13123,.F.);
#13126=ORIENTED_EDGE('',*,*,#13125,.F.);
#13128=ORIENTED_EDGE('',*,*,#13127,.F.);
#13130=ORIENTED_EDGE('',*,*,#13129,.F.);
#13132=ORIENTED_EDGE('',*,*,#13131,.F.);
#13134=ORIENTED_EDGE('',*,*,#13133,.F.);
#13136=ORIENTED_EDGE('',*,*,#13135,.F.);
#13138=ORIENTED_EDGE('',*,*,#13137,.F.);
#13140=ORIENTED_EDGE('',*,*,#13139,.F.);
#13142=ORIENTED_EDGE('',*,*,#13141,.F.);
#13144=ORIENTED_EDGE('',*,*,#13143,.F.);
#13146=ORIENTED_EDGE('',*,*,#13145,.F.);
#13148=ORIENTED_EDGE('',*,*,#13147,.F.);
#13150=ORIENTED_EDGE('',*,*,#13149,.F.);
#13152=ORIENTED_EDGE('',*,*,#13151,.F.);
#13154=ORIENTED_EDGE('',*,*,#13153,.F.);
#13156=ORIENTED_EDGE('',*,*,#13155,.F.);
#13158=ORIENTED_EDGE('',*,*,#13157,.F.);
#13160=ORIENTED_EDGE('',*,*,#13159,.F.);
#13162=ORIENTED_EDGE('',*,*,#13161,.F.);
#13164=ORIENTED_EDGE('',*,*,#13163,.F.);
#13166=ORIENTED_EDGE('',*,*,#13165,.F.);
#13168=ORIENTED_EDGE('',*,*,#13167,.F.);
#13170=ORIENTED_EDGE('',*,*,#13169,.F.);
#13172=ORIENTED_EDGE('',*,*,#13171,.F.);
#13174=ORIENTED_EDGE('',*,*,#13173,.F.);
#13176=ORIENTED_EDGE('',*,*,#13175,.F.);
#13178=ORIENTED_EDGE('',*,*,#13177,.F.);
#13180=ORIENTED_EDGE('',*,*,#13179,.F.);
#13182=ORIENTED_EDGE('',*,*,#13181,.F.);
#13184=ORIENTED_EDGE('',*,*,#13183,.F.);
#13186=ORIENTED_EDGE('',*,*,#13185,.F.);
#13188=ORIENTED_EDGE('',*,*,#13187,.F.);
#13190=ORIENTED_EDGE('',*,*,#13189,.F.);
#13192=ORIENTED_EDGE('',*,*,#13191,.F.);
#13194=ORIENTED_EDGE('',*,*,#13193,.F.);
#13196=ORIENTED_EDGE('',*,*,#13195,.F.);
#13198=ORIENTED_EDGE('',*,*,#13197,.F.);
#13200=ORIENTED_EDGE('',*,*,#13199,.F.);
#13202=ORIENTED_EDGE('',*,*,#13201,.F.);
#13204=ORIENTED_EDGE('',*,*,#13203,.F.);
#13206=ORIENTED_EDGE('',*,*,#13205,.F.);
#13208=ORIENTED_EDGE('',*,*,#13207,.F.);
#13210=ORIENTED_EDGE('',*,*,#13209,.F.);
#13212=ORIENTED_EDGE('',*,*,#13211,.F.);
#13214=ORIENTED_EDGE('',*,*,#13213,.F.);
#13216=ORIENTED_EDGE('',*,*,#13215,.F.);
#13217=EDGE_LOOP('',(#13104,#13106,#13108,#13110,#13112,#13114,#13116,#13118,
#13120,#13122,#13124,#13126,#13128,#13130,#13132,#13134,#13136,#13138,#13140,
#13142,#13144,#13146,#13148,#13150,#13152,#13154,#13156,#13158,#13160,#13162,
#13164,#13166,#13168,#13170,#13172,#13174,#13176,#13178,#13180,#13182,#13184,
#13186,#13188,#13190,#13192,#13194,#13196,#13198,#13200,#13202,#13204,#13206,
#13208,#13210,#13212,#13214,#13216));
#13218=FACE_OUTER_BOUND('',#13217,.F.);
#13219=ADVANCED_FACE('',(#13218),#13102,.T.);
#13220=CARTESIAN_POINT('',(0.E0,3.1E1,0.E0));
#13221=DIRECTION('',(0.E0,1.E0,0.E0));
#13222=DIRECTION('',(-1.E0,0.E0,0.E0));
#13223=AXIS2_PLACEMENT_3D('',#13220,#13221,#13222);
#13224=PLANE('',#13223);
#13226=ORIENTED_EDGE('',*,*,#13225,.F.);
#13228=ORIENTED_EDGE('',*,*,#13227,.F.);
#13230=ORIENTED_EDGE('',*,*,#13229,.F.);
#13232=ORIENTED_EDGE('',*,*,#13231,.F.);
#13234=ORIENTED_EDGE('',*,*,#13233,.F.);
#13236=ORIENTED_EDGE('',*,*,#13235,.F.);
#13238=ORIENTED_EDGE('',*,*,#13237,.F.);
#13239=EDGE_LOOP('',(#13226,#13228,#13230,#13232,#13234,#13236,#13238));
#13240=FACE_OUTER_BOUND('',#13239,.F.);
#13241=ADVANCED_FACE('',(#13240),#13224,.T.);
#13242=CARTESIAN_POINT('',(0.E0,3.1E1,0.E0));
#13243=DIRECTION('',(0.E0,1.E0,0.E0));
#13244=DIRECTION('',(-1.E0,0.E0,0.E0));
#13245=AXIS2_PLACEMENT_3D('',#13242,#13243,#13244);
#13246=PLANE('',#13245);
#13248=ORIENTED_EDGE('',*,*,#13247,.F.);
#13250=ORIENTED_EDGE('',*,*,#13249,.F.);
#13252=ORIENTED_EDGE('',*,*,#13251,.F.);
#13254=ORIENTED_EDGE('',*,*,#13253,.F.);
#13256=ORIENTED_EDGE('',*,*,#13255,.F.);
#13258=ORIENTED_EDGE('',*,*,#13257,.F.);
#13260=ORIENTED_EDGE('',*,*,#13259,.F.);
#13262=ORIENTED_EDGE('',*,*,#13261,.F.);
#13264=ORIENTED_EDGE('',*,*,#13263,.F.);
#13266=ORIENTED_EDGE('',*,*,#13265,.F.);
#13268=ORIENTED_EDGE('',*,*,#13267,.F.);
#13270=ORIENTED_EDGE('',*,*,#13269,.F.);
#13272=ORIENTED_EDGE('',*,*,#13271,.F.);
#13274=ORIENTED_EDGE('',*,*,#13273,.F.);
#13276=ORIENTED_EDGE('',*,*,#13275,.F.);
#13278=ORIENTED_EDGE('',*,*,#13277,.F.);
#13280=ORIENTED_EDGE('',*,*,#13279,.F.);
#13282=ORIENTED_EDGE('',*,*,#13281,.F.);
#13284=ORIENTED_EDGE('',*,*,#13283,.F.);
#13286=ORIENTED_EDGE('',*,*,#13285,.F.);
#13288=ORIENTED_EDGE('',*,*,#13287,.F.);
#13290=ORIENTED_EDGE('',*,*,#13289,.F.);
#13292=ORIENTED_EDGE('',*,*,#13291,.F.);
#13294=ORIENTED_EDGE('',*,*,#13293,.F.);
#13296=ORIENTED_EDGE('',*,*,#13295,.F.);
#13298=ORIENTED_EDGE('',*,*,#13297,.F.);
#13299=EDGE_LOOP('',(#13248,#13250,#13252,#13254,#13256,#13258,#13260,#13262,
#13264,#13266,#13268,#13270,#13272,#13274,#13276,#13278,#13280,#13282,#13284,
#13286,#13288,#13290,#13292,#13294,#13296,#13298));
#13300=FACE_OUTER_BOUND('',#13299,.F.);
#13302=ORIENTED_EDGE('',*,*,#13301,.F.);
#13304=ORIENTED_EDGE('',*,*,#13303,.F.);
#13306=ORIENTED_EDGE('',*,*,#13305,.F.);
#13308=ORIENTED_EDGE('',*,*,#13307,.F.);
#13310=ORIENTED_EDGE('',*,*,#13309,.F.);
#13312=ORIENTED_EDGE('',*,*,#13311,.F.);
#13314=ORIENTED_EDGE('',*,*,#13313,.F.);
#13316=ORIENTED_EDGE('',*,*,#13315,.F.);
#13318=ORIENTED_EDGE('',*,*,#13317,.F.);
#13320=ORIENTED_EDGE('',*,*,#13319,.F.);
#13322=ORIENTED_EDGE('',*,*,#13321,.F.);
#13324=ORIENTED_EDGE('',*,*,#13323,.F.);
#13326=ORIENTED_EDGE('',*,*,#13325,.F.);
#13328=ORIENTED_EDGE('',*,*,#13327,.F.);
#13330=ORIENTED_EDGE('',*,*,#13329,.F.);
#13332=ORIENTED_EDGE('',*,*,#13331,.F.);
#13334=ORIENTED_EDGE('',*,*,#13333,.F.);
#13336=ORIENTED_EDGE('',*,*,#13335,.F.);
#13337=EDGE_LOOP('',(#13302,#13304,#13306,#13308,#13310,#13312,#13314,#13316,
#13318,#13320,#13322,#13324,#13326,#13328,#13330,#13332,#13334,#13336));
#13338=FACE_BOUND('',#13337,.F.);
#13339=ADVANCED_FACE('',(#13300,#13338),#13246,.T.);
#13340=CARTESIAN_POINT('',(0.E0,3.1E1,0.E0));
#13341=DIRECTION('',(0.E0,1.E0,0.E0));
#13342=DIRECTION('',(-1.E0,0.E0,0.E0));
#13343=AXIS2_PLACEMENT_3D('',#13340,#13341,#13342);
#13344=PLANE('',#13343);
#13346=ORIENTED_EDGE('',*,*,#13345,.F.);
#13348=ORIENTED_EDGE('',*,*,#13347,.F.);
#13350=ORIENTED_EDGE('',*,*,#13349,.F.);
#13352=ORIENTED_EDGE('',*,*,#13351,.F.);
#13354=ORIENTED_EDGE('',*,*,#13353,.F.);
#13356=ORIENTED_EDGE('',*,*,#13355,.F.);
#13358=ORIENTED_EDGE('',*,*,#13357,.F.);
#13360=ORIENTED_EDGE('',*,*,#13359,.F.);
#13362=ORIENTED_EDGE('',*,*,#13361,.F.);
#13364=ORIENTED_EDGE('',*,*,#13363,.F.);
#13366=ORIENTED_EDGE('',*,*,#13365,.F.);
#13368=ORIENTED_EDGE('',*,*,#13367,.F.);
#13370=ORIENTED_EDGE('',*,*,#13369,.F.);
#13372=ORIENTED_EDGE('',*,*,#13371,.F.);
#13374=ORIENTED_EDGE('',*,*,#13373,.F.);
#13376=ORIENTED_EDGE('',*,*,#13375,.F.);
#13378=ORIENTED_EDGE('',*,*,#13377,.F.);
#13380=ORIENTED_EDGE('',*,*,#13379,.F.);
#13382=ORIENTED_EDGE('',*,*,#13381,.F.);
#13384=ORIENTED_EDGE('',*,*,#13383,.F.);
#13386=ORIENTED_EDGE('',*,*,#13385,.F.);
#13388=ORIENTED_EDGE('',*,*,#13387,.F.);
#13390=ORIENTED_EDGE('',*,*,#13389,.F.);
#13392=ORIENTED_EDGE('',*,*,#13391,.F.);
#13394=ORIENTED_EDGE('',*,*,#13393,.F.);
#13396=ORIENTED_EDGE('',*,*,#13395,.F.);
#13398=ORIENTED_EDGE('',*,*,#13397,.F.);
#13400=ORIENTED_EDGE('',*,*,#13399,.F.);
#13402=ORIENTED_EDGE('',*,*,#13401,.F.);
#13404=ORIENTED_EDGE('',*,*,#13403,.F.);
#13406=ORIENTED_EDGE('',*,*,#13405,.F.);
#13408=ORIENTED_EDGE('',*,*,#13407,.F.);
#13410=ORIENTED_EDGE('',*,*,#13409,.F.);
#13412=ORIENTED_EDGE('',*,*,#13411,.F.);
#13414=ORIENTED_EDGE('',*,*,#13413,.F.);
#13416=ORIENTED_EDGE('',*,*,#13415,.F.);
#13418=ORIENTED_EDGE('',*,*,#13417,.F.);
#13420=ORIENTED_EDGE('',*,*,#13419,.F.);
#13422=ORIENTED_EDGE('',*,*,#13421,.F.);
#13424=ORIENTED_EDGE('',*,*,#13423,.F.);
#13425=EDGE_LOOP('',(#13346,#13348,#13350,#13352,#13354,#13356,#13358,#13360,
#13362,#13364,#13366,#13368,#13370,#13372,#13374,#13376,#13378,#13380,#13382,
#13384,#13386,#13388,#13390,#13392,#13394,#13396,#13398,#13400,#13402,#13404,
#13406,#13408,#13410,#13412,#13414,#13416,#13418,#13420,#13422,#13424));
#13426=FACE_OUTER_BOUND('',#13425,.F.);
#13427=ADVANCED_FACE('',(#13426),#13344,.T.);
#13428=CARTESIAN_POINT('',(0.E0,3.1E1,0.E0));
#13429=DIRECTION('',(0.E0,1.E0,0.E0));
#13430=DIRECTION('',(-1.E0,0.E0,0.E0));
#13431=AXIS2_PLACEMENT_3D('',#13428,#13429,#13430);
#13432=PLANE('',#13431);
#13434=ORIENTED_EDGE('',*,*,#13433,.F.);
#13436=ORIENTED_EDGE('',*,*,#13435,.F.);
#13438=ORIENTED_EDGE('',*,*,#13437,.F.);
#13440=ORIENTED_EDGE('',*,*,#13439,.F.);
#13442=ORIENTED_EDGE('',*,*,#13441,.F.);
#13444=ORIENTED_EDGE('',*,*,#13443,.F.);
#13446=ORIENTED_EDGE('',*,*,#13445,.F.);
#13447=EDGE_LOOP('',(#13434,#13436,#13438,#13440,#13442,#13444,#13446));
#13448=FACE_OUTER_BOUND('',#13447,.F.);
#13449=ADVANCED_FACE('',(#13448),#13432,.T.);
#13450=CARTESIAN_POINT('',(0.E0,3.1E1,0.E0));
#13451=DIRECTION('',(0.E0,1.E0,0.E0));
#13452=DIRECTION('',(-1.E0,0.E0,0.E0));
#13453=AXIS2_PLACEMENT_3D('',#13450,#13451,#13452);
#13454=PLANE('',#13453);
#13456=ORIENTED_EDGE('',*,*,#13455,.F.);
#13458=ORIENTED_EDGE('',*,*,#13457,.F.);
#13460=ORIENTED_EDGE('',*,*,#13459,.F.);
#13462=ORIENTED_EDGE('',*,*,#13461,.F.);
#13464=ORIENTED_EDGE('',*,*,#13463,.F.);
#13466=ORIENTED_EDGE('',*,*,#13465,.F.);
#13468=ORIENTED_EDGE('',*,*,#13467,.F.);
#13469=EDGE_LOOP('',(#13456,#13458,#13460,#13462,#13464,#13466,#13468));
#13470=FACE_OUTER_BOUND('',#13469,.F.);
#13471=ADVANCED_FACE('',(#13470),#13454,.T.);
#13472=CARTESIAN_POINT('',(0.E0,3.1E1,0.E0));
#13473=DIRECTION('',(0.E0,1.E0,0.E0));
#13474=DIRECTION('',(-1.E0,0.E0,0.E0));
#13475=AXIS2_PLACEMENT_3D('',#13472,#13473,#13474);
#13476=PLANE('',#13475);
#13478=ORIENTED_EDGE('',*,*,#13477,.F.);
#13480=ORIENTED_EDGE('',*,*,#13479,.F.);
#13482=ORIENTED_EDGE('',*,*,#13481,.F.);
#13484=ORIENTED_EDGE('',*,*,#13483,.F.);
#13486=ORIENTED_EDGE('',*,*,#13485,.F.);
#13488=ORIENTED_EDGE('',*,*,#13487,.F.);
#13490=ORIENTED_EDGE('',*,*,#13489,.F.);
#13492=ORIENTED_EDGE('',*,*,#13491,.F.);
#13494=ORIENTED_EDGE('',*,*,#13493,.F.);
#13496=ORIENTED_EDGE('',*,*,#13495,.F.);
#13498=ORIENTED_EDGE('',*,*,#13497,.F.);
#13500=ORIENTED_EDGE('',*,*,#13499,.F.);
#13502=ORIENTED_EDGE('',*,*,#13501,.F.);
#13504=ORIENTED_EDGE('',*,*,#13503,.F.);
#13506=ORIENTED_EDGE('',*,*,#13505,.F.);
#13508=ORIENTED_EDGE('',*,*,#13507,.F.);
#13510=ORIENTED_EDGE('',*,*,#13509,.F.);
#13512=ORIENTED_EDGE('',*,*,#13511,.F.);
#13514=ORIENTED_EDGE('',*,*,#13513,.F.);
#13516=ORIENTED_EDGE('',*,*,#13515,.F.);
#13518=ORIENTED_EDGE('',*,*,#13517,.F.);
#13520=ORIENTED_EDGE('',*,*,#13519,.F.);
#13522=ORIENTED_EDGE('',*,*,#13521,.F.);
#13524=ORIENTED_EDGE('',*,*,#13523,.F.);
#13526=ORIENTED_EDGE('',*,*,#13525,.F.);
#13528=ORIENTED_EDGE('',*,*,#13527,.F.);
#13530=ORIENTED_EDGE('',*,*,#13529,.F.);
#13532=ORIENTED_EDGE('',*,*,#13531,.F.);
#13534=ORIENTED_EDGE('',*,*,#13533,.F.);
#13536=ORIENTED_EDGE('',*,*,#13535,.F.);
#13538=ORIENTED_EDGE('',*,*,#13537,.F.);
#13540=ORIENTED_EDGE('',*,*,#13539,.F.);
#13542=ORIENTED_EDGE('',*,*,#13541,.F.);
#13544=ORIENTED_EDGE('',*,*,#13543,.F.);
#13545=EDGE_LOOP('',(#13478,#13480,#13482,#13484,#13486,#13488,#13490,#13492,
#13494,#13496,#13498,#13500,#13502,#13504,#13506,#13508,#13510,#13512,#13514,
#13516,#13518,#13520,#13522,#13524,#13526,#13528,#13530,#13532,#13534,#13536,
#13538,#13540,#13542,#13544));
#13546=FACE_OUTER_BOUND('',#13545,.F.);
#13548=ORIENTED_EDGE('',*,*,#13547,.F.);
#13550=ORIENTED_EDGE('',*,*,#13549,.F.);
#13552=ORIENTED_EDGE('',*,*,#13551,.F.);
#13554=ORIENTED_EDGE('',*,*,#13553,.F.);
#13556=ORIENTED_EDGE('',*,*,#13555,.F.);
#13558=ORIENTED_EDGE('',*,*,#13557,.F.);
#13560=ORIENTED_EDGE('',*,*,#13559,.F.);
#13562=ORIENTED_EDGE('',*,*,#13561,.F.);
#13564=ORIENTED_EDGE('',*,*,#13563,.F.);
#13566=ORIENTED_EDGE('',*,*,#13565,.F.);
#13568=ORIENTED_EDGE('',*,*,#13567,.F.);
#13570=ORIENTED_EDGE('',*,*,#13569,.F.);
#13572=ORIENTED_EDGE('',*,*,#13571,.F.);
#13574=ORIENTED_EDGE('',*,*,#13573,.F.);
#13576=ORIENTED_EDGE('',*,*,#13575,.F.);
#13578=ORIENTED_EDGE('',*,*,#13577,.F.);
#13579=EDGE_LOOP('',(#13548,#13550,#13552,#13554,#13556,#13558,#13560,#13562,
#13564,#13566,#13568,#13570,#13572,#13574,#13576,#13578));
#13580=FACE_BOUND('',#13579,.F.);
#13582=ORIENTED_EDGE('',*,*,#13581,.F.);
#13584=ORIENTED_EDGE('',*,*,#13583,.F.);
#13586=ORIENTED_EDGE('',*,*,#13585,.F.);
#13588=ORIENTED_EDGE('',*,*,#13587,.F.);
#13590=ORIENTED_EDGE('',*,*,#13589,.F.);
#13592=ORIENTED_EDGE('',*,*,#13591,.F.);
#13594=ORIENTED_EDGE('',*,*,#13593,.F.);
#13596=ORIENTED_EDGE('',*,*,#13595,.F.);
#13598=ORIENTED_EDGE('',*,*,#13597,.F.);
#13600=ORIENTED_EDGE('',*,*,#13599,.F.);
#13602=ORIENTED_EDGE('',*,*,#13601,.F.);
#13604=ORIENTED_EDGE('',*,*,#13603,.F.);
#13606=ORIENTED_EDGE('',*,*,#13605,.F.);
#13608=ORIENTED_EDGE('',*,*,#13607,.F.);
#13610=ORIENTED_EDGE('',*,*,#13609,.F.);
#13612=ORIENTED_EDGE('',*,*,#13611,.F.);
#13613=EDGE_LOOP('',(#13582,#13584,#13586,#13588,#13590,#13592,#13594,#13596,
#13598,#13600,#13602,#13604,#13606,#13608,#13610,#13612));
#13614=FACE_BOUND('',#13613,.F.);
#13615=ADVANCED_FACE('',(#13546,#13580,#13614),#13476,.T.);
#13616=CARTESIAN_POINT('',(0.E0,3.1E1,0.E0));
#13617=DIRECTION('',(0.E0,1.E0,0.E0));
#13618=DIRECTION('',(-1.E0,0.E0,0.E0));
#13619=AXIS2_PLACEMENT_3D('',#13616,#13617,#13618);
#13620=PLANE('',#13619);
#13622=ORIENTED_EDGE('',*,*,#13621,.F.);
#13624=ORIENTED_EDGE('',*,*,#13623,.F.);
#13626=ORIENTED_EDGE('',*,*,#13625,.F.);
#13628=ORIENTED_EDGE('',*,*,#13627,.F.);
#13630=ORIENTED_EDGE('',*,*,#13629,.F.);
#13632=ORIENTED_EDGE('',*,*,#13631,.F.);
#13634=ORIENTED_EDGE('',*,*,#13633,.F.);
#13635=EDGE_LOOP('',(#13622,#13624,#13626,#13628,#13630,#13632,#13634));
#13636=FACE_OUTER_BOUND('',#13635,.F.);
#13637=ADVANCED_FACE('',(#13636),#13620,.T.);
#13638=CARTESIAN_POINT('',(0.E0,3.1E1,0.E0));
#13639=DIRECTION('',(0.E0,1.E0,0.E0));
#13640=DIRECTION('',(-1.E0,0.E0,0.E0));
#13641=AXIS2_PLACEMENT_3D('',#13638,#13639,#13640);
#13642=PLANE('',#13641);
#13644=ORIENTED_EDGE('',*,*,#13643,.F.);
#13646=ORIENTED_EDGE('',*,*,#13645,.F.);
#13648=ORIENTED_EDGE('',*,*,#13647,.F.);
#13650=ORIENTED_EDGE('',*,*,#13649,.F.);
#13652=ORIENTED_EDGE('',*,*,#13651,.F.);
#13654=ORIENTED_EDGE('',*,*,#13653,.F.);
#13656=ORIENTED_EDGE('',*,*,#13655,.F.);
#13658=ORIENTED_EDGE('',*,*,#13657,.F.);
#13660=ORIENTED_EDGE('',*,*,#13659,.F.);
#13662=ORIENTED_EDGE('',*,*,#13661,.F.);
#13664=ORIENTED_EDGE('',*,*,#13663,.F.);
#13666=ORIENTED_EDGE('',*,*,#13665,.F.);
#13668=ORIENTED_EDGE('',*,*,#13667,.F.);
#13670=ORIENTED_EDGE('',*,*,#13669,.F.);
#13672=ORIENTED_EDGE('',*,*,#13671,.F.);
#13674=ORIENTED_EDGE('',*,*,#13673,.F.);
#13676=ORIENTED_EDGE('',*,*,#13675,.F.);
#13678=ORIENTED_EDGE('',*,*,#13677,.F.);
#13680=ORIENTED_EDGE('',*,*,#13679,.F.);
#13682=ORIENTED_EDGE('',*,*,#13681,.F.);
#13684=ORIENTED_EDGE('',*,*,#13683,.F.);
#13686=ORIENTED_EDGE('',*,*,#13685,.F.);
#13688=ORIENTED_EDGE('',*,*,#13687,.F.);
#13690=ORIENTED_EDGE('',*,*,#13689,.F.);
#13692=ORIENTED_EDGE('',*,*,#13691,.F.);
#13694=ORIENTED_EDGE('',*,*,#13693,.F.);
#13696=ORIENTED_EDGE('',*,*,#13695,.F.);
#13698=ORIENTED_EDGE('',*,*,#13697,.F.);
#13700=ORIENTED_EDGE('',*,*,#13699,.F.);
#13702=ORIENTED_EDGE('',*,*,#13701,.F.);
#13704=ORIENTED_EDGE('',*,*,#13703,.F.);
#13706=ORIENTED_EDGE('',*,*,#13705,.F.);
#13708=ORIENTED_EDGE('',*,*,#13707,.F.);
#13710=ORIENTED_EDGE('',*,*,#13709,.F.);
#13712=ORIENTED_EDGE('',*,*,#13711,.F.);
#13714=ORIENTED_EDGE('',*,*,#13713,.F.);
#13716=ORIENTED_EDGE('',*,*,#13715,.F.);
#13718=ORIENTED_EDGE('',*,*,#13717,.F.);
#13720=ORIENTED_EDGE('',*,*,#13719,.F.);
#13722=ORIENTED_EDGE('',*,*,#13721,.F.);
#13724=ORIENTED_EDGE('',*,*,#13723,.F.);
#13726=ORIENTED_EDGE('',*,*,#13725,.F.);
#13728=ORIENTED_EDGE('',*,*,#13727,.F.);
#13730=ORIENTED_EDGE('',*,*,#13729,.F.);
#13732=ORIENTED_EDGE('',*,*,#13731,.F.);
#13734=ORIENTED_EDGE('',*,*,#13733,.F.);
#13736=ORIENTED_EDGE('',*,*,#13735,.F.);
#13738=ORIENTED_EDGE('',*,*,#13737,.F.);
#13740=ORIENTED_EDGE('',*,*,#13739,.F.);
#13742=ORIENTED_EDGE('',*,*,#13741,.F.);
#13744=ORIENTED_EDGE('',*,*,#13743,.F.);
#13746=ORIENTED_EDGE('',*,*,#13745,.F.);
#13748=ORIENTED_EDGE('',*,*,#13747,.F.);
#13750=ORIENTED_EDGE('',*,*,#13749,.F.);
#13752=ORIENTED_EDGE('',*,*,#13751,.F.);
#13754=ORIENTED_EDGE('',*,*,#13753,.F.);
#13756=ORIENTED_EDGE('',*,*,#13755,.F.);
#13757=EDGE_LOOP('',(#13644,#13646,#13648,#13650,#13652,#13654,#13656,#13658,
#13660,#13662,#13664,#13666,#13668,#13670,#13672,#13674,#13676,#13678,#13680,
#13682,#13684,#13686,#13688,#13690,#13692,#13694,#13696,#13698,#13700,#13702,
#13704,#13706,#13708,#13710,#13712,#13714,#13716,#13718,#13720,#13722,#13724,
#13726,#13728,#13730,#13732,#13734,#13736,#13738,#13740,#13742,#13744,#13746,
#13748,#13750,#13752,#13754,#13756));
#13758=FACE_OUTER_BOUND('',#13757,.F.);
#13759=ADVANCED_FACE('',(#13758),#13642,.T.);
#13760=CARTESIAN_POINT('',(0.E0,3.1E1,0.E0));
#13761=DIRECTION('',(0.E0,1.E0,0.E0));
#13762=DIRECTION('',(-1.E0,0.E0,0.E0));
#13763=AXIS2_PLACEMENT_3D('',#13760,#13761,#13762);
#13764=PLANE('',#13763);
#13766=ORIENTED_EDGE('',*,*,#13765,.F.);
#13768=ORIENTED_EDGE('',*,*,#13767,.F.);
#13770=ORIENTED_EDGE('',*,*,#13769,.F.);
#13772=ORIENTED_EDGE('',*,*,#13771,.F.);
#13774=ORIENTED_EDGE('',*,*,#13773,.F.);
#13776=ORIENTED_EDGE('',*,*,#13775,.F.);
#13778=ORIENTED_EDGE('',*,*,#13777,.F.);
#13780=ORIENTED_EDGE('',*,*,#13779,.F.);
#13782=ORIENTED_EDGE('',*,*,#13781,.F.);
#13784=ORIENTED_EDGE('',*,*,#13783,.F.);
#13786=ORIENTED_EDGE('',*,*,#13785,.F.);
#13788=ORIENTED_EDGE('',*,*,#13787,.F.);
#13790=ORIENTED_EDGE('',*,*,#13789,.F.);
#13792=ORIENTED_EDGE('',*,*,#13791,.F.);
#13794=ORIENTED_EDGE('',*,*,#13793,.F.);
#13796=ORIENTED_EDGE('',*,*,#13795,.F.);
#13798=ORIENTED_EDGE('',*,*,#13797,.F.);
#13800=ORIENTED_EDGE('',*,*,#13799,.F.);
#13802=ORIENTED_EDGE('',*,*,#13801,.F.);
#13804=ORIENTED_EDGE('',*,*,#13803,.F.);
#13806=ORIENTED_EDGE('',*,*,#13805,.F.);
#13808=ORIENTED_EDGE('',*,*,#13807,.F.);
#13810=ORIENTED_EDGE('',*,*,#13809,.F.);
#13812=ORIENTED_EDGE('',*,*,#13811,.F.);
#13814=ORIENTED_EDGE('',*,*,#13813,.F.);
#13816=ORIENTED_EDGE('',*,*,#13815,.F.);
#13818=ORIENTED_EDGE('',*,*,#13817,.F.);
#13820=ORIENTED_EDGE('',*,*,#13819,.F.);
#13822=ORIENTED_EDGE('',*,*,#13821,.F.);
#13824=ORIENTED_EDGE('',*,*,#13823,.F.);
#13826=ORIENTED_EDGE('',*,*,#13825,.F.);
#13828=ORIENTED_EDGE('',*,*,#13827,.F.);
#13830=ORIENTED_EDGE('',*,*,#13829,.F.);
#13832=ORIENTED_EDGE('',*,*,#13831,.F.);
#13834=ORIENTED_EDGE('',*,*,#13833,.F.);
#13836=ORIENTED_EDGE('',*,*,#13835,.F.);
#13838=ORIENTED_EDGE('',*,*,#13837,.F.);
#13840=ORIENTED_EDGE('',*,*,#13839,.F.);
#13842=ORIENTED_EDGE('',*,*,#13841,.F.);
#13844=ORIENTED_EDGE('',*,*,#13843,.F.);
#13846=ORIENTED_EDGE('',*,*,#13845,.F.);
#13848=ORIENTED_EDGE('',*,*,#13847,.F.);
#13850=ORIENTED_EDGE('',*,*,#13849,.F.);
#13852=ORIENTED_EDGE('',*,*,#13851,.F.);
#13854=ORIENTED_EDGE('',*,*,#13853,.F.);
#13856=ORIENTED_EDGE('',*,*,#13855,.F.);
#13858=ORIENTED_EDGE('',*,*,#13857,.F.);
#13860=ORIENTED_EDGE('',*,*,#13859,.F.);
#13862=ORIENTED_EDGE('',*,*,#13861,.F.);
#13864=ORIENTED_EDGE('',*,*,#13863,.F.);
#13866=ORIENTED_EDGE('',*,*,#13865,.F.);
#13868=ORIENTED_EDGE('',*,*,#13867,.F.);
#13870=ORIENTED_EDGE('',*,*,#13869,.F.);
#13872=ORIENTED_EDGE('',*,*,#13871,.F.);
#13874=ORIENTED_EDGE('',*,*,#13873,.F.);
#13876=ORIENTED_EDGE('',*,*,#13875,.F.);
#13878=ORIENTED_EDGE('',*,*,#13877,.F.);
#13879=EDGE_LOOP('',(#13766,#13768,#13770,#13772,#13774,#13776,#13778,#13780,
#13782,#13784,#13786,#13788,#13790,#13792,#13794,#13796,#13798,#13800,#13802,
#13804,#13806,#13808,#13810,#13812,#13814,#13816,#13818,#13820,#13822,#13824,
#13826,#13828,#13830,#13832,#13834,#13836,#13838,#13840,#13842,#13844,#13846,
#13848,#13850,#13852,#13854,#13856,#13858,#13860,#13862,#13864,#13866,#13868,
#13870,#13872,#13874,#13876,#13878));
#13880=FACE_OUTER_BOUND('',#13879,.F.);
#13881=ADVANCED_FACE('',(#13880),#13764,.T.);
#13882=CARTESIAN_POINT('',(0.E0,3.1E1,0.E0));
#13883=DIRECTION('',(0.E0,1.E0,0.E0));
#13884=DIRECTION('',(-1.E0,0.E0,0.E0));
#13885=AXIS2_PLACEMENT_3D('',#13882,#13883,#13884);
#13886=PLANE('',#13885);
#13888=ORIENTED_EDGE('',*,*,#13887,.F.);
#13890=ORIENTED_EDGE('',*,*,#13889,.F.);
#13892=ORIENTED_EDGE('',*,*,#13891,.F.);
#13894=ORIENTED_EDGE('',*,*,#13893,.F.);
#13895=EDGE_LOOP('',(#13888,#13890,#13892,#13894));
#13896=FACE_OUTER_BOUND('',#13895,.F.);
#13897=ADVANCED_FACE('',(#13896),#13886,.T.);
#13898=CARTESIAN_POINT('',(0.E0,3.1E1,0.E0));
#13899=DIRECTION('',(0.E0,1.E0,0.E0));
#13900=DIRECTION('',(-1.E0,0.E0,0.E0));
#13901=AXIS2_PLACEMENT_3D('',#13898,#13899,#13900);
#13902=PLANE('',#13901);
#13904=ORIENTED_EDGE('',*,*,#13903,.F.);
#13906=ORIENTED_EDGE('',*,*,#13905,.F.);
#13908=ORIENTED_EDGE('',*,*,#13907,.F.);
#13910=ORIENTED_EDGE('',*,*,#13909,.F.);
#13912=ORIENTED_EDGE('',*,*,#13911,.F.);
#13914=ORIENTED_EDGE('',*,*,#13913,.F.);
#13916=ORIENTED_EDGE('',*,*,#13915,.F.);
#13918=ORIENTED_EDGE('',*,*,#13917,.F.);
#13920=ORIENTED_EDGE('',*,*,#13919,.F.);
#13922=ORIENTED_EDGE('',*,*,#13921,.F.);
#13924=ORIENTED_EDGE('',*,*,#13923,.F.);
#13926=ORIENTED_EDGE('',*,*,#13925,.F.);
#13928=ORIENTED_EDGE('',*,*,#13927,.F.);
#13930=ORIENTED_EDGE('',*,*,#13929,.F.);
#13932=ORIENTED_EDGE('',*,*,#13931,.F.);
#13934=ORIENTED_EDGE('',*,*,#13933,.F.);
#13936=ORIENTED_EDGE('',*,*,#13935,.F.);
#13938=ORIENTED_EDGE('',*,*,#13937,.F.);
#13940=ORIENTED_EDGE('',*,*,#13939,.F.);
#13942=ORIENTED_EDGE('',*,*,#13941,.F.);
#13944=ORIENTED_EDGE('',*,*,#13943,.F.);
#13946=ORIENTED_EDGE('',*,*,#13945,.F.);
#13948=ORIENTED_EDGE('',*,*,#13947,.F.);
#13950=ORIENTED_EDGE('',*,*,#13949,.F.);
#13952=ORIENTED_EDGE('',*,*,#13951,.F.);
#13954=ORIENTED_EDGE('',*,*,#13953,.F.);
#13956=ORIENTED_EDGE('',*,*,#13955,.F.);
#13958=ORIENTED_EDGE('',*,*,#13957,.F.);
#13960=ORIENTED_EDGE('',*,*,#13959,.F.);
#13962=ORIENTED_EDGE('',*,*,#13961,.F.);
#13964=ORIENTED_EDGE('',*,*,#13963,.F.);
#13966=ORIENTED_EDGE('',*,*,#13965,.F.);
#13968=ORIENTED_EDGE('',*,*,#13967,.F.);
#13970=ORIENTED_EDGE('',*,*,#13969,.F.);
#13972=ORIENTED_EDGE('',*,*,#13971,.F.);
#13974=ORIENTED_EDGE('',*,*,#13973,.F.);
#13976=ORIENTED_EDGE('',*,*,#13975,.F.);
#13978=ORIENTED_EDGE('',*,*,#13977,.F.);
#13980=ORIENTED_EDGE('',*,*,#13979,.F.);
#13982=ORIENTED_EDGE('',*,*,#13981,.F.);
#13983=EDGE_LOOP('',(#13904,#13906,#13908,#13910,#13912,#13914,#13916,#13918,
#13920,#13922,#13924,#13926,#13928,#13930,#13932,#13934,#13936,#13938,#13940,
#13942,#13944,#13946,#13948,#13950,#13952,#13954,#13956,#13958,#13960,#13962,
#13964,#13966,#13968,#13970,#13972,#13974,#13976,#13978,#13980,#13982));
#13984=FACE_OUTER_BOUND('',#13983,.F.);
#13985=ADVANCED_FACE('',(#13984),#13902,.T.);
#13986=CARTESIAN_POINT('',(0.E0,3.1E1,0.E0));
#13987=DIRECTION('',(0.E0,1.E0,0.E0));
#13988=DIRECTION('',(-1.E0,0.E0,0.E0));
#13989=AXIS2_PLACEMENT_3D('',#13986,#13987,#13988);
#13990=PLANE('',#13989);
#13991=ORIENTED_EDGE('',*,*,#12878,.F.);
#13992=ORIENTED_EDGE('',*,*,#12893,.F.);
#13993=ORIENTED_EDGE('',*,*,#12907,.F.);
#13994=ORIENTED_EDGE('',*,*,#12921,.F.);
#13995=ORIENTED_EDGE('',*,*,#12935,.F.);
#13996=ORIENTED_EDGE('',*,*,#12949,.F.);
#13997=ORIENTED_EDGE('',*,*,#12962,.F.);
#13998=EDGE_LOOP('',(#13991,#13992,#13993,#13994,#13995,#13996,#13997));
#13999=FACE_OUTER_BOUND('',#13998,.F.);
#14000=ADVANCED_FACE('',(#13999),#13990,.T.);
#14001=CARTESIAN_POINT('',(0.E0,3.1E1,0.E0));
#14002=DIRECTION('',(0.E0,1.E0,0.E0));
#14003=DIRECTION('',(-1.E0,0.E0,0.E0));
#14004=AXIS2_PLACEMENT_3D('',#14001,#14002,#14003);
#14005=PLANE('',#14004);
#14007=ORIENTED_EDGE('',*,*,#14006,.F.);
#14009=ORIENTED_EDGE('',*,*,#14008,.F.);
#14011=ORIENTED_EDGE('',*,*,#14010,.F.);
#14013=ORIENTED_EDGE('',*,*,#14012,.F.);
#14015=ORIENTED_EDGE('',*,*,#14014,.F.);
#14017=ORIENTED_EDGE('',*,*,#14016,.F.);
#14019=ORIENTED_EDGE('',*,*,#14018,.F.);
#14021=ORIENTED_EDGE('',*,*,#14020,.F.);
#14023=ORIENTED_EDGE('',*,*,#14022,.F.);
#14025=ORIENTED_EDGE('',*,*,#14024,.F.);
#14027=ORIENTED_EDGE('',*,*,#14026,.F.);
#14029=ORIENTED_EDGE('',*,*,#14028,.F.);
#14031=ORIENTED_EDGE('',*,*,#14030,.F.);
#14033=ORIENTED_EDGE('',*,*,#14032,.F.);
#14035=ORIENTED_EDGE('',*,*,#14034,.F.);
#14037=ORIENTED_EDGE('',*,*,#14036,.F.);
#14039=ORIENTED_EDGE('',*,*,#14038,.F.);
#14041=ORIENTED_EDGE('',*,*,#14040,.F.);
#14043=ORIENTED_EDGE('',*,*,#14042,.F.);
#14045=ORIENTED_EDGE('',*,*,#14044,.F.);
#14047=ORIENTED_EDGE('',*,*,#14046,.F.);
#14049=ORIENTED_EDGE('',*,*,#14048,.F.);
#14051=ORIENTED_EDGE('',*,*,#14050,.F.);
#14053=ORIENTED_EDGE('',*,*,#14052,.F.);
#14055=ORIENTED_EDGE('',*,*,#14054,.F.);
#14057=ORIENTED_EDGE('',*,*,#14056,.F.);
#14059=ORIENTED_EDGE('',*,*,#14058,.F.);
#14061=ORIENTED_EDGE('',*,*,#14060,.F.);
#14063=ORIENTED_EDGE('',*,*,#14062,.F.);
#14065=ORIENTED_EDGE('',*,*,#14064,.F.);
#14067=ORIENTED_EDGE('',*,*,#14066,.F.);
#14069=ORIENTED_EDGE('',*,*,#14068,.F.);
#14071=ORIENTED_EDGE('',*,*,#14070,.F.);
#14073=ORIENTED_EDGE('',*,*,#14072,.F.);
#14075=ORIENTED_EDGE('',*,*,#14074,.F.);
#14077=ORIENTED_EDGE('',*,*,#14076,.F.);
#14079=ORIENTED_EDGE('',*,*,#14078,.F.);
#14081=ORIENTED_EDGE('',*,*,#14080,.F.);
#14083=ORIENTED_EDGE('',*,*,#14082,.F.);
#14085=ORIENTED_EDGE('',*,*,#14084,.F.);
#14086=EDGE_LOOP('',(#14007,#14009,#14011,#14013,#14015,#14017,#14019,#14021,
#14023,#14025,#14027,#14029,#14031,#14033,#14035,#14037,#14039,#14041,#14043,
#14045,#14047,#14049,#14051,#14053,#14055,#14057,#14059,#14061,#14063,#14065,
#14067,#14069,#14071,#14073,#14075,#14077,#14079,#14081,#14083,#14085));
#14087=FACE_OUTER_BOUND('',#14086,.F.);
#14088=ADVANCED_FACE('',(#14087),#14005,.T.);
#14089=CARTESIAN_POINT('',(0.E0,3.1E1,0.E0));
#14090=DIRECTION('',(0.E0,1.E0,0.E0));
#14091=DIRECTION('',(-1.E0,0.E0,0.E0));
#14092=AXIS2_PLACEMENT_3D('',#14089,#14090,#14091);
#14093=PLANE('',#14092);
#14095=ORIENTED_EDGE('',*,*,#14094,.F.);
#14097=ORIENTED_EDGE('',*,*,#14096,.F.);
#14099=ORIENTED_EDGE('',*,*,#14098,.F.);
#14101=ORIENTED_EDGE('',*,*,#14100,.F.);
#14103=ORIENTED_EDGE('',*,*,#14102,.F.);
#14105=ORIENTED_EDGE('',*,*,#14104,.F.);
#14107=ORIENTED_EDGE('',*,*,#14106,.F.);
#14108=EDGE_LOOP('',(#14095,#14097,#14099,#14101,#14103,#14105,#14107));
#14109=FACE_OUTER_BOUND('',#14108,.F.);
#14110=ADVANCED_FACE('',(#14109),#14093,.T.);
#14111=CARTESIAN_POINT('',(8.075319149792E1,3.E1,-4.312499994412E0));
#14112=DIRECTION('',(-3.102799827934E-1,0.E0,-9.506452189317E-1));
#14113=DIRECTION('',(-9.506452189317E-1,0.E0,3.102799827934E-1));
#14114=AXIS2_PLACEMENT_3D('',#14111,#14112,#14113);
#14115=PLANE('',#14114);
#14116=ORIENTED_EDGE('',*,*,#10754,.F.);
#14118=ORIENTED_EDGE('',*,*,#14117,.T.);
#14119=ORIENTED_EDGE('',*,*,#12973,.T.);
#14121=ORIENTED_EDGE('',*,*,#14120,.F.);
#14122=EDGE_LOOP('',(#14116,#14118,#14119,#14121));
#14123=FACE_OUTER_BOUND('',#14122,.F.);
#14124=ADVANCED_FACE('',(#14123),#14115,.T.);
#14125=CARTESIAN_POINT('',(8.075319149792E1,3.E1,-3.843750022352E0));
#14126=DIRECTION('',(1.E0,0.E0,0.E0));
#14127=DIRECTION('',(0.E0,0.E0,-1.E0));
#14128=AXIS2_PLACEMENT_3D('',#14125,#14126,#14127);
#14129=PLANE('',#14128);
#14130=ORIENTED_EDGE('',*,*,#10832,.F.);
#14132=ORIENTED_EDGE('',*,*,#14131,.T.);
#14133=ORIENTED_EDGE('',*,*,#12975,.T.);
#14134=ORIENTED_EDGE('',*,*,#14117,.F.);
#14135=EDGE_LOOP('',(#14130,#14132,#14133,#14134));
#14136=FACE_OUTER_BOUND('',#14135,.F.);
#14137=ADVANCED_FACE('',(#14136),#14129,.T.);
#14138=CARTESIAN_POINT('',(8.046595742255E1,3.E1,-3.65625E0));
#14139=DIRECTION('',(5.466225028388E-1,0.E0,8.373791491256E-1));
#14140=DIRECTION('',(8.373791491256E-1,0.E0,-5.466225028388E-1));
#14141=AXIS2_PLACEMENT_3D('',#14138,#14139,#14140);
#14142=PLANE('',#14141);
#14143=ORIENTED_EDGE('',*,*,#10830,.F.);
#14145=ORIENTED_EDGE('',*,*,#14144,.T.);
#14146=ORIENTED_EDGE('',*,*,#12977,.T.);
#14147=ORIENTED_EDGE('',*,*,#14131,.F.);
#14148=EDGE_LOOP('',(#14143,#14145,#14146,#14147));
#14149=FACE_OUTER_BOUND('',#14148,.F.);
#14150=ADVANCED_FACE('',(#14149),#14142,.T.);
#14151=CARTESIAN_POINT('',(8.027446808368E1,3.E1,-3.375E0));
#14152=DIRECTION('',(8.265992787996E-1,0.E0,5.627909312417E-1));
#14153=DIRECTION('',(5.627909312417E-1,0.E0,-8.265992787996E-1));
#14154=AXIS2_PLACEMENT_3D('',#14151,#14152,#14153);
#14155=PLANE('',#14154);
#14156=ORIENTED_EDGE('',*,*,#10828,.F.);
#14158=ORIENTED_EDGE('',*,*,#14157,.T.);
#14159=ORIENTED_EDGE('',*,*,#12979,.T.);
#14160=ORIENTED_EDGE('',*,*,#14144,.F.);
#14161=EDGE_LOOP('',(#14156,#14158,#14159,#14160));
#14162=FACE_OUTER_BOUND('',#14161,.F.);
#14163=ADVANCED_FACE('',(#14162),#14155,.T.);
#14164=CARTESIAN_POINT('',(8.017872341424E1,3.E1,-3.09375E0));
#14165=DIRECTION('',(9.466499177700E-1,0.E0,3.222637633772E-1));
#14166=DIRECTION('',(3.222637633772E-1,0.E0,-9.466499177700E-1));
#14167=AXIS2_PLACEMENT_3D('',#14164,#14165,#14166);
#14168=PLANE('',#14167);
#14169=ORIENTED_EDGE('',*,*,#10826,.F.);
#14171=ORIENTED_EDGE('',*,*,#14170,.T.);
#14172=ORIENTED_EDGE('',*,*,#12981,.T.);
#14173=ORIENTED_EDGE('',*,*,#14157,.F.);
#14174=EDGE_LOOP('',(#14169,#14171,#14172,#14173));
#14175=FACE_OUTER_BOUND('',#14174,.F.);
#14176=ADVANCED_FACE('',(#14175),#14168,.T.);
#14177=CARTESIAN_POINT('',(8.017872341424E1,3.E1,-2.53125E0));
#14178=DIRECTION('',(1.E0,0.E0,0.E0));
#14179=DIRECTION('',(0.E0,0.E0,-1.E0));
#14180=AXIS2_PLACEMENT_3D('',#14177,#14178,#14179);
#14181=PLANE('',#14180);
#14182=ORIENTED_EDGE('',*,*,#10824,.F.);
#14184=ORIENTED_EDGE('',*,*,#14183,.T.);
#14185=ORIENTED_EDGE('',*,*,#12983,.T.);
#14186=ORIENTED_EDGE('',*,*,#14170,.F.);
#14187=EDGE_LOOP('',(#14182,#14184,#14185,#14186));
#14188=FACE_OUTER_BOUND('',#14187,.F.);
#14189=ADVANCED_FACE('',(#14188),#14181,.T.);
#14190=CARTESIAN_POINT('',(8.027446808368E1,3.E1,-2.25E0));
#14191=DIRECTION('',(9.466499177700E-1,0.E0,-3.222637633772E-1));
#14192=DIRECTION('',(-3.222637633772E-1,0.E0,-9.466499177700E-1));
#14193=AXIS2_PLACEMENT_3D('',#14190,#14191,#14192);
#14194=PLANE('',#14193);
#14195=ORIENTED_EDGE('',*,*,#10822,.F.);
#14197=ORIENTED_EDGE('',*,*,#14196,.T.);
#14198=ORIENTED_EDGE('',*,*,#12985,.T.);
#14199=ORIENTED_EDGE('',*,*,#14183,.F.);
#14200=EDGE_LOOP('',(#14195,#14197,#14198,#14199));
#14201=FACE_OUTER_BOUND('',#14200,.F.);
#14202=ADVANCED_FACE('',(#14201),#14194,.T.);
#14203=CARTESIAN_POINT('',(8.046595742255E1,3.E1,-1.96875E0));
#14204=DIRECTION('',(8.265992787996E-1,0.E0,-5.627909312417E-1));
#14205=DIRECTION('',(-5.627909312417E-1,0.E0,-8.265992787996E-1));
#14206=AXIS2_PLACEMENT_3D('',#14203,#14204,#14205);
#14207=PLANE('',#14206);
#14208=ORIENTED_EDGE('',*,*,#10820,.F.);
#14210=ORIENTED_EDGE('',*,*,#14209,.T.);
#14211=ORIENTED_EDGE('',*,*,#12987,.T.);
#14212=ORIENTED_EDGE('',*,*,#14196,.F.);
#14213=EDGE_LOOP('',(#14208,#14210,#14211,#14212));
#14214=FACE_OUTER_BOUND('',#14213,.F.);
#14215=ADVANCED_FACE('',(#14214),#14207,.T.);
#14216=CARTESIAN_POINT('',(8.075319149792E1,3.E1,-1.781249910593E0));
#14217=DIRECTION('',(5.466226399153E-1,0.E0,-8.373790596451E-1));
#14218=DIRECTION('',(-8.373790596451E-1,0.E0,-5.466226399153E-1));
#14219=AXIS2_PLACEMENT_3D('',#14216,#14217,#14218);
#14220=PLANE('',#14219);
#14221=ORIENTED_EDGE('',*,*,#10818,.F.);
#14223=ORIENTED_EDGE('',*,*,#14222,.T.);
#14224=ORIENTED_EDGE('',*,*,#12989,.T.);
#14225=ORIENTED_EDGE('',*,*,#14209,.F.);
#14226=EDGE_LOOP('',(#14221,#14223,#14224,#14225));
#14227=FACE_OUTER_BOUND('',#14226,.F.);
#14228=ADVANCED_FACE('',(#14227),#14220,.T.);
#14229=CARTESIAN_POINT('',(8.104042550623E1,3.E1,-1.6875E0));
#14230=DIRECTION('',(3.102797975506E-1,0.E0,-9.506452793929E-1));
#14231=DIRECTION('',(-9.506452793929E-1,0.E0,-3.102797975506E-1));
#14232=AXIS2_PLACEMENT_3D('',#14229,#14230,#14231);
#14233=PLANE('',#14232);
#14234=ORIENTED_EDGE('',*,*,#10816,.F.);
#14236=ORIENTED_EDGE('',*,*,#14235,.T.);
#14237=ORIENTED_EDGE('',*,*,#12991,.T.);
#14238=ORIENTED_EDGE('',*,*,#14222,.F.);
#14239=EDGE_LOOP('',(#14234,#14236,#14237,#14238));
#14240=FACE_OUTER_BOUND('',#14239,.F.);
#14241=ADVANCED_FACE('',(#14240),#14233,.T.);
#14242=CARTESIAN_POINT('',(8.161489365697E1,3.E1,-1.593750089407E0));
#14243=DIRECTION('',(1.610636102655E-1,0.E0,-9.869440275154E-1));
#14244=DIRECTION('',(-9.869440275154E-1,0.E0,-1.610636102655E-1));
#14245=AXIS2_PLACEMENT_3D('',#14242,#14243,#14244);
#14246=PLANE('',#14245);
#14247=ORIENTED_EDGE('',*,*,#10814,.F.);
#14249=ORIENTED_EDGE('',*,*,#14248,.T.);
#14250=ORIENTED_EDGE('',*,*,#12993,.T.);
#14251=ORIENTED_EDGE('',*,*,#14235,.F.);
#14252=EDGE_LOOP('',(#14247,#14249,#14250,#14251));
#14253=FACE_OUTER_BOUND('',#14252,.F.);
#14254=ADVANCED_FACE('',(#14253),#14246,.T.);
#14255=CARTESIAN_POINT('',(8.180638299584E1,3.E1,-1.593750089407E0));
#14256=DIRECTION('',(0.E0,0.E0,-1.E0));
#14257=DIRECTION('',(-1.E0,0.E0,0.E0));
#14258=AXIS2_PLACEMENT_3D('',#14255,#14256,#14257);
#14259=PLANE('',#14258);
#14260=ORIENTED_EDGE('',*,*,#10812,.F.);
#14262=ORIENTED_EDGE('',*,*,#14261,.T.);
#14263=ORIENTED_EDGE('',*,*,#12995,.T.);
#14264=ORIENTED_EDGE('',*,*,#14248,.F.);
#14265=EDGE_LOOP('',(#14260,#14262,#14263,#14264));
#14266=FACE_OUTER_BOUND('',#14265,.F.);
#14267=ADVANCED_FACE('',(#14266),#14259,.T.);
#14268=CARTESIAN_POINT('',(8.142340431809E1,3.E1,-2.156250089407E0));
#14269=DIRECTION('',(-8.265992787996E-1,0.E0,5.627909312417E-1));
#14270=DIRECTION('',(5.627909312417E-1,0.E0,8.265992787996E-1));
#14271=AXIS2_PLACEMENT_3D('',#14268,#14269,#14270);
#14272=PLANE('',#14271);
#14273=ORIENTED_EDGE('',*,*,#10810,.F.);
#14275=ORIENTED_EDGE('',*,*,#14274,.T.);
#14276=ORIENTED_EDGE('',*,*,#12997,.T.);
#14277=ORIENTED_EDGE('',*,*,#14261,.F.);
#14278=EDGE_LOOP('',(#14273,#14275,#14276,#14277));
#14279=FACE_OUTER_BOUND('',#14278,.F.);
#14280=ADVANCED_FACE('',(#14279),#14272,.T.);
#14281=CARTESIAN_POINT('',(8.132765951455E1,3.E1,-2.625000044703E0));
#14282=DIRECTION('',(-9.797706505734E-1,0.E0,2.001236424690E-1));
#14283=DIRECTION('',(2.001236424690E-1,0.E0,9.797706505734E-1));
#14284=AXIS2_PLACEMENT_3D('',#14281,#14282,#14283);
#14285=PLANE('',#14284);
#14286=ORIENTED_EDGE('',*,*,#10808,.F.);
#14288=ORIENTED_EDGE('',*,*,#14287,.T.);
#14289=ORIENTED_EDGE('',*,*,#12999,.T.);
#14290=ORIENTED_EDGE('',*,*,#14274,.F.);
#14291=EDGE_LOOP('',(#14286,#14288,#14289,#14290));
#14292=FACE_OUTER_BOUND('',#14291,.F.);
#14293=ADVANCED_FACE('',(#14292),#14285,.T.);
#14294=CARTESIAN_POINT('',(8.132765951455E1,3.E1,-3.09375E0));
#14295=DIRECTION('',(-1.E0,0.E0,0.E0));
#14296=DIRECTION('',(0.E0,0.E0,1.E0));
#14297=AXIS2_PLACEMENT_3D('',#14294,#14295,#14296);
#14298=PLANE('',#14297);
#14299=ORIENTED_EDGE('',*,*,#10806,.F.);
#14301=ORIENTED_EDGE('',*,*,#14300,.T.);
#14302=ORIENTED_EDGE('',*,*,#13001,.T.);
#14303=ORIENTED_EDGE('',*,*,#14287,.F.);
#14304=EDGE_LOOP('',(#14299,#14301,#14302,#14303));
#14305=FACE_OUTER_BOUND('',#14304,.F.);
#14306=ADVANCED_FACE('',(#14305),#14298,.T.);
#14307=CARTESIAN_POINT('',(8.142340431809E1,3.E1,-3.562500022352E0));
#14308=DIRECTION('',(-9.797706561866E-1,0.E0,-2.001236149876E-1));
#14309=DIRECTION('',(-2.001236149876E-1,0.E0,9.797706561866E-1));
#14310=AXIS2_PLACEMENT_3D('',#14307,#14308,#14309);
#14311=PLANE('',#14310);
#14312=ORIENTED_EDGE('',*,*,#10804,.F.);
#14314=ORIENTED_EDGE('',*,*,#14313,.T.);
#14315=ORIENTED_EDGE('',*,*,#13003,.T.);
#14316=ORIENTED_EDGE('',*,*,#14300,.F.);
#14317=EDGE_LOOP('',(#14312,#14314,#14315,#14316));
#14318=FACE_OUTER_BOUND('',#14317,.F.);
#14319=ADVANCED_FACE('',(#14318),#14311,.T.);
#14320=CARTESIAN_POINT('',(8.171063832641E1,3.E1,-4.031250011176E0));
#14321=DIRECTION('',(-8.526534170609E-1,0.E0,-5.224769376483E-1));
#14322=DIRECTION('',(-5.224769376483E-1,0.E0,8.526534170609E-1));
#14323=AXIS2_PLACEMENT_3D('',#14320,#14321,#14322);
#14324=PLANE('',#14323);
#14325=ORIENTED_EDGE('',*,*,#10802,.F.);
#14327=ORIENTED_EDGE('',*,*,#14326,.T.);
#14328=ORIENTED_EDGE('',*,*,#13005,.T.);
#14329=ORIENTED_EDGE('',*,*,#14313,.F.);
#14330=EDGE_LOOP('',(#14325,#14327,#14328,#14329));
#14331=FACE_OUTER_BOUND('',#14330,.F.);
#14332=ADVANCED_FACE('',(#14331),#14324,.T.);
#14333=CARTESIAN_POINT('',(8.209361700416E1,3.E1,-4.312499994412E0));
#14334=DIRECTION('',(-5.919095258298E-1,0.E0,-8.060044126628E-1));
#14335=DIRECTION('',(-8.060044126628E-1,0.E0,5.919095258298E-1));
#14336=AXIS2_PLACEMENT_3D('',#14333,#14334,#14335);
#14337=PLANE('',#14336);
#14338=ORIENTED_EDGE('',*,*,#10800,.F.);
#14340=ORIENTED_EDGE('',*,*,#14339,.T.);
#14341=ORIENTED_EDGE('',*,*,#13007,.T.);
#14342=ORIENTED_EDGE('',*,*,#14326,.F.);
#14343=EDGE_LOOP('',(#14338,#14340,#14341,#14342));
#14344=FACE_OUTER_BOUND('',#14343,.F.);
#14345=ADVANCED_FACE('',(#14344),#14337,.T.);
#14346=CARTESIAN_POINT('',(8.257234035134E1,3.E1,-4.5E0));
#14347=DIRECTION('',(-3.646919453324E-1,0.E0,-9.311282323126E-1));
#14348=DIRECTION('',(-9.311282323126E-1,0.E0,3.646919453324E-1));
#14349=AXIS2_PLACEMENT_3D('',#14346,#14347,#14348);
#14350=PLANE('',#14349);
#14351=ORIENTED_EDGE('',*,*,#10798,.F.);
#14353=ORIENTED_EDGE('',*,*,#14352,.T.);
#14354=ORIENTED_EDGE('',*,*,#13009,.T.);
#14355=ORIENTED_EDGE('',*,*,#14339,.F.);
#14356=EDGE_LOOP('',(#14351,#14353,#14354,#14355));
#14357=FACE_OUTER_BOUND('',#14356,.F.);
#14358=ADVANCED_FACE('',(#14357),#14350,.T.);
#14359=CARTESIAN_POINT('',(8.295531902909E1,3.E1,-4.5E0));
#14360=DIRECTION('',(0.E0,0.E0,-1.E0));
#14361=DIRECTION('',(-1.E0,0.E0,0.E0));
#14362=AXIS2_PLACEMENT_3D('',#14359,#14360,#14361);
#14363=PLANE('',#14362);
#14364=ORIENTED_EDGE('',*,*,#10796,.F.);
#14366=ORIENTED_EDGE('',*,*,#14365,.T.);
#14367=ORIENTED_EDGE('',*,*,#13011,.T.);
#14368=ORIENTED_EDGE('',*,*,#14352,.F.);
#14369=EDGE_LOOP('',(#14364,#14366,#14367,#14368));
#14370=FACE_OUTER_BOUND('',#14369,.F.);
#14371=ADVANCED_FACE('',(#14370),#14363,.T.);
#14372=CARTESIAN_POINT('',(8.343404264450E1,3.E1,-4.312499994412E0));
#14373=DIRECTION('',(3.646917681776E-1,0.E0,-9.311283016983E-1));
#14374=DIRECTION('',(-9.311283016983E-1,0.E0,-3.646917681776E-1));
#14375=AXIS2_PLACEMENT_3D('',#14372,#14373,#14374);
#14376=PLANE('',#14375);
#14377=ORIENTED_EDGE('',*,*,#10794,.F.);
#14379=ORIENTED_EDGE('',*,*,#14378,.T.);
#14380=ORIENTED_EDGE('',*,*,#13013,.T.);
#14381=ORIENTED_EDGE('',*,*,#14365,.F.);
#14382=EDGE_LOOP('',(#14377,#14379,#14380,#14381));
#14383=FACE_OUTER_BOUND('',#14382,.F.);
#14384=ADVANCED_FACE('',(#14383),#14376,.T.);
#14385=CARTESIAN_POINT('',(8.381702132225E1,3.E1,-4.031250011176E0));
#14386=DIRECTION('',(5.919095258298E-1,0.E0,-8.060044126628E-1));
#14387=DIRECTION('',(-8.060044126628E-1,0.E0,-5.919095258298E-1));
#14388=AXIS2_PLACEMENT_3D('',#14385,#14386,#14387);
#14389=PLANE('',#14388);
#14390=ORIENTED_EDGE('',*,*,#10792,.F.);
#14392=ORIENTED_EDGE('',*,*,#14391,.T.);
#14393=ORIENTED_EDGE('',*,*,#13015,.T.);
#14394=ORIENTED_EDGE('',*,*,#14378,.F.);
#14395=EDGE_LOOP('',(#14390,#14392,#14393,#14394));
#14396=FACE_OUTER_BOUND('',#14395,.F.);
#14397=ADVANCED_FACE('',(#14396),#14389,.T.);
#14398=CARTESIAN_POINT('',(8.410425533056E1,3.E1,-3.562500022352E0));
#14399=DIRECTION('',(8.526534170609E-1,0.E0,-5.224769376483E-1));
#14400=DIRECTION('',(-5.224769376483E-1,0.E0,-8.526534170609E-1));
#14401=AXIS2_PLACEMENT_3D('',#14398,#14399,#14400);
#14402=PLANE('',#14401);
#14403=ORIENTED_EDGE('',*,*,#10790,.F.);
#14405=ORIENTED_EDGE('',*,*,#14404,.T.);
#14406=ORIENTED_EDGE('',*,*,#13017,.T.);
#14407=ORIENTED_EDGE('',*,*,#14391,.F.);
#14408=EDGE_LOOP('',(#14403,#14405,#14406,#14407));
#14409=FACE_OUTER_BOUND('',#14408,.F.);
#14410=ADVANCED_FACE('',(#14409),#14402,.T.);
#14411=CARTESIAN_POINT('',(8.42E1,3.E1,-3.09375E0));
#14412=DIRECTION('',(9.797707111493E-1,0.E0,-2.001233458994E-1));
#14413=DIRECTION('',(-2.001233458994E-1,0.E0,-9.797707111493E-1));
#14414=AXIS2_PLACEMENT_3D('',#14411,#14412,#14413);
#14415=PLANE('',#14414);
#14416=ORIENTED_EDGE('',*,*,#10788,.F.);
#14418=ORIENTED_EDGE('',*,*,#14417,.T.);
#14419=ORIENTED_EDGE('',*,*,#13019,.T.);
#14420=ORIENTED_EDGE('',*,*,#14404,.F.);
#14421=EDGE_LOOP('',(#14416,#14418,#14419,#14420));
#14422=FACE_OUTER_BOUND('',#14421,.F.);
#14423=ADVANCED_FACE('',(#14422),#14415,.T.);
#14424=CARTESIAN_POINT('',(8.42E1,3.E1,-2.625000044703E0));
#14425=DIRECTION('',(1.E0,0.E0,0.E0));
#14426=DIRECTION('',(0.E0,0.E0,-1.E0));
#14427=AXIS2_PLACEMENT_3D('',#14424,#14425,#14426);
#14428=PLANE('',#14427);
#14429=ORIENTED_EDGE('',*,*,#10786,.F.);
#14431=ORIENTED_EDGE('',*,*,#14430,.T.);
#14432=ORIENTED_EDGE('',*,*,#13021,.T.);
#14433=ORIENTED_EDGE('',*,*,#14417,.F.);
#14434=EDGE_LOOP('',(#14429,#14431,#14432,#14433));
#14435=FACE_OUTER_BOUND('',#14434,.F.);
#14436=ADVANCED_FACE('',(#14435),#14428,.T.);
#14437=CARTESIAN_POINT('',(8.410425533056E1,3.E1,-2.156250089407E0));
#14438=DIRECTION('',(9.797707055361E-1,0.E0,2.001233733807E-1));
#14439=DIRECTION('',(2.001233733807E-1,0.E0,-9.797707055361E-1));
#14440=AXIS2_PLACEMENT_3D('',#14437,#14438,#14439);
#14441=PLANE('',#14440);
#14442=ORIENTED_EDGE('',*,*,#10784,.F.);
#14444=ORIENTED_EDGE('',*,*,#14443,.T.);
#14445=ORIENTED_EDGE('',*,*,#13023,.T.);
#14446=ORIENTED_EDGE('',*,*,#14430,.F.);
#14447=EDGE_LOOP('',(#14442,#14444,#14445,#14446));
#14448=FACE_OUTER_BOUND('',#14447,.F.);
#14449=ADVANCED_FACE('',(#14448),#14441,.T.);
#14450=CARTESIAN_POINT('',(8.381702132225E1,3.E1,-1.6875E0));
#14451=DIRECTION('',(8.526534670056E-1,0.E0,5.224768561414E-1));
#14452=DIRECTION('',(5.224768561414E-1,0.E0,-8.526534670056E-1));
#14453=AXIS2_PLACEMENT_3D('',#14450,#14451,#14452);
#14454=PLANE('',#14453);
#14455=ORIENTED_EDGE('',*,*,#10782,.F.);
#14457=ORIENTED_EDGE('',*,*,#14456,.T.);
#14458=ORIENTED_EDGE('',*,*,#13025,.T.);
#14459=ORIENTED_EDGE('',*,*,#14443,.F.);
#14460=EDGE_LOOP('',(#14455,#14457,#14458,#14459));
#14461=FACE_OUTER_BOUND('',#14460,.F.);
#14462=ADVANCED_FACE('',(#14461),#14454,.T.);
#14463=CARTESIAN_POINT('',(8.343404264450E1,3.E1,-1.40625E0));
#14464=DIRECTION('',(5.919095487496E-1,0.E0,8.060043958311E-1));
#14465=DIRECTION('',(8.060043958311E-1,0.E0,-5.919095487496E-1));
#14466=AXIS2_PLACEMENT_3D('',#14463,#14464,#14465);
#14467=PLANE('',#14466);
#14468=ORIENTED_EDGE('',*,*,#10780,.F.);
#14470=ORIENTED_EDGE('',*,*,#14469,.T.);
#14471=ORIENTED_EDGE('',*,*,#13027,.T.);
#14472=ORIENTED_EDGE('',*,*,#14456,.F.);
#14473=EDGE_LOOP('',(#14468,#14470,#14471,#14472));
#14474=FACE_OUTER_BOUND('',#14473,.F.);
#14475=ADVANCED_FACE('',(#14474),#14467,.T.);
#14476=CARTESIAN_POINT('',(8.295531902909E1,3.E1,-1.218749910593E0));
#14477=DIRECTION('',(3.646919095245E-1,0.E0,9.311282463374E-1));
#14478=DIRECTION('',(9.311282463374E-1,0.E0,-3.646919095245E-1));
#14479=AXIS2_PLACEMENT_3D('',#14476,#14477,#14478);
#14480=PLANE('',#14479);
#14481=ORIENTED_EDGE('',*,*,#10778,.F.);
#14483=ORIENTED_EDGE('',*,*,#14482,.T.);
#14484=ORIENTED_EDGE('',*,*,#13029,.T.);
#14485=ORIENTED_EDGE('',*,*,#14469,.F.);
#14486=EDGE_LOOP('',(#14481,#14483,#14484,#14485));
#14487=FACE_OUTER_BOUND('',#14486,.F.);
#14488=ADVANCED_FACE('',(#14487),#14480,.T.);
#14489=CARTESIAN_POINT('',(8.228510634303E1,3.E1,-1.125E0));
#14490=DIRECTION('',(1.385320968676E-1,0.E0,9.903579444511E-1));
#14491=DIRECTION('',(9.903579444511E-1,0.E0,-1.385320968676E-1));
#14492=AXIS2_PLACEMENT_3D('',#14489,#14490,#14491);
#14493=PLANE('',#14492);
#14494=ORIENTED_EDGE('',*,*,#10776,.F.);
#14496=ORIENTED_EDGE('',*,*,#14495,.T.);
#14497=ORIENTED_EDGE('',*,*,#13031,.T.);
#14498=ORIENTED_EDGE('',*,*,#14482,.F.);
#14499=EDGE_LOOP('',(#14494,#14496,#14497,#14498));
#14500=FACE_OUTER_BOUND('',#14499,.F.);
#14501=ADVANCED_FACE('',(#14500),#14493,.T.);
#14502=CARTESIAN_POINT('',(8.161489365697E1,3.E1,-1.125E0));
#14503=DIRECTION('',(0.E0,0.E0,1.E0));
#14504=DIRECTION('',(1.E0,0.E0,0.E0));
#14505=AXIS2_PLACEMENT_3D('',#14502,#14503,#14504);
#14506=PLANE('',#14505);
#14507=ORIENTED_EDGE('',*,*,#10774,.F.);
#14509=ORIENTED_EDGE('',*,*,#14508,.T.);
#14510=ORIENTED_EDGE('',*,*,#13033,.T.);
#14511=ORIENTED_EDGE('',*,*,#14495,.F.);
#14512=EDGE_LOOP('',(#14507,#14509,#14510,#14511));
#14513=FACE_OUTER_BOUND('',#14512,.F.);
#14514=ADVANCED_FACE('',(#14513),#14506,.T.);
#14515=CARTESIAN_POINT('',(8.094468083680E1,3.E1,-1.218749910593E0));
#14516=DIRECTION('',(-1.385320696791E-1,0.E0,9.903579482543E-1));
#14517=DIRECTION('',(9.903579482543E-1,0.E0,1.385320696791E-1));
#14518=AXIS2_PLACEMENT_3D('',#14515,#14516,#14517);
#14519=PLANE('',#14518);
#14520=ORIENTED_EDGE('',*,*,#10772,.F.);
#14522=ORIENTED_EDGE('',*,*,#14521,.T.);
#14523=ORIENTED_EDGE('',*,*,#13035,.T.);
#14524=ORIENTED_EDGE('',*,*,#14508,.F.);
#14525=EDGE_LOOP('',(#14520,#14522,#14523,#14524));
#14526=FACE_OUTER_BOUND('',#14525,.F.);
#14527=ADVANCED_FACE('',(#14526),#14519,.T.);
#14528=CARTESIAN_POINT('',(8.046595742255E1,3.E1,-1.40625E0));
#14529=DIRECTION('',(-3.646920423907E-1,0.E0,9.311281942981E-1));
#14530=DIRECTION('',(9.311281942981E-1,0.E0,3.646920423907E-1));
#14531=AXIS2_PLACEMENT_3D('',#14528,#14529,#14530);
#14532=PLANE('',#14531);
#14533=ORIENTED_EDGE('',*,*,#10770,.F.);
#14535=ORIENTED_EDGE('',*,*,#14534,.T.);
#14536=ORIENTED_EDGE('',*,*,#13037,.T.);
#14537=ORIENTED_EDGE('',*,*,#14521,.F.);
#14538=EDGE_LOOP('',(#14533,#14535,#14536,#14537));
#14539=FACE_OUTER_BOUND('',#14538,.F.);
#14540=ADVANCED_FACE('',(#14539),#14532,.T.);
#14541=CARTESIAN_POINT('',(8.008297871128E1,3.E1,-1.6875E0));
#14542=DIRECTION('',(-5.919095150862E-1,0.E0,8.060044205527E-1));
#14543=DIRECTION('',(8.060044205527E-1,0.E0,5.919095150862E-1));
#14544=AXIS2_PLACEMENT_3D('',#14541,#14542,#14543);
#14545=PLANE('',#14544);
#14546=ORIENTED_EDGE('',*,*,#10768,.F.);
#14548=ORIENTED_EDGE('',*,*,#14547,.T.);
#14549=ORIENTED_EDGE('',*,*,#13039,.T.);
#14550=ORIENTED_EDGE('',*,*,#14534,.F.);
#14551=EDGE_LOOP('',(#14546,#14548,#14549,#14550));
#14552=FACE_OUTER_BOUND('',#14551,.F.);
#14553=ADVANCED_FACE('',(#14552),#14545,.T.);
#14554=CARTESIAN_POINT('',(7.979574467782E1,3.E1,-2.156250089407E0));
#14555=DIRECTION('',(-8.526534466288E-1,0.E0,5.224768893951E-1));
#14556=DIRECTION('',(5.224768893951E-1,0.E0,8.526534466288E-1));
#14557=AXIS2_PLACEMENT_3D('',#14554,#14555,#14556);
#14558=PLANE('',#14557);
#14559=ORIENTED_EDGE('',*,*,#10766,.F.);
#14561=ORIENTED_EDGE('',*,*,#14560,.T.);
#14562=ORIENTED_EDGE('',*,*,#13041,.T.);
#14563=ORIENTED_EDGE('',*,*,#14547,.F.);
#14564=EDGE_LOOP('',(#14559,#14561,#14562,#14563));
#14565=FACE_OUTER_BOUND('',#14564,.F.);
#14566=ADVANCED_FACE('',(#14565),#14558,.T.);
#14567=CARTESIAN_POINT('',(7.97E1,3.E1,-2.625000044703E0));
#14568=DIRECTION('',(-9.797707021009E-1,0.E0,2.001233901988E-1));
#14569=DIRECTION('',(2.001233901988E-1,0.E0,9.797707021009E-1));
#14570=AXIS2_PLACEMENT_3D('',#14567,#14568,#14569);
#14571=PLANE('',#14570);
#14572=ORIENTED_EDGE('',*,*,#10764,.F.);
#14574=ORIENTED_EDGE('',*,*,#14573,.T.);
#14575=ORIENTED_EDGE('',*,*,#13043,.T.);
#14576=ORIENTED_EDGE('',*,*,#14560,.F.);
#14577=EDGE_LOOP('',(#14572,#14574,#14575,#14576));
#14578=FACE_OUTER_BOUND('',#14577,.F.);
#14579=ADVANCED_FACE('',(#14578),#14571,.T.);
#14580=CARTESIAN_POINT('',(7.97E1,3.E1,-2.999999955297E0));
#14581=DIRECTION('',(-1.E0,0.E0,0.E0));
#14582=DIRECTION('',(0.E0,0.E0,1.E0));
#14583=AXIS2_PLACEMENT_3D('',#14580,#14581,#14582);
#14584=PLANE('',#14583);
#14585=ORIENTED_EDGE('',*,*,#10762,.F.);
#14587=ORIENTED_EDGE('',*,*,#14586,.T.);
#14588=ORIENTED_EDGE('',*,*,#13045,.T.);
#14589=ORIENTED_EDGE('',*,*,#14573,.F.);
#14590=EDGE_LOOP('',(#14585,#14587,#14588,#14589));
#14591=FACE_OUTER_BOUND('',#14590,.F.);
#14592=ADVANCED_FACE('',(#14591),#14584,.T.);
#14593=CARTESIAN_POINT('',(7.979574467782E1,3.E1,-3.468749977648E0));
#14594=DIRECTION('',(-9.797707077141E-1,0.E0,-2.001233627174E-1));
#14595=DIRECTION('',(-2.001233627174E-1,0.E0,9.797707077141E-1));
#14596=AXIS2_PLACEMENT_3D('',#14593,#14594,#14595);
#14597=PLANE('',#14596);
#14598=ORIENTED_EDGE('',*,*,#10760,.F.);
#14600=ORIENTED_EDGE('',*,*,#14599,.T.);
#14601=ORIENTED_EDGE('',*,*,#13047,.T.);
#14602=ORIENTED_EDGE('',*,*,#14586,.F.);
#14603=EDGE_LOOP('',(#14598,#14600,#14601,#14602));
#14604=FACE_OUTER_BOUND('',#14603,.F.);
#14605=ADVANCED_FACE('',(#14604),#14597,.T.);
#14606=CARTESIAN_POINT('',(8.008297871128E1,3.E1,-3.9375E0));
#14607=DIRECTION('',(-8.526534133324E-1,0.E0,-5.224769437331E-1));
#14608=DIRECTION('',(-5.224769437331E-1,0.E0,8.526534133324E-1));
#14609=AXIS2_PLACEMENT_3D('',#14606,#14607,#14608);
#14610=PLANE('',#14609);
#14611=ORIENTED_EDGE('',*,*,#10758,.F.);
#14613=ORIENTED_EDGE('',*,*,#14612,.T.);
#14614=ORIENTED_EDGE('',*,*,#13049,.T.);
#14615=ORIENTED_EDGE('',*,*,#14599,.F.);
#14616=EDGE_LOOP('',(#14611,#14613,#14614,#14615));
#14617=FACE_OUTER_BOUND('',#14616,.F.);
#14618=ADVANCED_FACE('',(#14617),#14610,.T.);
#14619=CARTESIAN_POINT('',(8.046595742255E1,3.E1,-4.21875E0));
#14620=DIRECTION('',(-5.919095150862E-1,0.E0,-8.060044205527E-1));
#14621=DIRECTION('',(-8.060044205527E-1,0.E0,5.919095150862E-1));
#14622=AXIS2_PLACEMENT_3D('',#14619,#14620,#14621);
#14623=PLANE('',#14622);
#14624=ORIENTED_EDGE('',*,*,#10756,.F.);
#14625=ORIENTED_EDGE('',*,*,#14120,.T.);
#14626=ORIENTED_EDGE('',*,*,#13051,.T.);
#14627=ORIENTED_EDGE('',*,*,#14612,.F.);
#14628=EDGE_LOOP('',(#14624,#14625,#14626,#14627));
#14629=FACE_OUTER_BOUND('',#14628,.F.);
#14630=ADVANCED_FACE('',(#14629),#14623,.T.);
#14631=CARTESIAN_POINT('',(8.266808502078E1,3.E1,-1.6875E0));
#14632=DIRECTION('',(3.102797975506E-1,0.E0,-9.506452793929E-1));
#14633=DIRECTION('',(-9.506452793929E-1,0.E0,-3.102797975506E-1));
#14634=AXIS2_PLACEMENT_3D('',#14631,#14632,#14633);
#14635=PLANE('',#14634);
#14636=ORIENTED_EDGE('',*,*,#10540,.F.);
#14638=ORIENTED_EDGE('',*,*,#14637,.T.);
#14639=ORIENTED_EDGE('',*,*,#13055,.T.);
#14641=ORIENTED_EDGE('',*,*,#14640,.F.);
#14642=EDGE_LOOP('',(#14636,#14638,#14639,#14641));
#14643=FACE_OUTER_BOUND('',#14642,.F.);
#14644=ADVANCED_FACE('',(#14643),#14635,.T.);
#14645=CARTESIAN_POINT('',(8.285957435966E1,3.E1,-1.6875E0));
#14646=DIRECTION('',(0.E0,0.E0,-1.E0));
#14647=DIRECTION('',(-1.E0,0.E0,0.E0));
#14648=AXIS2_PLACEMENT_3D('',#14645,#14646,#14647);
#14649=PLANE('',#14648);
#14650=ORIENTED_EDGE('',*,*,#10578,.F.);
#14652=ORIENTED_EDGE('',*,*,#14651,.T.);
#14653=ORIENTED_EDGE('',*,*,#13057,.T.);
#14654=ORIENTED_EDGE('',*,*,#14637,.F.);
#14655=EDGE_LOOP('',(#14650,#14652,#14653,#14654));
#14656=FACE_OUTER_BOUND('',#14655,.F.);
#14657=ADVANCED_FACE('',(#14656),#14649,.T.);
#14658=CARTESIAN_POINT('',(8.314680863619E1,3.E1,-1.781249910593E0));
#14659=DIRECTION('',(-3.102795357040E-1,0.E0,-9.506453648566E-1));
#14660=DIRECTION('',(-9.506453648566E-1,0.E0,3.102795357040E-1));
#14661=AXIS2_PLACEMENT_3D('',#14658,#14659,#14660);
#14662=PLANE('',#14661);
#14663=ORIENTED_EDGE('',*,*,#10576,.F.);
#14665=ORIENTED_EDGE('',*,*,#14664,.T.);
#14666=ORIENTED_EDGE('',*,*,#13059,.T.);
#14667=ORIENTED_EDGE('',*,*,#14651,.F.);
#14668=EDGE_LOOP('',(#14663,#14665,#14666,#14667));
#14669=FACE_OUTER_BOUND('',#14668,.F.);
#14670=ADVANCED_FACE('',(#14669),#14662,.T.);
#14671=CARTESIAN_POINT('',(8.343404264450E1,3.E1,-1.96875E0));
#14672=DIRECTION('',(-5.466227293958E-1,0.E0,-8.373790012342E-1));
#14673=DIRECTION('',(-8.373790012342E-1,0.E0,5.466227293958E-1));
#14674=AXIS2_PLACEMENT_3D('',#14671,#14672,#14673);
#14675=PLANE('',#14674);
#14676=ORIENTED_EDGE('',*,*,#10574,.F.);
#14678=ORIENTED_EDGE('',*,*,#14677,.T.);
#14679=ORIENTED_EDGE('',*,*,#13061,.T.);
#14680=ORIENTED_EDGE('',*,*,#14664,.F.);
#14681=EDGE_LOOP('',(#14676,#14678,#14679,#14680));
#14682=FACE_OUTER_BOUND('',#14681,.F.);
#14683=ADVANCED_FACE('',(#14682),#14675,.T.);
#14684=CARTESIAN_POINT('',(8.362553198338E1,3.E1,-2.25E0));
#14685=DIRECTION('',(-8.265992787996E-1,0.E0,-5.627909312417E-1));
#14686=DIRECTION('',(-5.627909312417E-1,0.E0,8.265992787996E-1));
#14687=AXIS2_PLACEMENT_3D('',#14684,#14685,#14686);
#14688=PLANE('',#14687);
#14689=ORIENTED_EDGE('',*,*,#10572,.F.);
#14691=ORIENTED_EDGE('',*,*,#14690,.T.);
#14692=ORIENTED_EDGE('',*,*,#13063,.T.);
#14693=ORIENTED_EDGE('',*,*,#14677,.F.);
#14694=EDGE_LOOP('',(#14689,#14691,#14692,#14693));
#14695=FACE_OUTER_BOUND('',#14694,.F.);
#14696=ADVANCED_FACE('',(#14695),#14688,.T.);
#14697=CARTESIAN_POINT('',(8.372127665281E1,3.E1,-2.53125E0));
#14698=DIRECTION('',(-9.466499177700E-1,0.E0,-3.222637633772E-1));
#14699=DIRECTION('',(-3.222637633772E-1,0.E0,9.466499177700E-1));
#14700=AXIS2_PLACEMENT_3D('',#14697,#14698,#14699);
#14701=PLANE('',#14700);
#14702=ORIENTED_EDGE('',*,*,#10570,.F.);
#14704=ORIENTED_EDGE('',*,*,#14703,.T.);
#14705=ORIENTED_EDGE('',*,*,#13065,.T.);
#14706=ORIENTED_EDGE('',*,*,#14690,.F.);
#14707=EDGE_LOOP('',(#14702,#14704,#14705,#14706));
#14708=FACE_OUTER_BOUND('',#14707,.F.);
#14709=ADVANCED_FACE('',(#14708),#14701,.T.);
#14710=CARTESIAN_POINT('',(8.372127665281E1,3.E1,-3.187500044703E0));
#14711=DIRECTION('',(-1.E0,0.E0,0.E0));
#14712=DIRECTION('',(0.E0,0.E0,1.E0));
#14713=AXIS2_PLACEMENT_3D('',#14710,#14711,#14712);
#14714=PLANE('',#14713);
#14715=ORIENTED_EDGE('',*,*,#10568,.F.);
#14717=ORIENTED_EDGE('',*,*,#14716,.T.);
#14718=ORIENTED_EDGE('',*,*,#13067,.T.);
#14719=ORIENTED_EDGE('',*,*,#14703,.F.);
#14720=EDGE_LOOP('',(#14715,#14717,#14718,#14719));
#14721=FACE_OUTER_BOUND('',#14720,.F.);
#14722=ADVANCED_FACE('',(#14721),#14714,.T.);
#14723=CARTESIAN_POINT('',(8.362553198338E1,3.E1,-3.468749977648E0));
#14724=DIRECTION('',(-9.466498943303E-1,0.E0,3.222638322314E-1));
#14725=DIRECTION('',(3.222638322314E-1,0.E0,9.466498943303E-1));
#14726=AXIS2_PLACEMENT_3D('',#14723,#14724,#14725);
#14727=PLANE('',#14726);
#14728=ORIENTED_EDGE('',*,*,#10566,.F.);
#14730=ORIENTED_EDGE('',*,*,#14729,.T.);
#14731=ORIENTED_EDGE('',*,*,#13069,.T.);
#14732=ORIENTED_EDGE('',*,*,#14716,.F.);
#14733=EDGE_LOOP('',(#14728,#14730,#14731,#14732));
#14734=FACE_OUTER_BOUND('',#14733,.F.);
#14735=ADVANCED_FACE('',(#14734),#14727,.T.);
#14736=CARTESIAN_POINT('',(8.343404264450E1,3.E1,-3.749999977648E0));
#14737=DIRECTION('',(-8.265992787996E-1,0.E0,5.627909312417E-1));
#14738=DIRECTION('',(5.627909312417E-1,0.E0,8.265992787996E-1));
#14739=AXIS2_PLACEMENT_3D('',#14736,#14737,#14738);
#14740=PLANE('',#14739);
#14741=ORIENTED_EDGE('',*,*,#10564,.F.);
#14743=ORIENTED_EDGE('',*,*,#14742,.T.);
#14744=ORIENTED_EDGE('',*,*,#13071,.T.);
#14745=ORIENTED_EDGE('',*,*,#14729,.F.);
#14746=EDGE_LOOP('',(#14741,#14743,#14744,#14745));
#14747=FACE_OUTER_BOUND('',#14746,.F.);
#14748=ADVANCED_FACE('',(#14747),#14740,.T.);
#14749=CARTESIAN_POINT('',(8.314680863619E1,3.E1,-3.9375E0));
#14750=DIRECTION('',(-5.466225923193E-1,0.E0,8.373790907147E-1));
#14751=DIRECTION('',(8.373790907147E-1,0.E0,5.466225923193E-1));
#14752=AXIS2_PLACEMENT_3D('',#14749,#14750,#14751);
#14753=PLANE('',#14752);
#14754=ORIENTED_EDGE('',*,*,#10562,.F.);
#14756=ORIENTED_EDGE('',*,*,#14755,.T.);
#14757=ORIENTED_EDGE('',*,*,#13073,.T.);
#14758=ORIENTED_EDGE('',*,*,#14742,.F.);
#14759=EDGE_LOOP('',(#14754,#14756,#14757,#14758));
#14760=FACE_OUTER_BOUND('',#14759,.F.);
#14761=ADVANCED_FACE('',(#14760),#14753,.T.);
#14762=CARTESIAN_POINT('',(8.285957435966E1,3.E1,-4.031250011176E0));
#14763=DIRECTION('',(-3.102798365493E-1,0.E0,9.506452666641E-1));
#14764=DIRECTION('',(9.506452666641E-1,0.E0,3.102798365493E-1));
#14765=AXIS2_PLACEMENT_3D('',#14762,#14763,#14764);
#14766=PLANE('',#14765);
#14767=ORIENTED_EDGE('',*,*,#10560,.F.);
#14769=ORIENTED_EDGE('',*,*,#14768,.T.);
#14770=ORIENTED_EDGE('',*,*,#13075,.T.);
#14771=ORIENTED_EDGE('',*,*,#14755,.F.);
#14772=EDGE_LOOP('',(#14767,#14769,#14770,#14771));
#14773=FACE_OUTER_BOUND('',#14772,.F.);
#14774=ADVANCED_FACE('',(#14773),#14766,.T.);
#14775=CARTESIAN_POINT('',(8.266808502078E1,3.E1,-4.031250011176E0));
#14776=DIRECTION('',(0.E0,0.E0,1.E0));
#14777=DIRECTION('',(1.E0,0.E0,0.E0));
#14778=AXIS2_PLACEMENT_3D('',#14775,#14776,#14777);
#14779=PLANE('',#14778);
#14780=ORIENTED_EDGE('',*,*,#10558,.F.);
#14782=ORIENTED_EDGE('',*,*,#14781,.T.);
#14783=ORIENTED_EDGE('',*,*,#13077,.T.);
#14784=ORIENTED_EDGE('',*,*,#14768,.F.);
#14785=EDGE_LOOP('',(#14780,#14782,#14783,#14784));
#14786=FACE_OUTER_BOUND('',#14785,.F.);
#14787=ADVANCED_FACE('',(#14786),#14779,.T.);
#14788=CARTESIAN_POINT('',(8.238085101247E1,3.E1,-3.9375E0));
#14789=DIRECTION('',(3.102800983961E-1,0.E0,9.506451812003E-1));
#14790=DIRECTION('',(9.506451812003E-1,0.E0,-3.102800983961E-1));
#14791=AXIS2_PLACEMENT_3D('',#14788,#14789,#14790);
#14792=PLANE('',#14791);
#14793=ORIENTED_EDGE('',*,*,#10556,.F.);
#14795=ORIENTED_EDGE('',*,*,#14794,.T.);
#14796=ORIENTED_EDGE('',*,*,#13079,.T.);
#14797=ORIENTED_EDGE('',*,*,#14781,.F.);
#14798=EDGE_LOOP('',(#14793,#14795,#14796,#14797));
#14799=FACE_OUTER_BOUND('',#14798,.F.);
#14800=ADVANCED_FACE('',(#14799),#14792,.T.);
#14801=CARTESIAN_POINT('',(8.209361700416E1,3.E1,-3.749999977648E0));
#14802=DIRECTION('',(5.466225923193E-1,0.E0,8.373790907147E-1));
#14803=DIRECTION('',(8.373790907147E-1,0.E0,-5.466225923193E-1));
#14804=AXIS2_PLACEMENT_3D('',#14801,#14802,#14803);
#14805=PLANE('',#14804);
#14806=ORIENTED_EDGE('',*,*,#10554,.F.);
#14808=ORIENTED_EDGE('',*,*,#14807,.T.);
#14809=ORIENTED_EDGE('',*,*,#13081,.T.);
#14810=ORIENTED_EDGE('',*,*,#14794,.F.);
#14811=EDGE_LOOP('',(#14806,#14808,#14809,#14810));
#14812=FACE_OUTER_BOUND('',#14811,.F.);
#14813=ADVANCED_FACE('',(#14812),#14805,.T.);
#14814=CARTESIAN_POINT('',(8.190212766528E1,3.E1,-3.468749977648E0));
#14815=DIRECTION('',(8.265992787996E-1,0.E0,5.627909312417E-1));
#14816=DIRECTION('',(5.627909312417E-1,0.E0,-8.265992787996E-1));
#14817=AXIS2_PLACEMENT_3D('',#14814,#14815,#14816);
#14818=PLANE('',#14817);
#14819=ORIENTED_EDGE('',*,*,#10552,.F.);
#14821=ORIENTED_EDGE('',*,*,#14820,.T.);
#14822=ORIENTED_EDGE('',*,*,#13083,.T.);
#14823=ORIENTED_EDGE('',*,*,#14807,.F.);
#14824=EDGE_LOOP('',(#14819,#14821,#14822,#14823));
#14825=FACE_OUTER_BOUND('',#14824,.F.);
#14826=ADVANCED_FACE('',(#14825),#14818,.T.);
#14827=CARTESIAN_POINT('',(8.180638299584E1,3.E1,-3.187500044703E0));
#14828=DIRECTION('',(9.466498943303E-1,0.E0,3.222638322314E-1));
#14829=DIRECTION('',(3.222638322314E-1,0.E0,-9.466498943303E-1));
#14830=AXIS2_PLACEMENT_3D('',#14827,#14828,#14829);
#14831=PLANE('',#14830);
#14832=ORIENTED_EDGE('',*,*,#10550,.F.);
#14834=ORIENTED_EDGE('',*,*,#14833,.T.);
#14835=ORIENTED_EDGE('',*,*,#13085,.T.);
#14836=ORIENTED_EDGE('',*,*,#14820,.F.);
#14837=EDGE_LOOP('',(#14832,#14834,#14835,#14836));
#14838=FACE_OUTER_BOUND('',#14837,.F.);
#14839=ADVANCED_FACE('',(#14838),#14831,.T.);
#14840=CARTESIAN_POINT('',(8.180638299584E1,3.E1,-2.53125E0));
#14841=DIRECTION('',(1.E0,0.E0,0.E0));
#14842=DIRECTION('',(0.E0,0.E0,-1.E0));
#14843=AXIS2_PLACEMENT_3D('',#14840,#14841,#14842);
#14844=PLANE('',#14843);
#14845=ORIENTED_EDGE('',*,*,#10548,.F.);
#14847=ORIENTED_EDGE('',*,*,#14846,.T.);
#14848=ORIENTED_EDGE('',*,*,#13087,.T.);
#14849=ORIENTED_EDGE('',*,*,#14833,.F.);
#14850=EDGE_LOOP('',(#14845,#14847,#14848,#14849));
#14851=FACE_OUTER_BOUND('',#14850,.F.);
#14852=ADVANCED_FACE('',(#14851),#14844,.T.);
#14853=CARTESIAN_POINT('',(8.190212766528E1,3.E1,-2.25E0));
#14854=DIRECTION('',(9.466499177700E-1,0.E0,-3.222637633772E-1));
#14855=DIRECTION('',(-3.222637633772E-1,0.E0,-9.466499177700E-1));
#14856=AXIS2_PLACEMENT_3D('',#14853,#14854,#14855);
#14857=PLANE('',#14856);
#14858=ORIENTED_EDGE('',*,*,#10546,.F.);
#14860=ORIENTED_EDGE('',*,*,#14859,.T.);
#14861=ORIENTED_EDGE('',*,*,#13089,.T.);
#14862=ORIENTED_EDGE('',*,*,#14846,.F.);
#14863=EDGE_LOOP('',(#14858,#14860,#14861,#14862));
#14864=FACE_OUTER_BOUND('',#14863,.F.);
#14865=ADVANCED_FACE('',(#14864),#14857,.T.);
#14866=CARTESIAN_POINT('',(8.209361700416E1,3.E1,-1.96875E0));
#14867=DIRECTION('',(8.265992787996E-1,0.E0,-5.627909312417E-1));
#14868=DIRECTION('',(-5.627909312417E-1,0.E0,-8.265992787996E-1));
#14869=AXIS2_PLACEMENT_3D('',#14866,#14867,#14868);
#14870=PLANE('',#14869);
#14871=ORIENTED_EDGE('',*,*,#10544,.F.);
#14873=ORIENTED_EDGE('',*,*,#14872,.T.);
#14874=ORIENTED_EDGE('',*,*,#13091,.T.);
#14875=ORIENTED_EDGE('',*,*,#14859,.F.);
#14876=EDGE_LOOP('',(#14871,#14873,#14874,#14875));
#14877=FACE_OUTER_BOUND('',#14876,.F.);
#14878=ADVANCED_FACE('',(#14877),#14870,.T.);
#14879=CARTESIAN_POINT('',(8.238085101247E1,3.E1,-1.781249910593E0));
#14880=DIRECTION('',(5.466227293958E-1,0.E0,-8.373790012342E-1));
#14881=DIRECTION('',(-8.373790012342E-1,0.E0,-5.466227293958E-1));
#14882=AXIS2_PLACEMENT_3D('',#14879,#14880,#14881);
#14883=PLANE('',#14882);
#14884=ORIENTED_EDGE('',*,*,#10542,.F.);
#14885=ORIENTED_EDGE('',*,*,#14640,.T.);
#14886=ORIENTED_EDGE('',*,*,#13093,.T.);
#14887=ORIENTED_EDGE('',*,*,#14872,.F.);
#14888=EDGE_LOOP('',(#14884,#14885,#14886,#14887));
#14889=FACE_OUTER_BOUND('',#14888,.F.);
#14890=ADVANCED_FACE('',(#14889),#14883,.T.);
#14891=CARTESIAN_POINT('',(8.017872341424E1,3.E1,2.718749821186E0));
#14892=DIRECTION('',(-5.466232777014E-1,0.E0,8.373786433120E-1));
#14893=DIRECTION('',(8.373786433120E-1,0.E0,5.466232777014E-1));
#14894=AXIS2_PLACEMENT_3D('',#14891,#14892,#14893);
#14895=PLANE('',#14894);
#14896=ORIENTED_EDGE('',*,*,#10836,.F.);
#14898=ORIENTED_EDGE('',*,*,#14897,.T.);
#14899=ORIENTED_EDGE('',*,*,#13103,.T.);
#14901=ORIENTED_EDGE('',*,*,#14900,.F.);
#14902=EDGE_LOOP('',(#14896,#14898,#14899,#14901));
#14903=FACE_OUTER_BOUND('',#14902,.F.);
#14904=ADVANCED_FACE('',(#14903),#14895,.T.);
#14905=CARTESIAN_POINT('',(7.998723404184E1,3.E1,2.437499821186E0));
#14906=DIRECTION('',(-8.265992329593E-1,0.E0,5.627909985697E-1));
#14907=DIRECTION('',(5.627909985697E-1,0.E0,8.265992329593E-1));
#14908=AXIS2_PLACEMENT_3D('',#14905,#14906,#14907);
#14909=PLANE('',#14908);
#14910=ORIENTED_EDGE('',*,*,#10948,.F.);
#14912=ORIENTED_EDGE('',*,*,#14911,.T.);
#14913=ORIENTED_EDGE('',*,*,#13105,.T.);
#14914=ORIENTED_EDGE('',*,*,#14897,.F.);
#14915=EDGE_LOOP('',(#14910,#14912,#14913,#14914));
#14916=FACE_OUTER_BOUND('',#14915,.F.);
#14917=ADVANCED_FACE('',(#14916),#14909,.T.);
#14918=CARTESIAN_POINT('',(7.979574467782E1,3.E1,2.062500178814E0));
#14919=DIRECTION('',(-8.906050870136E-1,0.E0,4.547775049247E-1));
#14920=DIRECTION('',(4.547775049247E-1,0.E0,8.906050870136E-1));
#14921=AXIS2_PLACEMENT_3D('',#14918,#14919,#14920);
#14922=PLANE('',#14921);
#14923=ORIENTED_EDGE('',*,*,#10946,.F.);
#14925=ORIENTED_EDGE('',*,*,#14924,.T.);
#14926=ORIENTED_EDGE('',*,*,#13107,.T.);
#14927=ORIENTED_EDGE('',*,*,#14911,.F.);
#14928=EDGE_LOOP('',(#14923,#14925,#14926,#14927));
#14929=FACE_OUTER_BOUND('',#14928,.F.);
#14930=ADVANCED_FACE('',(#14929),#14922,.T.);
#14931=CARTESIAN_POINT('',(7.97E1,3.E1,1.6875E0));
#14932=DIRECTION('',(-9.689177407767E-1,0.E0,2.473831271694E-1));
#14933=DIRECTION('',(2.473831271694E-1,0.E0,9.689177407767E-1));
#14934=AXIS2_PLACEMENT_3D('',#14931,#14932,#14933);
#14935=PLANE('',#14934);
#14936=ORIENTED_EDGE('',*,*,#10944,.F.);
#14938=ORIENTED_EDGE('',*,*,#14937,.T.);
#14939=ORIENTED_EDGE('',*,*,#13109,.T.);
#14940=ORIENTED_EDGE('',*,*,#14924,.F.);
#14941=EDGE_LOOP('',(#14936,#14938,#14939,#14940));
#14942=FACE_OUTER_BOUND('',#14941,.F.);
#14943=ADVANCED_FACE('',(#14942),#14935,.T.);
#14944=CARTESIAN_POINT('',(7.97E1,3.E1,9.375001788139E-1));
#14945=DIRECTION('',(-1.E0,0.E0,0.E0));
#14946=DIRECTION('',(0.E0,0.E0,1.E0));
#14947=AXIS2_PLACEMENT_3D('',#14944,#14945,#14946);
#14948=PLANE('',#14947);
#14949=ORIENTED_EDGE('',*,*,#10942,.F.);
#14951=ORIENTED_EDGE('',*,*,#14950,.T.);
#14952=ORIENTED_EDGE('',*,*,#13111,.T.);
#14953=ORIENTED_EDGE('',*,*,#14937,.F.);
#14954=EDGE_LOOP('',(#14949,#14951,#14952,#14953));
#14955=FACE_OUTER_BOUND('',#14954,.F.);
#14956=ADVANCED_FACE('',(#14955),#14948,.T.);
#14957=CARTESIAN_POINT('',(7.979574467782E1,3.E1,5.625E-1));
#14958=DIRECTION('',(-9.689177407767E-1,0.E0,-2.473831271694E-1));
#14959=DIRECTION('',(-2.473831271694E-1,0.E0,9.689177407767E-1));
#14960=AXIS2_PLACEMENT_3D('',#14957,#14958,#14959);
#14961=PLANE('',#14960);
#14962=ORIENTED_EDGE('',*,*,#10940,.F.);
#14964=ORIENTED_EDGE('',*,*,#14963,.T.);
#14965=ORIENTED_EDGE('',*,*,#13113,.T.);
#14966=ORIENTED_EDGE('',*,*,#14950,.F.);
#14967=EDGE_LOOP('',(#14962,#14964,#14965,#14966));
#14968=FACE_OUTER_BOUND('',#14967,.F.);
#14969=ADVANCED_FACE('',(#14968),#14961,.T.);
#14970=CARTESIAN_POINT('',(7.998723404184E1,3.E1,1.874998211861E-1));
#14971=DIRECTION('',(-8.906053505096E-1,0.E0,-4.547769889117E-1));
#14972=DIRECTION('',(-4.547769889117E-1,0.E0,8.906053505096E-1));
#14973=AXIS2_PLACEMENT_3D('',#14970,#14971,#14972);
#14974=PLANE('',#14973);
#14975=ORIENTED_EDGE('',*,*,#10938,.F.);
#14977=ORIENTED_EDGE('',*,*,#14976,.T.);
#14978=ORIENTED_EDGE('',*,*,#13115,.T.);
#14979=ORIENTED_EDGE('',*,*,#14963,.F.);
#14980=EDGE_LOOP('',(#14975,#14977,#14978,#14979));
#14981=FACE_OUTER_BOUND('',#14980,.F.);
#14982=ADVANCED_FACE('',(#14981),#14974,.T.);
#14983=CARTESIAN_POINT('',(8.017872341424E1,3.E1,-9.374991059303E-2));
#14984=DIRECTION('',(-8.265989832759E-1,0.E0,-5.627913652921E-1));
#14985=DIRECTION('',(-5.627913652921E-1,0.E0,8.265989832759E-1));
#14986=AXIS2_PLACEMENT_3D('',#14983,#14984,#14985);
#14987=PLANE('',#14986);
#14988=ORIENTED_EDGE('',*,*,#10936,.F.);
#14990=ORIENTED_EDGE('',*,*,#14989,.T.);
#14991=ORIENTED_EDGE('',*,*,#13117,.T.);
#14992=ORIENTED_EDGE('',*,*,#14976,.F.);
#14993=EDGE_LOOP('',(#14988,#14990,#14991,#14992));
#14994=FACE_OUTER_BOUND('',#14993,.F.);
#14995=ADVANCED_FACE('',(#14994),#14987,.T.);
#14996=CARTESIAN_POINT('',(8.046595742255E1,3.E1,-2.8125E-1));
#14997=DIRECTION('',(-5.466227293958E-1,0.E0,-8.373790012342E-1));
#14998=DIRECTION('',(-8.373790012342E-1,0.E0,5.466227293958E-1));
#14999=AXIS2_PLACEMENT_3D('',#14996,#14997,#14998);
#15000=PLANE('',#14999);
#15001=ORIENTED_EDGE('',*,*,#10934,.F.);
#15003=ORIENTED_EDGE('',*,*,#15002,.T.);
#15004=ORIENTED_EDGE('',*,*,#13119,.T.);
#15005=ORIENTED_EDGE('',*,*,#14989,.F.);
#15006=EDGE_LOOP('',(#15001,#15003,#15004,#15005));
#15007=FACE_OUTER_BOUND('',#15006,.F.);
#15008=ADVANCED_FACE('',(#15007),#15000,.T.);
#15009=CARTESIAN_POINT('',(8.075319149792E1,3.E1,-3.749999105930E-1));
#15010=DIRECTION('',(-3.102797320889E-1,0.E0,-9.506453007588E-1));
#15011=DIRECTION('',(-9.506453007588E-1,0.E0,3.102797320889E-1));
#15012=AXIS2_PLACEMENT_3D('',#15009,#15010,#15011);
#15013=PLANE('',#15012);
#15014=ORIENTED_EDGE('',*,*,#10932,.F.);
#15016=ORIENTED_EDGE('',*,*,#15015,.T.);
#15017=ORIENTED_EDGE('',*,*,#13121,.T.);
#15018=ORIENTED_EDGE('',*,*,#15002,.F.);
#15019=EDGE_LOOP('',(#15014,#15016,#15017,#15018));
#15020=FACE_OUTER_BOUND('',#15019,.F.);
#15021=ADVANCED_FACE('',(#15020),#15013,.T.);
#15022=CARTESIAN_POINT('',(8.075319149792E1,3.E1,9.375017881393E-2));
#15023=DIRECTION('',(1.E0,0.E0,0.E0));
#15024=DIRECTION('',(0.E0,0.E0,-1.E0));
#15025=AXIS2_PLACEMENT_3D('',#15022,#15023,#15024);
#15026=PLANE('',#15025);
#15027=ORIENTED_EDGE('',*,*,#10930,.F.);
#15029=ORIENTED_EDGE('',*,*,#15028,.T.);
#15030=ORIENTED_EDGE('',*,*,#13123,.T.);
#15031=ORIENTED_EDGE('',*,*,#15015,.F.);
#15032=EDGE_LOOP('',(#15027,#15029,#15030,#15031));
#15033=FACE_OUTER_BOUND('',#15032,.F.);
#15034=ADVANCED_FACE('',(#15033),#15026,.T.);
#15035=CARTESIAN_POINT('',(8.056170215905E1,3.E1,1.874998211861E-1));
#15036=DIRECTION('',(4.397121427660E-1,0.E0,8.981387596046E-1));
#15037=DIRECTION('',(8.981387596046E-1,0.E0,-4.397121427660E-1));
#15038=AXIS2_PLACEMENT_3D('',#15035,#15036,#15037);
#15039=PLANE('',#15038);
#15040=ORIENTED_EDGE('',*,*,#10928,.F.);
#15042=ORIENTED_EDGE('',*,*,#15041,.T.);
#15043=ORIENTED_EDGE('',*,*,#13125,.T.);
#15044=ORIENTED_EDGE('',*,*,#15028,.F.);
#15045=EDGE_LOOP('',(#15040,#15042,#15043,#15044));
#15046=FACE_OUTER_BOUND('',#15045,.F.);
#15047=ADVANCED_FACE('',(#15046),#15039,.T.);
#15048=CARTESIAN_POINT('',(8.037021275312E1,3.E1,3.750001788139E-1));
#15049=DIRECTION('',(6.996253913704E-1,0.E0,7.145098402051E-1));
#15050=DIRECTION('',(7.145098402051E-1,0.E0,-6.996253913704E-1));
#15051=AXIS2_PLACEMENT_3D('',#15048,#15049,#15050);
#15052=PLANE('',#15051);
#15053=ORIENTED_EDGE('',*,*,#10926,.F.);
#15055=ORIENTED_EDGE('',*,*,#15054,.T.);
#15056=ORIENTED_EDGE('',*,*,#13127,.T.);
#15057=ORIENTED_EDGE('',*,*,#15041,.F.);
#15058=EDGE_LOOP('',(#15053,#15055,#15056,#15057));
#15059=FACE_OUTER_BOUND('',#15058,.F.);
#15060=ADVANCED_FACE('',(#15059),#15052,.T.);
#15061=CARTESIAN_POINT('',(8.027446808368E1,3.E1,5.625E-1));
#15062=DIRECTION('',(8.906051112017E-1,0.E0,4.547774575564E-1));
#15063=DIRECTION('',(4.547774575564E-1,0.E0,-8.906051112017E-1));
#15064=AXIS2_PLACEMENT_3D('',#15061,#15062,#15063);
#15065=PLANE('',#15064);
#15066=ORIENTED_EDGE('',*,*,#10924,.F.);
#15068=ORIENTED_EDGE('',*,*,#15067,.T.);
#15069=ORIENTED_EDGE('',*,*,#13129,.T.);
#15070=ORIENTED_EDGE('',*,*,#15054,.F.);
#15071=EDGE_LOOP('',(#15066,#15068,#15069,#15070));
#15072=FACE_OUTER_BOUND('',#15071,.F.);
#15073=ADVANCED_FACE('',(#15072),#15065,.T.);
#15074=CARTESIAN_POINT('',(8.017872341424E1,3.E1,1.031249821186E0));
#15075=DIRECTION('',(9.797706943097E-1,0.E0,2.001234283435E-1));
#15076=DIRECTION('',(2.001234283435E-1,0.E0,-9.797706943097E-1));
#15077=AXIS2_PLACEMENT_3D('',#15074,#15075,#15076);
#15078=PLANE('',#15077);
#15079=ORIENTED_EDGE('',*,*,#10922,.F.);
#15081=ORIENTED_EDGE('',*,*,#15080,.T.);
#15082=ORIENTED_EDGE('',*,*,#13131,.T.);
#15083=ORIENTED_EDGE('',*,*,#15067,.F.);
#15084=EDGE_LOOP('',(#15079,#15081,#15082,#15083));
#15085=FACE_OUTER_BOUND('',#15084,.F.);
#15086=ADVANCED_FACE('',(#15085),#15078,.T.);
#15087=CARTESIAN_POINT('',(8.017872341424E1,3.E1,1.593749821186E0));
#15088=DIRECTION('',(1.E0,0.E0,0.E0));
#15089=DIRECTION('',(0.E0,0.E0,-1.E0));
#15090=AXIS2_PLACEMENT_3D('',#15087,#15088,#15089);
#15091=PLANE('',#15090);
#15092=ORIENTED_EDGE('',*,*,#10920,.F.);
#15094=ORIENTED_EDGE('',*,*,#15093,.T.);
#15095=ORIENTED_EDGE('',*,*,#13133,.T.);
#15096=ORIENTED_EDGE('',*,*,#15080,.F.);
#15097=EDGE_LOOP('',(#15092,#15094,#15095,#15096));
#15098=FACE_OUTER_BOUND('',#15097,.F.);
#15099=ADVANCED_FACE('',(#15098),#15091,.T.);
#15100=CARTESIAN_POINT('',(8.027446808368E1,3.E1,2.062500178814E0));
#15101=DIRECTION('',(9.797707392153E-1,0.E0,-2.001232084928E-1));
#15102=DIRECTION('',(-2.001232084928E-1,0.E0,-9.797707392153E-1));
#15103=AXIS2_PLACEMENT_3D('',#15100,#15101,#15102);
#15104=PLANE('',#15103);
#15105=ORIENTED_EDGE('',*,*,#10918,.F.);
#15107=ORIENTED_EDGE('',*,*,#15106,.T.);
#15108=ORIENTED_EDGE('',*,*,#13135,.T.);
#15109=ORIENTED_EDGE('',*,*,#15093,.F.);
#15110=EDGE_LOOP('',(#15105,#15107,#15108,#15109));
#15111=FACE_OUTER_BOUND('',#15110,.F.);
#15112=ADVANCED_FACE('',(#15111),#15104,.T.);
#15113=CARTESIAN_POINT('',(8.037021275312E1,3.E1,2.25E0));
#15114=DIRECTION('',(8.906051112017E-1,0.E0,-4.547774575564E-1));
#15115=DIRECTION('',(-4.547774575564E-1,0.E0,-8.906051112017E-1));
#15116=AXIS2_PLACEMENT_3D('',#15113,#15114,#15115);
#15117=PLANE('',#15116);
#15118=ORIENTED_EDGE('',*,*,#10916,.F.);
#15120=ORIENTED_EDGE('',*,*,#15119,.T.);
#15121=ORIENTED_EDGE('',*,*,#13137,.T.);
#15122=ORIENTED_EDGE('',*,*,#15106,.F.);
#15123=EDGE_LOOP('',(#15118,#15120,#15121,#15122));
#15124=FACE_OUTER_BOUND('',#15123,.F.);
#15125=ADVANCED_FACE('',(#15124),#15117,.T.);
#15126=CARTESIAN_POINT('',(8.056170215905E1,3.E1,2.437499821186E0));
#15127=DIRECTION('',(6.996243694821E-1,0.E0,-7.145108408043E-1));
#15128=DIRECTION('',(-7.145108408043E-1,0.E0,-6.996243694821E-1));
#15129=AXIS2_PLACEMENT_3D('',#15126,#15127,#15128);
#15130=PLANE('',#15129);
#15131=ORIENTED_EDGE('',*,*,#10914,.F.);
#15133=ORIENTED_EDGE('',*,*,#15132,.T.);
#15134=ORIENTED_EDGE('',*,*,#13139,.T.);
#15135=ORIENTED_EDGE('',*,*,#15119,.F.);
#15136=EDGE_LOOP('',(#15131,#15133,#15134,#15135));
#15137=FACE_OUTER_BOUND('',#15136,.F.);
#15138=ADVANCED_FACE('',(#15137),#15130,.T.);
#15139=CARTESIAN_POINT('',(8.075319149792E1,3.E1,2.53125E0));
#15140=DIRECTION('',(4.397141723527E-1,0.E0,-8.981377659536E-1));
#15141=DIRECTION('',(-8.981377659536E-1,0.E0,-4.397141723527E-1));
#15142=AXIS2_PLACEMENT_3D('',#15139,#15140,#15141);
#15143=PLANE('',#15142);
#15144=ORIENTED_EDGE('',*,*,#10912,.F.);
#15146=ORIENTED_EDGE('',*,*,#15145,.T.);
#15147=ORIENTED_EDGE('',*,*,#13141,.T.);
#15148=ORIENTED_EDGE('',*,*,#15132,.F.);
#15149=EDGE_LOOP('',(#15144,#15146,#15147,#15148));
#15150=FACE_OUTER_BOUND('',#15149,.F.);
#15151=ADVANCED_FACE('',(#15150),#15143,.T.);
#15152=CARTESIAN_POINT('',(8.113617017567E1,3.E1,2.53125E0));
#15153=DIRECTION('',(0.E0,0.E0,-1.E0));
#15154=DIRECTION('',(-1.E0,0.E0,0.E0));
#15155=AXIS2_PLACEMENT_3D('',#15152,#15153,#15154);
#15156=PLANE('',#15155);
#15157=ORIENTED_EDGE('',*,*,#10910,.F.);
#15159=ORIENTED_EDGE('',*,*,#15158,.T.);
#15160=ORIENTED_EDGE('',*,*,#13143,.T.);
#15161=ORIENTED_EDGE('',*,*,#15145,.F.);
#15162=EDGE_LOOP('',(#15157,#15159,#15160,#15161));
#15163=FACE_OUTER_BOUND('',#15162,.F.);
#15164=ADVANCED_FACE('',(#15163),#15156,.T.);
#15165=CARTESIAN_POINT('',(8.151914898753E1,3.E1,2.343750178814E0));
#15166=DIRECTION('',(-4.397130333538E-1,0.E0,-8.981383235887E-1));
#15167=DIRECTION('',(-8.981383235887E-1,0.E0,4.397130333538E-1));
#15168=AXIS2_PLACEMENT_3D('',#15165,#15166,#15167);
#15169=PLANE('',#15168);
#15170=ORIENTED_EDGE('',*,*,#10908,.F.);
#15172=ORIENTED_EDGE('',*,*,#15171,.T.);
#15173=ORIENTED_EDGE('',*,*,#13145,.T.);
#15174=ORIENTED_EDGE('',*,*,#15158,.F.);
#15175=EDGE_LOOP('',(#15170,#15172,#15173,#15174));
#15176=FACE_OUTER_BOUND('',#15175,.F.);
#15177=ADVANCED_FACE('',(#15176),#15169,.T.);
#15178=CARTESIAN_POINT('',(8.171063832641E1,3.E1,2.062500178814E0));
#15179=DIRECTION('',(-8.265992787996E-1,0.E0,-5.627909312417E-1));
#15180=DIRECTION('',(-5.627909312417E-1,0.E0,8.265992787996E-1));
#15181=AXIS2_PLACEMENT_3D('',#15178,#15179,#15180);
#15182=PLANE('',#15181);
#15183=ORIENTED_EDGE('',*,*,#10906,.F.);
#15185=ORIENTED_EDGE('',*,*,#15184,.T.);
#15186=ORIENTED_EDGE('',*,*,#13147,.T.);
#15187=ORIENTED_EDGE('',*,*,#15171,.F.);
#15188=EDGE_LOOP('',(#15183,#15185,#15186,#15187));
#15189=FACE_OUTER_BOUND('',#15188,.F.);
#15190=ADVANCED_FACE('',(#15189),#15182,.T.);
#15191=CARTESIAN_POINT('',(8.180638299584E1,3.E1,1.500000178814E0));
#15192=DIRECTION('',(-9.858211730931E-1,0.E0,-1.677993286083E-1));
#15193=DIRECTION('',(-1.677993286083E-1,0.E0,9.858211730931E-1));
#15194=AXIS2_PLACEMENT_3D('',#15191,#15192,#15193);
#15195=PLANE('',#15194);
#15196=ORIENTED_EDGE('',*,*,#10904,.F.);
#15198=ORIENTED_EDGE('',*,*,#15197,.T.);
#15199=ORIENTED_EDGE('',*,*,#13149,.T.);
#15200=ORIENTED_EDGE('',*,*,#15184,.F.);
#15201=EDGE_LOOP('',(#15196,#15198,#15199,#15200));
#15202=FACE_OUTER_BOUND('',#15201,.F.);
#15203=ADVANCED_FACE('',(#15202),#15195,.T.);
#15204=CARTESIAN_POINT('',(8.180638299584E1,3.E1,1.125E0));
#15205=DIRECTION('',(-1.E0,0.E0,0.E0));
#15206=DIRECTION('',(0.E0,0.E0,1.E0));
#15207=AXIS2_PLACEMENT_3D('',#15204,#15205,#15206);
#15208=PLANE('',#15207);
#15209=ORIENTED_EDGE('',*,*,#10902,.F.);
#15211=ORIENTED_EDGE('',*,*,#15210,.T.);
#15212=ORIENTED_EDGE('',*,*,#13151,.T.);
#15213=ORIENTED_EDGE('',*,*,#15197,.F.);
#15214=EDGE_LOOP('',(#15209,#15211,#15212,#15213));
#15215=FACE_OUTER_BOUND('',#15214,.F.);
#15216=ADVANCED_FACE('',(#15215),#15208,.T.);
#15217=CARTESIAN_POINT('',(8.218936167359E1,3.E1,1.125E0));
#15218=DIRECTION('',(0.E0,0.E0,-1.E0));
#15219=DIRECTION('',(-1.E0,0.E0,0.E0));
#15220=AXIS2_PLACEMENT_3D('',#15217,#15218,#15219);
#15221=PLANE('',#15220);
#15222=ORIENTED_EDGE('',*,*,#10900,.F.);
#15224=ORIENTED_EDGE('',*,*,#15223,.T.);
#15225=ORIENTED_EDGE('',*,*,#13153,.T.);
#15226=ORIENTED_EDGE('',*,*,#15210,.F.);
#15227=EDGE_LOOP('',(#15222,#15224,#15225,#15226));
#15228=FACE_OUTER_BOUND('',#15227,.F.);
#15229=ADVANCED_FACE('',(#15228),#15221,.T.);
#15230=CARTESIAN_POINT('',(8.218936167359E1,3.E1,1.500000178814E0));
#15231=DIRECTION('',(1.E0,0.E0,0.E0));
#15232=DIRECTION('',(0.E0,0.E0,-1.E0));
#15233=AXIS2_PLACEMENT_3D('',#15230,#15231,#15232);
#15234=PLANE('',#15233);
#15235=ORIENTED_EDGE('',*,*,#10898,.F.);
#15237=ORIENTED_EDGE('',*,*,#15236,.T.);
#15238=ORIENTED_EDGE('',*,*,#13155,.T.);
#15239=ORIENTED_EDGE('',*,*,#15223,.F.);
#15240=EDGE_LOOP('',(#15235,#15237,#15238,#15239));
#15241=FACE_OUTER_BOUND('',#15240,.F.);
#15242=ADVANCED_FACE('',(#15241),#15234,.T.);
#15243=CARTESIAN_POINT('',(8.238085101247E1,3.E1,2.062500178814E0));
#15244=DIRECTION('',(9.466499177700E-1,0.E0,-3.222637633772E-1));
#15245=DIRECTION('',(-3.222637633772E-1,0.E0,-9.466499177700E-1));
#15246=AXIS2_PLACEMENT_3D('',#15243,#15244,#15245);
#15247=PLANE('',#15246);
#15248=ORIENTED_EDGE('',*,*,#10896,.F.);
#15250=ORIENTED_EDGE('',*,*,#15249,.T.);
#15251=ORIENTED_EDGE('',*,*,#13157,.T.);
#15252=ORIENTED_EDGE('',*,*,#15236,.F.);
#15253=EDGE_LOOP('',(#15248,#15250,#15251,#15252));
#15254=FACE_OUTER_BOUND('',#15253,.F.);
#15255=ADVANCED_FACE('',(#15254),#15247,.T.);
#15256=CARTESIAN_POINT('',(8.257234035134E1,3.E1,2.25E0));
#15257=DIRECTION('',(6.996244945571E-1,0.E0,-7.145107183351E-1));
#15258=DIRECTION('',(-7.145107183351E-1,0.E0,-6.996244945571E-1));
#15259=AXIS2_PLACEMENT_3D('',#15256,#15257,#15258);
#15260=PLANE('',#15259);
#15261=ORIENTED_EDGE('',*,*,#10894,.F.);
#15263=ORIENTED_EDGE('',*,*,#15262,.T.);
#15264=ORIENTED_EDGE('',*,*,#13159,.T.);
#15265=ORIENTED_EDGE('',*,*,#15249,.F.);
#15266=EDGE_LOOP('',(#15261,#15263,#15264,#15265));
#15267=FACE_OUTER_BOUND('',#15266,.F.);
#15268=ADVANCED_FACE('',(#15267),#15260,.T.);
#15269=CARTESIAN_POINT('',(8.295531902909E1,3.E1,2.437499821186E0));
#15270=DIRECTION('',(4.397131575602E-1,0.E0,-8.981382627794E-1));
#15271=DIRECTION('',(-8.981382627794E-1,0.E0,-4.397131575602E-1));
#15272=AXIS2_PLACEMENT_3D('',#15269,#15270,#15271);
#15273=PLANE('',#15272);
#15274=ORIENTED_EDGE('',*,*,#10892,.F.);
#15276=ORIENTED_EDGE('',*,*,#15275,.T.);
#15277=ORIENTED_EDGE('',*,*,#13161,.T.);
#15278=ORIENTED_EDGE('',*,*,#15262,.F.);
#15279=EDGE_LOOP('',(#15274,#15276,#15277,#15278));
#15280=FACE_OUTER_BOUND('',#15279,.F.);
#15281=ADVANCED_FACE('',(#15280),#15273,.T.);
#15282=CARTESIAN_POINT('',(8.314680863619E1,3.E1,2.437499821186E0));
#15283=DIRECTION('',(0.E0,0.E0,-1.E0));
#15284=DIRECTION('',(-1.E0,0.E0,0.E0));
#15285=AXIS2_PLACEMENT_3D('',#15282,#15283,#15284);
#15286=PLANE('',#15285);
#15287=ORIENTED_EDGE('',*,*,#10890,.F.);
#15289=ORIENTED_EDGE('',*,*,#15288,.T.);
#15290=ORIENTED_EDGE('',*,*,#13163,.T.);
#15291=ORIENTED_EDGE('',*,*,#15275,.F.);
#15292=EDGE_LOOP('',(#15287,#15289,#15290,#15291));
#15293=FACE_OUTER_BOUND('',#15292,.F.);
#15294=ADVANCED_FACE('',(#15293),#15286,.T.);
#15295=CARTESIAN_POINT('',(8.343404264450E1,3.E1,2.25E0));
#15296=DIRECTION('',(-5.466221810895E-1,0.E0,-8.373793591563E-1));
#15297=DIRECTION('',(-8.373793591563E-1,0.E0,5.466221810895E-1));
#15298=AXIS2_PLACEMENT_3D('',#15295,#15296,#15297);
#15299=PLANE('',#15298);
#15300=ORIENTED_EDGE('',*,*,#10888,.F.);
#15302=ORIENTED_EDGE('',*,*,#15301,.T.);
#15303=ORIENTED_EDGE('',*,*,#13165,.T.);
#15304=ORIENTED_EDGE('',*,*,#15288,.F.);
#15305=EDGE_LOOP('',(#15300,#15302,#15303,#15304));
#15306=FACE_OUTER_BOUND('',#15305,.F.);
#15307=ADVANCED_FACE('',(#15306),#15299,.T.);
#15308=CARTESIAN_POINT('',(8.362553198338E1,3.E1,1.96875E0));
#15309=DIRECTION('',(-8.265992787996E-1,0.E0,-5.627909312417E-1));
#15310=DIRECTION('',(-5.627909312417E-1,0.E0,8.265992787996E-1));
#15311=AXIS2_PLACEMENT_3D('',#15308,#15309,#15310);
#15312=PLANE('',#15311);
#15313=ORIENTED_EDGE('',*,*,#10886,.F.);
#15315=ORIENTED_EDGE('',*,*,#15314,.T.);
#15316=ORIENTED_EDGE('',*,*,#13167,.T.);
#15317=ORIENTED_EDGE('',*,*,#15301,.F.);
#15318=EDGE_LOOP('',(#15313,#15315,#15316,#15317));
#15319=FACE_OUTER_BOUND('',#15318,.F.);
#15320=ADVANCED_FACE('',(#15319),#15312,.T.);
#15321=CARTESIAN_POINT('',(8.372127665281E1,3.E1,1.500000178814E0));
#15322=DIRECTION('',(-9.797706943097E-1,0.E0,-2.001234283435E-1));
#15323=DIRECTION('',(-2.001234283435E-1,0.E0,9.797706943097E-1));
#15324=AXIS2_PLACEMENT_3D('',#15321,#15322,#15323);
#15325=PLANE('',#15324);
#15326=ORIENTED_EDGE('',*,*,#10884,.F.);
#15328=ORIENTED_EDGE('',*,*,#15327,.T.);
#15329=ORIENTED_EDGE('',*,*,#13169,.T.);
#15330=ORIENTED_EDGE('',*,*,#15314,.F.);
#15331=EDGE_LOOP('',(#15326,#15328,#15329,#15330));
#15332=FACE_OUTER_BOUND('',#15331,.F.);
#15333=ADVANCED_FACE('',(#15332),#15325,.T.);
#15334=CARTESIAN_POINT('',(8.372127665281E1,3.E1,1.125E0));
#15335=DIRECTION('',(-1.E0,0.E0,0.E0));
#15336=DIRECTION('',(0.E0,0.E0,1.E0));
#15337=AXIS2_PLACEMENT_3D('',#15334,#15335,#15336);
#15338=PLANE('',#15337);
#15339=ORIENTED_EDGE('',*,*,#10882,.F.);
#15341=ORIENTED_EDGE('',*,*,#15340,.T.);
#15342=ORIENTED_EDGE('',*,*,#13171,.T.);
#15343=ORIENTED_EDGE('',*,*,#15327,.F.);
#15344=EDGE_LOOP('',(#15339,#15341,#15342,#15343));
#15345=FACE_OUTER_BOUND('',#15344,.F.);
#15346=ADVANCED_FACE('',(#15345),#15338,.T.);
#15347=CARTESIAN_POINT('',(8.362553198338E1,3.E1,6.562501788139E-1));
#15348=DIRECTION('',(-9.797706943097E-1,0.E0,2.001234283435E-1));
#15349=DIRECTION('',(2.001234283435E-1,0.E0,9.797706943097E-1));
#15350=AXIS2_PLACEMENT_3D('',#15347,#15348,#15349);
#15351=PLANE('',#15350);
#15352=ORIENTED_EDGE('',*,*,#10880,.F.);
#15354=ORIENTED_EDGE('',*,*,#15353,.T.);
#15355=ORIENTED_EDGE('',*,*,#13173,.T.);
#15356=ORIENTED_EDGE('',*,*,#15340,.F.);
#15357=EDGE_LOOP('',(#15352,#15354,#15355,#15356));
#15358=FACE_OUTER_BOUND('',#15357,.F.);
#15359=ADVANCED_FACE('',(#15358),#15351,.T.);
#15360=CARTESIAN_POINT('',(8.343404264450E1,3.E1,3.750001788139E-1));
#15361=DIRECTION('',(-8.265992787996E-1,0.E0,5.627909312417E-1));
#15362=DIRECTION('',(5.627909312417E-1,0.E0,8.265992787996E-1));
#15363=AXIS2_PLACEMENT_3D('',#15360,#15361,#15362);
#15364=PLANE('',#15363);
#15365=ORIENTED_EDGE('',*,*,#10878,.F.);
#15367=ORIENTED_EDGE('',*,*,#15366,.T.);
#15368=ORIENTED_EDGE('',*,*,#13175,.T.);
#15369=ORIENTED_EDGE('',*,*,#15353,.F.);
#15370=EDGE_LOOP('',(#15365,#15367,#15368,#15369));
#15371=FACE_OUTER_BOUND('',#15370,.F.);
#15372=ADVANCED_FACE('',(#15371),#15364,.T.);
#15373=CARTESIAN_POINT('',(8.314680863619E1,3.E1,1.874998211861E-1));
#15374=DIRECTION('',(-5.466232777014E-1,0.E0,8.373786433120E-1));
#15375=DIRECTION('',(8.373786433120E-1,0.E0,5.466232777014E-1));
#15376=AXIS2_PLACEMENT_3D('',#15373,#15374,#15375);
#15377=PLANE('',#15376);
#15378=ORIENTED_EDGE('',*,*,#10876,.F.);
#15380=ORIENTED_EDGE('',*,*,#15379,.T.);
#15381=ORIENTED_EDGE('',*,*,#13177,.T.);
#15382=ORIENTED_EDGE('',*,*,#15366,.F.);
#15383=EDGE_LOOP('',(#15378,#15380,#15381,#15382));
#15384=FACE_OUTER_BOUND('',#15383,.F.);
#15385=ADVANCED_FACE('',(#15384),#15377,.T.);
#15386=CARTESIAN_POINT('',(8.314680863619E1,3.E1,-2.8125E-1));
#15387=DIRECTION('',(-1.E0,0.E0,0.E0));
#15388=DIRECTION('',(0.E0,0.E0,1.E0));
#15389=AXIS2_PLACEMENT_3D('',#15386,#15387,#15388);
#15390=PLANE('',#15389);
#15391=ORIENTED_EDGE('',*,*,#10874,.F.);
#15393=ORIENTED_EDGE('',*,*,#15392,.T.);
#15394=ORIENTED_EDGE('',*,*,#13179,.T.);
#15395=ORIENTED_EDGE('',*,*,#15379,.F.);
#15396=EDGE_LOOP('',(#15391,#15393,#15394,#15395));
#15397=FACE_OUTER_BOUND('',#15396,.F.);
#15398=ADVANCED_FACE('',(#15397),#15390,.T.);
#15399=CARTESIAN_POINT('',(8.352978731394E1,3.E1,-1.875000894070E-1));
#15400=DIRECTION('',(2.377711385310E-1,0.E0,-9.713212062349E-1));
#15401=DIRECTION('',(-9.713212062349E-1,0.E0,-2.377711385310E-1));
#15402=AXIS2_PLACEMENT_3D('',#15399,#15400,#15401);
#15403=PLANE('',#15402);
#15404=ORIENTED_EDGE('',*,*,#10872,.F.);
#15406=ORIENTED_EDGE('',*,*,#15405,.T.);
#15407=ORIENTED_EDGE('',*,*,#13181,.T.);
#15408=ORIENTED_EDGE('',*,*,#15392,.F.);
#15409=EDGE_LOOP('',(#15404,#15406,#15407,#15408));
#15410=FACE_OUTER_BOUND('',#15409,.F.);
#15411=ADVANCED_FACE('',(#15410),#15403,.T.);
#15412=CARTESIAN_POINT('',(8.391276599169E1,3.E1,1.874998211861E-1));
#15413=DIRECTION('',(6.996247500295E-1,0.E0,-7.145104681851E-1));
#15414=DIRECTION('',(-7.145104681851E-1,0.E0,-6.996247500295E-1));
#15415=AXIS2_PLACEMENT_3D('',#15412,#15413,#15414);
#15416=PLANE('',#15415);
#15417=ORIENTED_EDGE('',*,*,#10870,.F.);
#15419=ORIENTED_EDGE('',*,*,#15418,.T.);
#15420=ORIENTED_EDGE('',*,*,#13183,.T.);
#15421=ORIENTED_EDGE('',*,*,#15405,.F.);
#15422=EDGE_LOOP('',(#15417,#15419,#15420,#15421));
#15423=FACE_OUTER_BOUND('',#15422,.F.);
#15424=ADVANCED_FACE('',(#15423),#15416,.T.);
#15425=CARTESIAN_POINT('',(8.410425533056E1,3.E1,5.625E-1));
#15426=DIRECTION('',(8.906053746977E-1,0.E0,-4.547769415434E-1));
#15427=DIRECTION('',(-4.547769415434E-1,0.E0,-8.906053746977E-1));
#15428=AXIS2_PLACEMENT_3D('',#15425,#15426,#15427);
#15429=PLANE('',#15428);
#15430=ORIENTED_EDGE('',*,*,#10868,.F.);
#15432=ORIENTED_EDGE('',*,*,#15431,.T.);
#15433=ORIENTED_EDGE('',*,*,#13185,.T.);
#15434=ORIENTED_EDGE('',*,*,#15418,.F.);
#15435=EDGE_LOOP('',(#15430,#15432,#15433,#15434));
#15436=FACE_OUTER_BOUND('',#15435,.F.);
#15437=ADVANCED_FACE('',(#15436),#15429,.T.);
#15438=CARTESIAN_POINT('',(8.42E1,3.E1,1.218750178814E0));
#15439=DIRECTION('',(9.895240396393E-1,0.E0,-1.443681923971E-1));
#15440=DIRECTION('',(-1.443681923971E-1,0.E0,-9.895240396393E-1));
#15441=AXIS2_PLACEMENT_3D('',#15438,#15439,#15440);
#15442=PLANE('',#15441);
#15443=ORIENTED_EDGE('',*,*,#10866,.F.);
#15445=ORIENTED_EDGE('',*,*,#15444,.T.);
#15446=ORIENTED_EDGE('',*,*,#13187,.T.);
#15447=ORIENTED_EDGE('',*,*,#15431,.F.);
#15448=EDGE_LOOP('',(#15443,#15445,#15446,#15447));
#15449=FACE_OUTER_BOUND('',#15448,.F.);
#15450=ADVANCED_FACE('',(#15449),#15442,.T.);
#15451=CARTESIAN_POINT('',(8.42E1,3.E1,1.40625E0));
#15452=DIRECTION('',(1.E0,0.E0,0.E0));
#15453=DIRECTION('',(0.E0,0.E0,-1.E0));
#15454=AXIS2_PLACEMENT_3D('',#15451,#15452,#15453);
#15455=PLANE('',#15454);
#15456=ORIENTED_EDGE('',*,*,#10864,.F.);
#15458=ORIENTED_EDGE('',*,*,#15457,.T.);
#15459=ORIENTED_EDGE('',*,*,#13189,.T.);
#15460=ORIENTED_EDGE('',*,*,#15444,.F.);
#15461=EDGE_LOOP('',(#15456,#15458,#15459,#15460));
#15462=FACE_OUTER_BOUND('',#15461,.F.);
#15463=ADVANCED_FACE('',(#15462),#15455,.T.);
#15464=CARTESIAN_POINT('',(8.410425533056E1,3.E1,2.062500178814E0));
#15465=DIRECTION('',(9.895240396393E-1,0.E0,1.443681923971E-1));
#15466=DIRECTION('',(1.443681923971E-1,0.E0,-9.895240396393E-1));
#15467=AXIS2_PLACEMENT_3D('',#15464,#15465,#15466);
#15468=PLANE('',#15467);
#15469=ORIENTED_EDGE('',*,*,#10862,.F.);
#15471=ORIENTED_EDGE('',*,*,#15470,.T.);
#15472=ORIENTED_EDGE('',*,*,#13191,.T.);
#15473=ORIENTED_EDGE('',*,*,#15457,.F.);
#15474=EDGE_LOOP('',(#15469,#15471,#15472,#15473));
#15475=FACE_OUTER_BOUND('',#15474,.F.);
#15476=ADVANCED_FACE('',(#15475),#15468,.T.);
#15477=CARTESIAN_POINT('',(8.391276599169E1,3.E1,2.437499821186E0));
#15478=DIRECTION('',(8.906051112017E-1,0.E0,4.547774575564E-1));
#15479=DIRECTION('',(4.547774575564E-1,0.E0,-8.906051112017E-1));
#15480=AXIS2_PLACEMENT_3D('',#15477,#15478,#15479);
#15481=PLANE('',#15480);
#15482=ORIENTED_EDGE('',*,*,#10860,.F.);
#15484=ORIENTED_EDGE('',*,*,#15483,.T.);
#15485=ORIENTED_EDGE('',*,*,#13193,.T.);
#15486=ORIENTED_EDGE('',*,*,#15470,.F.);
#15487=EDGE_LOOP('',(#15482,#15484,#15485,#15486));
#15488=FACE_OUTER_BOUND('',#15487,.F.);
#15489=ADVANCED_FACE('',(#15488),#15481,.T.);
#15490=CARTESIAN_POINT('',(8.352978731394E1,3.E1,2.8125E0));
#15491=DIRECTION('',(6.996250055017E-1,0.E0,7.145102180353E-1));
#15492=DIRECTION('',(7.145102180353E-1,0.E0,-6.996250055017E-1));
#15493=AXIS2_PLACEMENT_3D('',#15490,#15491,#15492);
#15494=PLANE('',#15493);
#15495=ORIENTED_EDGE('',*,*,#10858,.F.);
#15497=ORIENTED_EDGE('',*,*,#15496,.T.);
#15498=ORIENTED_EDGE('',*,*,#13195,.T.);
#15499=ORIENTED_EDGE('',*,*,#15483,.F.);
#15500=EDGE_LOOP('',(#15495,#15497,#15498,#15499));
#15501=FACE_OUTER_BOUND('',#15500,.F.);
#15502=ADVANCED_FACE('',(#15501),#15494,.T.);
#15503=CARTESIAN_POINT('',(8.314680863619E1,3.E1,2.906250178814E0));
#15504=DIRECTION('',(2.377717803411E-1,0.E0,9.713210491251E-1));
#15505=DIRECTION('',(9.713210491251E-1,0.E0,-2.377717803411E-1));
#15506=AXIS2_PLACEMENT_3D('',#15503,#15504,#15505);
#15507=PLANE('',#15506);
#15508=ORIENTED_EDGE('',*,*,#10856,.F.);
#15510=ORIENTED_EDGE('',*,*,#15509,.T.);
#15511=ORIENTED_EDGE('',*,*,#13197,.T.);
#15512=ORIENTED_EDGE('',*,*,#15496,.F.);
#15513=EDGE_LOOP('',(#15508,#15510,#15511,#15512));
#15514=FACE_OUTER_BOUND('',#15513,.F.);
#15515=ADVANCED_FACE('',(#15514),#15507,.T.);
#15516=CARTESIAN_POINT('',(8.295531902909E1,3.E1,2.906250178814E0));
#15517=DIRECTION('',(0.E0,0.E0,1.E0));
#15518=DIRECTION('',(1.E0,0.E0,0.E0));
#15519=AXIS2_PLACEMENT_3D('',#15516,#15517,#15518);
#15520=PLANE('',#15519);
#15521=ORIENTED_EDGE('',*,*,#10854,.F.);
#15523=ORIENTED_EDGE('',*,*,#15522,.T.);
#15524=ORIENTED_EDGE('',*,*,#13199,.T.);
#15525=ORIENTED_EDGE('',*,*,#15509,.F.);
#15526=EDGE_LOOP('',(#15521,#15523,#15524,#15525));
#15527=FACE_OUTER_BOUND('',#15526,.F.);
#15528=ADVANCED_FACE('',(#15527),#15520,.T.);
#15529=CARTESIAN_POINT('',(8.257234035134E1,3.E1,2.8125E0));
#15530=DIRECTION('',(-2.377717803411E-1,0.E0,9.713210491251E-1));
#15531=DIRECTION('',(9.713210491251E-1,0.E0,2.377717803411E-1));
#15532=AXIS2_PLACEMENT_3D('',#15529,#15530,#15531);
#15533=PLANE('',#15532);
#15534=ORIENTED_EDGE('',*,*,#10852,.F.);
#15536=ORIENTED_EDGE('',*,*,#15535,.T.);
#15537=ORIENTED_EDGE('',*,*,#13201,.T.);
#15538=ORIENTED_EDGE('',*,*,#15522,.F.);
#15539=EDGE_LOOP('',(#15534,#15536,#15537,#15538));
#15540=FACE_OUTER_BOUND('',#15539,.F.);
#15541=ADVANCED_FACE('',(#15540),#15533,.T.);
#15542=CARTESIAN_POINT('',(8.228510634303E1,3.E1,2.625000178814E0));
#15543=DIRECTION('',(-5.466221810895E-1,0.E0,8.373793591563E-1));
#15544=DIRECTION('',(8.373793591563E-1,0.E0,5.466221810895E-1));
#15545=AXIS2_PLACEMENT_3D('',#15542,#15543,#15544);
#15546=PLANE('',#15545);
#15547=ORIENTED_EDGE('',*,*,#10850,.F.);
#15549=ORIENTED_EDGE('',*,*,#15548,.T.);
#15550=ORIENTED_EDGE('',*,*,#13203,.T.);
#15551=ORIENTED_EDGE('',*,*,#15535,.F.);
#15552=EDGE_LOOP('',(#15547,#15549,#15550,#15551));
#15553=FACE_OUTER_BOUND('',#15552,.F.);
#15554=ADVANCED_FACE('',(#15553),#15546,.T.);
#15555=CARTESIAN_POINT('',(8.199787233472E1,3.E1,2.25E0));
#15556=DIRECTION('',(-7.938783209665E-1,0.E0,6.080766493621E-1));
#15557=DIRECTION('',(6.080766493621E-1,0.E0,7.938783209665E-1));
#15558=AXIS2_PLACEMENT_3D('',#15555,#15556,#15557);
#15559=PLANE('',#15558);
#15560=ORIENTED_EDGE('',*,*,#10848,.F.);
#15562=ORIENTED_EDGE('',*,*,#15561,.T.);
#15563=ORIENTED_EDGE('',*,*,#13205,.T.);
#15564=ORIENTED_EDGE('',*,*,#15548,.F.);
#15565=EDGE_LOOP('',(#15560,#15562,#15563,#15564));
#15566=FACE_OUTER_BOUND('',#15565,.F.);
#15567=ADVANCED_FACE('',(#15566),#15559,.T.);
#15568=CARTESIAN_POINT('',(8.180638299584E1,3.E1,2.718749821186E0));
#15569=DIRECTION('',(9.257350567423E-1,0.E0,3.781727181043E-1));
#15570=DIRECTION('',(3.781727181043E-1,0.E0,-9.257350567423E-1));
#15571=AXIS2_PLACEMENT_3D('',#15568,#15569,#15570);
#15572=PLANE('',#15571);
#15573=ORIENTED_EDGE('',*,*,#10846,.F.);
#15575=ORIENTED_EDGE('',*,*,#15574,.T.);
#15576=ORIENTED_EDGE('',*,*,#13207,.T.);
#15577=ORIENTED_EDGE('',*,*,#15561,.F.);
#15578=EDGE_LOOP('',(#15573,#15575,#15576,#15577));
#15579=FACE_OUTER_BOUND('',#15578,.F.);
#15580=ADVANCED_FACE('',(#15579),#15572,.T.);
#15581=CARTESIAN_POINT('',(8.151914898753E1,3.E1,2.906250178814E0));
#15582=DIRECTION('',(5.466232777014E-1,0.E0,8.373786433120E-1));
#15583=DIRECTION('',(8.373786433120E-1,0.E0,-5.466232777014E-1));
#15584=AXIS2_PLACEMENT_3D('',#15581,#15582,#15583);
#15585=PLANE('',#15584);
#15586=ORIENTED_EDGE('',*,*,#10844,.F.);
#15588=ORIENTED_EDGE('',*,*,#15587,.T.);
#15589=ORIENTED_EDGE('',*,*,#13209,.T.);
#15590=ORIENTED_EDGE('',*,*,#15574,.F.);
#15591=EDGE_LOOP('',(#15586,#15588,#15589,#15590));
#15592=FACE_OUTER_BOUND('',#15591,.F.);
#15593=ADVANCED_FACE('',(#15592),#15585,.T.);
#15594=CARTESIAN_POINT('',(8.113617017567E1,3.E1,2.999999821186E0));
#15595=DIRECTION('',(2.377704181660E-1,0.E0,9.713213825738E-1));
#15596=DIRECTION('',(9.713213825738E-1,0.E0,-2.377704181660E-1));
#15597=AXIS2_PLACEMENT_3D('',#15594,#15595,#15596);
#15598=PLANE('',#15597);
#15599=ORIENTED_EDGE('',*,*,#10842,.F.);
#15601=ORIENTED_EDGE('',*,*,#15600,.T.);
#15602=ORIENTED_EDGE('',*,*,#13211,.T.);
#15603=ORIENTED_EDGE('',*,*,#15587,.F.);
#15604=EDGE_LOOP('',(#15599,#15601,#15602,#15603));
#15605=FACE_OUTER_BOUND('',#15604,.F.);
#15606=ADVANCED_FACE('',(#15605),#15598,.T.);
#15607=CARTESIAN_POINT('',(8.075319149792E1,3.E1,2.999999821186E0));
#15608=DIRECTION('',(0.E0,0.E0,1.E0));
#15609=DIRECTION('',(1.E0,0.E0,0.E0));
#15610=AXIS2_PLACEMENT_3D('',#15607,#15608,#15609);
#15611=PLANE('',#15610);
#15612=ORIENTED_EDGE('',*,*,#10840,.F.);
#15614=ORIENTED_EDGE('',*,*,#15613,.T.);
#15615=ORIENTED_EDGE('',*,*,#13213,.T.);
#15616=ORIENTED_EDGE('',*,*,#15600,.F.);
#15617=EDGE_LOOP('',(#15612,#15614,#15615,#15616));
#15618=FACE_OUTER_BOUND('',#15617,.F.);
#15619=ADVANCED_FACE('',(#15618),#15611,.T.);
#15620=CARTESIAN_POINT('',(8.046595742255E1,3.E1,2.906250178814E0));
#15621=DIRECTION('',(-3.102789298341E-1,0.E0,9.506455626052E-1));
#15622=DIRECTION('',(9.506455626052E-1,0.E0,3.102789298341E-1));
#15623=AXIS2_PLACEMENT_3D('',#15620,#15621,#15622);
#15624=PLANE('',#15623);
#15625=ORIENTED_EDGE('',*,*,#10838,.F.);
#15626=ORIENTED_EDGE('',*,*,#14900,.T.);
#15627=ORIENTED_EDGE('',*,*,#13215,.T.);
#15628=ORIENTED_EDGE('',*,*,#15613,.F.);
#15629=EDGE_LOOP('',(#15625,#15626,#15627,#15628));
#15630=FACE_OUTER_BOUND('',#15629,.F.);
#15631=ADVANCED_FACE('',(#15630),#15624,.T.);
#15632=CARTESIAN_POINT('',(6.835545460680E1,3.E1,-3.375E0));
#15633=DIRECTION('',(0.E0,0.E0,1.E0));
#15634=DIRECTION('',(1.E0,0.E0,0.E0));
#15635=AXIS2_PLACEMENT_3D('',#15632,#15633,#15634);
#15636=PLANE('',#15635);
#15637=ORIENTED_EDGE('',*,*,#10362,.F.);
#15639=ORIENTED_EDGE('',*,*,#15638,.T.);
#15640=ORIENTED_EDGE('',*,*,#13225,.T.);
#15642=ORIENTED_EDGE('',*,*,#15641,.F.);
#15643=EDGE_LOOP('',(#15637,#15639,#15640,#15642));
#15644=FACE_OUTER_BOUND('',#15643,.F.);
#15645=ADVANCED_FACE('',(#15644),#15636,.T.);
#15646=CARTESIAN_POINT('',(6.835545460680E1,3.E1,-3.9375E0));
#15647=DIRECTION('',(-1.E0,0.E0,0.E0));
#15648=DIRECTION('',(0.E0,0.E0,1.E0));
#15649=AXIS2_PLACEMENT_3D('',#15646,#15647,#15648);
#15650=PLANE('',#15649);
#15651=ORIENTED_EDGE('',*,*,#10374,.F.);
#15653=ORIENTED_EDGE('',*,*,#15652,.T.);
#15654=ORIENTED_EDGE('',*,*,#13227,.T.);
#15655=ORIENTED_EDGE('',*,*,#15638,.F.);
#15656=EDGE_LOOP('',(#15651,#15653,#15654,#15655));
#15657=FACE_OUTER_BOUND('',#15656,.F.);
#15658=ADVANCED_FACE('',(#15657),#15650,.T.);
#15659=CARTESIAN_POINT('',(7.208949725130E1,3.E1,-3.9375E0));
#15660=DIRECTION('',(0.E0,0.E0,-1.E0));
#15661=DIRECTION('',(-1.E0,0.E0,0.E0));
#15662=AXIS2_PLACEMENT_3D('',#15659,#15660,#15661);
#15663=PLANE('',#15662);
#15664=ORIENTED_EDGE('',*,*,#10372,.F.);
#15666=ORIENTED_EDGE('',*,*,#15665,.T.);
#15667=ORIENTED_EDGE('',*,*,#13229,.T.);
#15668=ORIENTED_EDGE('',*,*,#15652,.F.);
#15669=EDGE_LOOP('',(#15664,#15666,#15667,#15668));
#15670=FACE_OUTER_BOUND('',#15669,.F.);
#15671=ADVANCED_FACE('',(#15670),#15663,.T.);
#15672=CARTESIAN_POINT('',(7.141928429702E1,3.E1,-4.5E0));
#15673=DIRECTION('',(-6.428711427642E-1,0.E0,7.659743427825E-1));
#15674=DIRECTION('',(7.659743427825E-1,0.E0,6.428711427642E-1));
#15675=AXIS2_PLACEMENT_3D('',#15672,#15673,#15674);
#15676=PLANE('',#15675);
#15677=ORIENTED_EDGE('',*,*,#10370,.F.);
#15679=ORIENTED_EDGE('',*,*,#15678,.T.);
#15680=ORIENTED_EDGE('',*,*,#13231,.T.);
#15681=ORIENTED_EDGE('',*,*,#15665,.F.);
#15682=EDGE_LOOP('',(#15677,#15679,#15680,#15681));
#15683=FACE_OUTER_BOUND('',#15682,.F.);
#15684=ADVANCED_FACE('',(#15683),#15676,.T.);
#15685=CARTESIAN_POINT('',(7.218524192074E1,3.E1,-4.5E0));
#15686=DIRECTION('',(0.E0,0.E0,-1.E0));
#15687=DIRECTION('',(-1.E0,0.E0,0.E0));
#15688=AXIS2_PLACEMENT_3D('',#15685,#15686,#15687);
#15689=PLANE('',#15688);
#15690=ORIENTED_EDGE('',*,*,#10368,.F.);
#15692=ORIENTED_EDGE('',*,*,#15691,.T.);
#15693=ORIENTED_EDGE('',*,*,#13233,.T.);
#15694=ORIENTED_EDGE('',*,*,#15678,.F.);
#15695=EDGE_LOOP('',(#15690,#15692,#15693,#15694));
#15696=FACE_OUTER_BOUND('',#15695,.F.);
#15697=ADVANCED_FACE('',(#15696),#15689,.T.);
#15698=CARTESIAN_POINT('',(7.285545460680E1,3.E1,-3.9375E0));
#15699=DIRECTION('',(6.428712937139E-1,0.E0,-7.659742160926E-1));
#15700=DIRECTION('',(-7.659742160926E-1,0.E0,-6.428712937139E-1));
#15701=AXIS2_PLACEMENT_3D('',#15698,#15699,#15700);
#15702=PLANE('',#15701);
#15703=ORIENTED_EDGE('',*,*,#10366,.F.);
#15705=ORIENTED_EDGE('',*,*,#15704,.T.);
#15706=ORIENTED_EDGE('',*,*,#13235,.T.);
#15707=ORIENTED_EDGE('',*,*,#15691,.F.);
#15708=EDGE_LOOP('',(#15703,#15705,#15706,#15707));
#15709=FACE_OUTER_BOUND('',#15708,.F.);
#15710=ADVANCED_FACE('',(#15709),#15702,.T.);
#15711=CARTESIAN_POINT('',(7.285545460680E1,3.E1,-3.375E0));
#15712=DIRECTION('',(1.E0,0.E0,0.E0));
#15713=DIRECTION('',(0.E0,0.E0,-1.E0));
#15714=AXIS2_PLACEMENT_3D('',#15711,#15712,#15713);
#15715=PLANE('',#15714);
#15716=ORIENTED_EDGE('',*,*,#10364,.F.);
#15717=ORIENTED_EDGE('',*,*,#15641,.T.);
#15718=ORIENTED_EDGE('',*,*,#13237,.T.);
#15719=ORIENTED_EDGE('',*,*,#15704,.F.);
#15720=EDGE_LOOP('',(#15716,#15717,#15718,#15719));
#15721=FACE_OUTER_BOUND('',#15720,.F.);
#15722=ADVANCED_FACE('',(#15721),#15715,.T.);
#15723=CARTESIAN_POINT('',(7.103630561927E1,3.E1,-2.625000044703E0));
#15724=DIRECTION('',(0.E0,0.E0,-1.E0));
#15725=DIRECTION('',(-1.E0,0.E0,0.E0));
#15726=AXIS2_PLACEMENT_3D('',#15723,#15724,#15725);
#15727=PLANE('',#15726);
#15728=ORIENTED_EDGE('',*,*,#10378,.F.);
#15730=ORIENTED_EDGE('',*,*,#15729,.T.);
#15731=ORIENTED_EDGE('',*,*,#13247,.T.);
#15733=ORIENTED_EDGE('',*,*,#15732,.F.);
#15734=EDGE_LOOP('',(#15728,#15730,#15731,#15733));
#15735=FACE_OUTER_BOUND('',#15734,.F.);
#15736=ADVANCED_FACE('',(#15735),#15727,.T.);
#15737=CARTESIAN_POINT('',(7.151502896646E1,3.E1,-2.53125E0));
#15738=DIRECTION('',(1.921829416702E-1,0.E0,-9.813591172099E-1));
#15739=DIRECTION('',(-9.813591172099E-1,0.E0,-1.921829416702E-1));
#15740=AXIS2_PLACEMENT_3D('',#15737,#15738,#15739);
#15741=PLANE('',#15740);
#15742=ORIENTED_EDGE('',*,*,#10428,.F.);
#15744=ORIENTED_EDGE('',*,*,#15743,.T.);
#15745=ORIENTED_EDGE('',*,*,#13249,.T.);
#15746=ORIENTED_EDGE('',*,*,#15729,.F.);
#15747=EDGE_LOOP('',(#15742,#15744,#15745,#15746));
#15748=FACE_OUTER_BOUND('',#15747,.F.);
#15749=ADVANCED_FACE('',(#15748),#15741,.T.);
#15750=CARTESIAN_POINT('',(7.180226324299E1,3.E1,-2.437499955297E0));
#15751=DIRECTION('',(3.102799368310E-1,0.E0,-9.506452339333E-1));
#15752=DIRECTION('',(-9.506452339333E-1,0.E0,-3.102799368310E-1));
#15753=AXIS2_PLACEMENT_3D('',#15750,#15751,#15752);
#15754=PLANE('',#15753);
#15755=ORIENTED_EDGE('',*,*,#10426,.F.);
#15757=ORIENTED_EDGE('',*,*,#15756,.T.);
#15758=ORIENTED_EDGE('',*,*,#13251,.T.);
#15759=ORIENTED_EDGE('',*,*,#15743,.F.);
#15760=EDGE_LOOP('',(#15755,#15757,#15758,#15759));
#15761=FACE_OUTER_BOUND('',#15760,.F.);
#15762=ADVANCED_FACE('',(#15761),#15754,.T.);
#15763=CARTESIAN_POINT('',(7.218524192074E1,3.E1,-2.25E0));
#15764=DIRECTION('',(4.397134112585E-1,0.E0,-8.981381385730E-1));
#15765=DIRECTION('',(-8.981381385730E-1,0.E0,-4.397134112585E-1));
#15766=AXIS2_PLACEMENT_3D('',#15763,#15764,#15765);
#15767=PLANE('',#15766);
#15768=ORIENTED_EDGE('',*,*,#10424,.F.);
#15770=ORIENTED_EDGE('',*,*,#15769,.T.);
#15771=ORIENTED_EDGE('',*,*,#13253,.T.);
#15772=ORIENTED_EDGE('',*,*,#15756,.F.);
#15773=EDGE_LOOP('',(#15768,#15770,#15771,#15772));
#15774=FACE_OUTER_BOUND('',#15773,.F.);
#15775=ADVANCED_FACE('',(#15774),#15767,.T.);
#15776=CARTESIAN_POINT('',(7.247247592905E1,3.E1,-1.96875E0));
#15777=DIRECTION('',(6.996248351869E-1,0.E0,-7.145103848018E-1));
#15778=DIRECTION('',(-7.145103848018E-1,0.E0,-6.996248351869E-1));
#15779=AXIS2_PLACEMENT_3D('',#15776,#15777,#15778);
#15780=PLANE('',#15779);
#15781=ORIENTED_EDGE('',*,*,#10422,.F.);
#15783=ORIENTED_EDGE('',*,*,#15782,.T.);
#15784=ORIENTED_EDGE('',*,*,#13255,.T.);
#15785=ORIENTED_EDGE('',*,*,#15769,.F.);
#15786=EDGE_LOOP('',(#15781,#15783,#15784,#15785));
#15787=FACE_OUTER_BOUND('',#15786,.F.);
#15788=ADVANCED_FACE('',(#15787),#15780,.T.);
#15789=CARTESIAN_POINT('',(7.275970993737E1,3.E1,-1.499999910593E0));
#15790=DIRECTION('',(8.526534670056E-1,0.E0,-5.224768561414E-1));
#15791=DIRECTION('',(-5.224768561414E-1,0.E0,-8.526534670056E-1));
#15792=AXIS2_PLACEMENT_3D('',#15789,#15790,#15791);
#15793=PLANE('',#15792);
#15794=ORIENTED_EDGE('',*,*,#10420,.F.);
#15796=ORIENTED_EDGE('',*,*,#15795,.T.);
#15797=ORIENTED_EDGE('',*,*,#13257,.T.);
#15798=ORIENTED_EDGE('',*,*,#15782,.F.);
#15799=EDGE_LOOP('',(#15794,#15796,#15797,#15798));
#15800=FACE_OUTER_BOUND('',#15799,.F.);
#15801=ADVANCED_FACE('',(#15800),#15793,.T.);
#15802=CARTESIAN_POINT('',(7.285545460680E1,3.E1,-9.374999105930E-1));
#15803=DIRECTION('',(9.858211730931E-1,0.E0,-1.677993286083E-1));
#15804=DIRECTION('',(-1.677993286083E-1,0.E0,-9.858211730931E-1));
#15805=AXIS2_PLACEMENT_3D('',#15802,#15803,#15804);
#15806=PLANE('',#15805);
#15807=ORIENTED_EDGE('',*,*,#10418,.F.);
#15809=ORIENTED_EDGE('',*,*,#15808,.T.);
#15810=ORIENTED_EDGE('',*,*,#13259,.T.);
#15811=ORIENTED_EDGE('',*,*,#15795,.F.);
#15812=EDGE_LOOP('',(#15807,#15809,#15810,#15811));
#15813=FACE_OUTER_BOUND('',#15812,.F.);
#15814=ADVANCED_FACE('',(#15813),#15806,.T.);
#15815=CARTESIAN_POINT('',(7.275970993737E1,3.E1,-3.749999105930E-1));
#15816=DIRECTION('',(9.858211730931E-1,0.E0,1.677993286083E-1));
#15817=DIRECTION('',(1.677993286083E-1,0.E0,-9.858211730931E-1));
#15818=AXIS2_PLACEMENT_3D('',#15815,#15816,#15817);
#15819=PLANE('',#15818);
#15820=ORIENTED_EDGE('',*,*,#10416,.F.);
#15822=ORIENTED_EDGE('',*,*,#15821,.T.);
#15823=ORIENTED_EDGE('',*,*,#13261,.T.);
#15824=ORIENTED_EDGE('',*,*,#15808,.F.);
#15825=EDGE_LOOP('',(#15820,#15822,#15823,#15824));
#15826=FACE_OUTER_BOUND('',#15825,.F.);
#15827=ADVANCED_FACE('',(#15826),#15819,.T.);
#15828=CARTESIAN_POINT('',(7.247247592905E1,3.E1,9.375017881393E-2));
#15829=DIRECTION('',(8.526534670056E-1,0.E0,5.224768561414E-1));
#15830=DIRECTION('',(5.224768561414E-1,0.E0,-8.526534670056E-1));
#15831=AXIS2_PLACEMENT_3D('',#15828,#15829,#15830);
#15832=PLANE('',#15831);
#15833=ORIENTED_EDGE('',*,*,#10414,.F.);
#15835=ORIENTED_EDGE('',*,*,#15834,.T.);
#15836=ORIENTED_EDGE('',*,*,#13263,.T.);
#15837=ORIENTED_EDGE('',*,*,#15821,.F.);
#15838=EDGE_LOOP('',(#15833,#15835,#15836,#15837));
#15839=FACE_OUTER_BOUND('',#15838,.F.);
#15840=ADVANCED_FACE('',(#15839),#15832,.T.);
#15841=CARTESIAN_POINT('',(7.218524192074E1,3.E1,3.750001788139E-1));
#15842=DIRECTION('',(6.996248351869E-1,0.E0,7.145103848018E-1));
#15843=DIRECTION('',(7.145103848018E-1,0.E0,-6.996248351869E-1));
#15844=AXIS2_PLACEMENT_3D('',#15841,#15842,#15843);
#15845=PLANE('',#15844);
#15846=ORIENTED_EDGE('',*,*,#10412,.F.);
#15848=ORIENTED_EDGE('',*,*,#15847,.T.);
#15849=ORIENTED_EDGE('',*,*,#13265,.T.);
#15850=ORIENTED_EDGE('',*,*,#15834,.F.);
#15851=EDGE_LOOP('',(#15846,#15848,#15849,#15850));
#15852=FACE_OUTER_BOUND('',#15851,.F.);
#15853=ADVANCED_FACE('',(#15852),#15845,.T.);
#15854=CARTESIAN_POINT('',(7.180226324299E1,3.E1,5.625E-1));
#15855=DIRECTION('',(4.397131575602E-1,0.E0,8.981382627794E-1));
#15856=DIRECTION('',(8.981382627794E-1,0.E0,-4.397131575602E-1));
#15857=AXIS2_PLACEMENT_3D('',#15854,#15855,#15856);
#15858=PLANE('',#15857);
#15859=ORIENTED_EDGE('',*,*,#10410,.F.);
#15861=ORIENTED_EDGE('',*,*,#15860,.T.);
#15862=ORIENTED_EDGE('',*,*,#13267,.T.);
#15863=ORIENTED_EDGE('',*,*,#15847,.F.);
#15864=EDGE_LOOP('',(#15859,#15861,#15862,#15863));
#15865=FACE_OUTER_BOUND('',#15864,.F.);
#15866=ADVANCED_FACE('',(#15865),#15858,.T.);
#15867=CARTESIAN_POINT('',(7.151502896646E1,3.E1,6.562501788139E-1));
#15868=DIRECTION('',(3.102803379578E-1,0.E0,9.506451030099E-1));
#15869=DIRECTION('',(9.506451030099E-1,0.E0,-3.102803379578E-1));
#15870=AXIS2_PLACEMENT_3D('',#15867,#15868,#15869);
#15871=PLANE('',#15870);
#15872=ORIENTED_EDGE('',*,*,#10408,.F.);
#15874=ORIENTED_EDGE('',*,*,#15873,.T.);
#15875=ORIENTED_EDGE('',*,*,#13269,.T.);
#15876=ORIENTED_EDGE('',*,*,#15860,.F.);
#15877=EDGE_LOOP('',(#15872,#15874,#15875,#15876));
#15878=FACE_OUTER_BOUND('',#15877,.F.);
#15879=ADVANCED_FACE('',(#15878),#15871,.T.);
#15880=CARTESIAN_POINT('',(7.103630561927E1,3.E1,7.499998211861E-1));
#15881=DIRECTION('',(1.921821473726E-1,0.E0,9.813592727596E-1));
#15882=DIRECTION('',(9.813592727596E-1,0.E0,-1.921821473726E-1));
#15883=AXIS2_PLACEMENT_3D('',#15880,#15881,#15882);
#15884=PLANE('',#15883);
#15885=ORIENTED_EDGE('',*,*,#10406,.F.);
#15887=ORIENTED_EDGE('',*,*,#15886,.T.);
#15888=ORIENTED_EDGE('',*,*,#13271,.T.);
#15889=ORIENTED_EDGE('',*,*,#15873,.F.);
#15890=EDGE_LOOP('',(#15885,#15887,#15888,#15889));
#15891=FACE_OUTER_BOUND('',#15890,.F.);
#15892=ADVANCED_FACE('',(#15891),#15884,.T.);
#15893=CARTESIAN_POINT('',(7.017460359433E1,3.E1,7.499998211861E-1));
#15894=DIRECTION('',(0.E0,0.E0,1.E0));
#15895=DIRECTION('',(1.E0,0.E0,0.E0));
#15896=AXIS2_PLACEMENT_3D('',#15893,#15894,#15895);
#15897=PLANE('',#15896);
#15898=ORIENTED_EDGE('',*,*,#10404,.F.);
#15900=ORIENTED_EDGE('',*,*,#15899,.T.);
#15901=ORIENTED_EDGE('',*,*,#13273,.T.);
#15902=ORIENTED_EDGE('',*,*,#15886,.F.);
#15903=EDGE_LOOP('',(#15898,#15900,#15901,#15902));
#15904=FACE_OUTER_BOUND('',#15903,.F.);
#15905=ADVANCED_FACE('',(#15904),#15897,.T.);
#15906=CARTESIAN_POINT('',(6.969588011304E1,3.E1,6.562501788139E-1));
#15907=DIRECTION('',(-1.921820955228E-1,0.E0,9.813592829135E-1));
#15908=DIRECTION('',(9.813592829135E-1,0.E0,1.921820955228E-1));
#15909=AXIS2_PLACEMENT_3D('',#15906,#15907,#15908);
#15910=PLANE('',#15909);
#15911=ORIENTED_EDGE('',*,*,#10402,.F.);
#15913=ORIENTED_EDGE('',*,*,#15912,.T.);
#15914=ORIENTED_EDGE('',*,*,#13275,.T.);
#15915=ORIENTED_EDGE('',*,*,#15899,.F.);
#15916=EDGE_LOOP('',(#15911,#15913,#15914,#15915));
#15917=FACE_OUTER_BOUND('',#15916,.F.);
#15918=ADVANCED_FACE('',(#15917),#15910,.T.);
#15919=CARTESIAN_POINT('',(6.940864610473E1,3.E1,5.625E-1));
#15920=DIRECTION('',(-3.102805998049E-1,0.E0,9.506450175458E-1));
#15921=DIRECTION('',(9.506450175458E-1,0.E0,3.102805998049E-1));
#15922=AXIS2_PLACEMENT_3D('',#15919,#15920,#15921);
#15923=PLANE('',#15922);
#15924=ORIENTED_EDGE('',*,*,#10400,.F.);
#15926=ORIENTED_EDGE('',*,*,#15925,.T.);
#15927=ORIENTED_EDGE('',*,*,#13277,.T.);
#15928=ORIENTED_EDGE('',*,*,#15912,.F.);
#15929=EDGE_LOOP('',(#15924,#15926,#15927,#15928));
#15930=FACE_OUTER_BOUND('',#15929,.F.);
#15931=ADVANCED_FACE('',(#15930),#15923,.T.);
#15932=CARTESIAN_POINT('',(6.902566735992E1,3.E1,3.750001788139E-1));
#15933=DIRECTION('',(-4.397130954570E-1,0.E0,8.981382931841E-1));
#15934=DIRECTION('',(8.981382931841E-1,0.E0,4.397130954570E-1));
#15935=AXIS2_PLACEMENT_3D('',#15932,#15933,#15934);
#15936=PLANE('',#15935);
#15937=ORIENTED_EDGE('',*,*,#10398,.F.);
#15939=ORIENTED_EDGE('',*,*,#15938,.T.);
#15940=ORIENTED_EDGE('',*,*,#13279,.T.);
#15941=ORIENTED_EDGE('',*,*,#15925,.F.);
#15942=EDGE_LOOP('',(#15937,#15939,#15940,#15941));
#15943=FACE_OUTER_BOUND('',#15942,.F.);
#15944=ADVANCED_FACE('',(#15943),#15936,.T.);
#15945=CARTESIAN_POINT('',(6.873843331808E1,3.E1,9.375017881393E-2));
#15946=DIRECTION('',(-6.996247934953E-1,0.E0,7.145104256249E-1));
#15947=DIRECTION('',(7.145104256249E-1,0.E0,6.996247934953E-1));
#15948=AXIS2_PLACEMENT_3D('',#15945,#15946,#15947);
#15949=PLANE('',#15948);
#15950=ORIENTED_EDGE('',*,*,#10396,.F.);
#15952=ORIENTED_EDGE('',*,*,#15951,.T.);
#15953=ORIENTED_EDGE('',*,*,#13281,.T.);
#15954=ORIENTED_EDGE('',*,*,#15938,.F.);
#15955=EDGE_LOOP('',(#15950,#15952,#15953,#15954));
#15956=FACE_OUTER_BOUND('',#15955,.F.);
#15957=ADVANCED_FACE('',(#15956),#15949,.T.);
#15958=CARTESIAN_POINT('',(6.845119928462E1,3.E1,-3.749999105930E-1));
#15959=DIRECTION('',(-8.526534466288E-1,0.E0,5.224768893951E-1));
#15960=DIRECTION('',(5.224768893951E-1,0.E0,8.526534466288E-1));
#15961=AXIS2_PLACEMENT_3D('',#15958,#15959,#15960);
#15962=PLANE('',#15961);
#15963=ORIENTED_EDGE('',*,*,#10394,.F.);
#15965=ORIENTED_EDGE('',*,*,#15964,.T.);
#15966=ORIENTED_EDGE('',*,*,#13283,.T.);
#15967=ORIENTED_EDGE('',*,*,#15951,.F.);
#15968=EDGE_LOOP('',(#15963,#15965,#15966,#15967));
#15969=FACE_OUTER_BOUND('',#15968,.F.);
#15970=ADVANCED_FACE('',(#15969),#15962,.T.);
#15971=CARTESIAN_POINT('',(6.835545460680E1,3.E1,-9.374999105930E-1));
#15972=DIRECTION('',(-9.858211706631E-1,0.E0,1.677993428846E-1));
#15973=DIRECTION('',(1.677993428846E-1,0.E0,9.858211706631E-1));
#15974=AXIS2_PLACEMENT_3D('',#15971,#15972,#15973);
#15975=PLANE('',#15974);
#15976=ORIENTED_EDGE('',*,*,#10392,.F.);
#15978=ORIENTED_EDGE('',*,*,#15977,.T.);
#15979=ORIENTED_EDGE('',*,*,#13285,.T.);
#15980=ORIENTED_EDGE('',*,*,#15964,.F.);
#15981=EDGE_LOOP('',(#15976,#15978,#15979,#15980));
#15982=FACE_OUTER_BOUND('',#15981,.F.);
#15983=ADVANCED_FACE('',(#15982),#15975,.T.);
#15984=CARTESIAN_POINT('',(6.845119928462E1,3.E1,-1.499999910593E0));
#15985=DIRECTION('',(-9.858211706631E-1,0.E0,-1.677993428846E-1));
#15986=DIRECTION('',(-1.677993428846E-1,0.E0,9.858211706631E-1));
#15987=AXIS2_PLACEMENT_3D('',#15984,#15985,#15986);
#15988=PLANE('',#15987);
#15989=ORIENTED_EDGE('',*,*,#10390,.F.);
#15991=ORIENTED_EDGE('',*,*,#15990,.T.);
#15992=ORIENTED_EDGE('',*,*,#13287,.T.);
#15993=ORIENTED_EDGE('',*,*,#15977,.F.);
#15994=EDGE_LOOP('',(#15989,#15991,#15992,#15993));
#15995=FACE_OUTER_BOUND('',#15994,.F.);
#15996=ADVANCED_FACE('',(#15995),#15988,.T.);
#15997=CARTESIAN_POINT('',(6.873843331808E1,3.E1,-1.96875E0));
#15998=DIRECTION('',(-8.526534466288E-1,0.E0,-5.224768893951E-1));
#15999=DIRECTION('',(-5.224768893951E-1,0.E0,8.526534466288E-1));
#16000=AXIS2_PLACEMENT_3D('',#15997,#15998,#15999);
#16001=PLANE('',#16000);
#16002=ORIENTED_EDGE('',*,*,#10388,.F.);
#16004=ORIENTED_EDGE('',*,*,#16003,.T.);
#16005=ORIENTED_EDGE('',*,*,#13289,.T.);
#16006=ORIENTED_EDGE('',*,*,#15990,.F.);
#16007=EDGE_LOOP('',(#16002,#16004,#16005,#16006));
#16008=FACE_OUTER_BOUND('',#16007,.F.);
#16009=ADVANCED_FACE('',(#16008),#16001,.T.);
#16010=CARTESIAN_POINT('',(6.902566735992E1,3.E1,-2.25E0));
#16011=DIRECTION('',(-6.996247934953E-1,0.E0,-7.145104256249E-1));
#16012=DIRECTION('',(-7.145104256249E-1,0.E0,6.996247934953E-1));
#16013=AXIS2_PLACEMENT_3D('',#16010,#16011,#16012);
#16014=PLANE('',#16013);
#16015=ORIENTED_EDGE('',*,*,#10386,.F.);
#16017=ORIENTED_EDGE('',*,*,#16016,.T.);
#16018=ORIENTED_EDGE('',*,*,#13291,.T.);
#16019=ORIENTED_EDGE('',*,*,#16003,.F.);
#16020=EDGE_LOOP('',(#16015,#16017,#16018,#16019));
#16021=FACE_OUTER_BOUND('',#16020,.F.);
#16022=ADVANCED_FACE('',(#16021),#16014,.T.);
#16023=CARTESIAN_POINT('',(6.940864610473E1,3.E1,-2.437499955297E0));
#16024=DIRECTION('',(-4.397133491553E-1,0.E0,-8.981381689777E-1));
#16025=DIRECTION('',(-8.981381689777E-1,0.E0,4.397133491553E-1));
#16026=AXIS2_PLACEMENT_3D('',#16023,#16024,#16025);
#16027=PLANE('',#16026);
#16028=ORIENTED_EDGE('',*,*,#10384,.F.);
#16030=ORIENTED_EDGE('',*,*,#16029,.T.);
#16031=ORIENTED_EDGE('',*,*,#13293,.T.);
#16032=ORIENTED_EDGE('',*,*,#16016,.F.);
#16033=EDGE_LOOP('',(#16028,#16030,#16031,#16032));
#16034=FACE_OUTER_BOUND('',#16033,.F.);
#16035=ADVANCED_FACE('',(#16034),#16027,.T.);
#16036=CARTESIAN_POINT('',(6.969588011304E1,3.E1,-2.53125E0));
#16037=DIRECTION('',(-3.102801986779E-1,0.E0,-9.506451484694E-1));
#16038=DIRECTION('',(-9.506451484694E-1,0.E0,3.102801986779E-1));
#16039=AXIS2_PLACEMENT_3D('',#16036,#16037,#16038);
#16040=PLANE('',#16039);
#16041=ORIENTED_EDGE('',*,*,#10382,.F.);
#16043=ORIENTED_EDGE('',*,*,#16042,.T.);
#16044=ORIENTED_EDGE('',*,*,#13295,.T.);
#16045=ORIENTED_EDGE('',*,*,#16029,.F.);
#16046=EDGE_LOOP('',(#16041,#16043,#16044,#16045));
#16047=FACE_OUTER_BOUND('',#16046,.F.);
#16048=ADVANCED_FACE('',(#16047),#16040,.T.);
#16049=CARTESIAN_POINT('',(7.017460359433E1,3.E1,-2.625000044703E0));
#16050=DIRECTION('',(-1.921828898202E-1,0.E0,-9.813591273639E-1));
#16051=DIRECTION('',(-9.813591273639E-1,0.E0,1.921828898202E-1));
#16052=AXIS2_PLACEMENT_3D('',#16049,#16050,#16051);
#16053=PLANE('',#16052);
#16054=ORIENTED_EDGE('',*,*,#10380,.F.);
#16055=ORIENTED_EDGE('',*,*,#15732,.T.);
#16056=ORIENTED_EDGE('',*,*,#13297,.T.);
#16057=ORIENTED_EDGE('',*,*,#16042,.F.);
#16058=EDGE_LOOP('',(#16054,#16055,#16056,#16057));
#16059=FACE_OUTER_BOUND('',#16058,.F.);
#16060=ADVANCED_FACE('',(#16059),#16053,.T.);
#16061=CARTESIAN_POINT('',(7.094056094983E1,3.E1,-2.156250089407E0));
#16062=DIRECTION('',(-1.610640957438E-1,0.E0,9.869439482880E-1));
#16063=DIRECTION('',(9.869439482880E-1,0.E0,1.610640957438E-1));
#16064=AXIS2_PLACEMENT_3D('',#16061,#16062,#16063);
#16065=PLANE('',#16064);
#16066=ORIENTED_EDGE('',*,*,#10588,.F.);
#16068=ORIENTED_EDGE('',*,*,#16067,.T.);
#16069=ORIENTED_EDGE('',*,*,#13301,.T.);
#16071=ORIENTED_EDGE('',*,*,#16070,.F.);
#16072=EDGE_LOOP('',(#16066,#16068,#16069,#16071));
#16073=FACE_OUTER_BOUND('',#16072,.F.);
#16074=ADVANCED_FACE('',(#16073),#16065,.T.);
#16075=CARTESIAN_POINT('',(7.027034826377E1,3.E1,-2.156250089407E0));
#16076=DIRECTION('',(0.E0,0.E0,1.E0));
#16077=DIRECTION('',(1.E0,0.E0,0.E0));
#16078=AXIS2_PLACEMENT_3D('',#16075,#16076,#16077);
#16079=PLANE('',#16078);
#16080=ORIENTED_EDGE('',*,*,#10622,.F.);
#16082=ORIENTED_EDGE('',*,*,#16081,.T.);
#16083=ORIENTED_EDGE('',*,*,#13303,.T.);
#16084=ORIENTED_EDGE('',*,*,#16067,.F.);
#16085=EDGE_LOOP('',(#16080,#16082,#16083,#16084));
#16086=FACE_OUTER_BOUND('',#16085,.F.);
#16087=ADVANCED_FACE('',(#16086),#16079,.T.);
#16088=CARTESIAN_POINT('',(6.969588011304E1,3.E1,-2.062499910593E0));
#16089=DIRECTION('',(1.610640591185E-1,0.E0,9.869439542650E-1));
#16090=DIRECTION('',(9.869439542650E-1,0.E0,-1.610640591185E-1));
#16091=AXIS2_PLACEMENT_3D('',#16088,#16089,#16090);
#16092=PLANE('',#16091);
#16093=ORIENTED_EDGE('',*,*,#10620,.F.);
#16095=ORIENTED_EDGE('',*,*,#16094,.T.);
#16096=ORIENTED_EDGE('',*,*,#13305,.T.);
#16097=ORIENTED_EDGE('',*,*,#16081,.F.);
#16098=EDGE_LOOP('',(#16093,#16095,#16096,#16097));
#16099=FACE_OUTER_BOUND('',#16098,.F.);
#16100=ADVANCED_FACE('',(#16099),#16092,.T.);
#16101=CARTESIAN_POINT('',(6.912141202936E1,3.E1,-1.6875E0));
#16102=DIRECTION('',(5.466224105025E-1,0.E0,8.373792094007E-1));
#16103=DIRECTION('',(8.373792094007E-1,0.E0,-5.466224105025E-1));
#16104=AXIS2_PLACEMENT_3D('',#16101,#16102,#16103);
#16105=PLANE('',#16104);
#16106=ORIENTED_EDGE('',*,*,#10618,.F.);
#16108=ORIENTED_EDGE('',*,*,#16107,.T.);
#16109=ORIENTED_EDGE('',*,*,#13307,.T.);
#16110=ORIENTED_EDGE('',*,*,#16094,.F.);
#16111=EDGE_LOOP('',(#16106,#16108,#16109,#16110));
#16112=FACE_OUTER_BOUND('',#16111,.F.);
#16113=ADVANCED_FACE('',(#16112),#16105,.T.);
#16114=CARTESIAN_POINT('',(6.892992269048E1,3.E1,-1.40625E0));
#16115=DIRECTION('',(8.265992787996E-1,0.E0,5.627909312417E-1));
#16116=DIRECTION('',(5.627909312417E-1,0.E0,-8.265992787996E-1));
#16117=AXIS2_PLACEMENT_3D('',#16114,#16115,#16116);
#16118=PLANE('',#16117);
#16119=ORIENTED_EDGE('',*,*,#10616,.F.);
#16121=ORIENTED_EDGE('',*,*,#16120,.T.);
#16122=ORIENTED_EDGE('',*,*,#13309,.T.);
#16123=ORIENTED_EDGE('',*,*,#16107,.F.);
#16124=EDGE_LOOP('',(#16119,#16121,#16122,#16123));
#16125=FACE_OUTER_BOUND('',#16124,.F.);
#16126=ADVANCED_FACE('',(#16125),#16118,.T.);
#16127=CARTESIAN_POINT('',(6.883417802105E1,3.E1,-9.374999105930E-1));
#16128=DIRECTION('',(9.797707167625E-1,0.E0,2.001233184181E-1));
#16129=DIRECTION('',(2.001233184181E-1,0.E0,-9.797707167625E-1));
#16130=AXIS2_PLACEMENT_3D('',#16127,#16128,#16129);
#16131=PLANE('',#16130);
#16132=ORIENTED_EDGE('',*,*,#10614,.F.);
#16134=ORIENTED_EDGE('',*,*,#16133,.T.);
#16135=ORIENTED_EDGE('',*,*,#13311,.T.);
#16136=ORIENTED_EDGE('',*,*,#16120,.F.);
#16137=EDGE_LOOP('',(#16132,#16134,#16135,#16136));
#16138=FACE_OUTER_BOUND('',#16137,.F.);
#16139=ADVANCED_FACE('',(#16138),#16131,.T.);
#16140=CARTESIAN_POINT('',(6.892992269048E1,3.E1,-4.687500894070E-1));
#16141=DIRECTION('',(9.797706943097E-1,0.E0,-2.001234283435E-1));
#16142=DIRECTION('',(-2.001234283435E-1,0.E0,-9.797706943097E-1));
#16143=AXIS2_PLACEMENT_3D('',#16140,#16141,#16142);
#16144=PLANE('',#16143);
#16145=ORIENTED_EDGE('',*,*,#10612,.F.);
#16147=ORIENTED_EDGE('',*,*,#16146,.T.);
#16148=ORIENTED_EDGE('',*,*,#13313,.T.);
#16149=ORIENTED_EDGE('',*,*,#16133,.F.);
#16150=EDGE_LOOP('',(#16145,#16147,#16148,#16149));
#16151=FACE_OUTER_BOUND('',#16150,.F.);
#16152=ADVANCED_FACE('',(#16151),#16144,.T.);
#16153=CARTESIAN_POINT('',(6.912141202936E1,3.E1,-1.875000894070E-1));
#16154=DIRECTION('',(8.265992787996E-1,0.E0,-5.627909312417E-1));
#16155=DIRECTION('',(-5.627909312417E-1,0.E0,-8.265992787996E-1));
#16156=AXIS2_PLACEMENT_3D('',#16153,#16154,#16155);
#16157=PLANE('',#16156);
#16158=ORIENTED_EDGE('',*,*,#10610,.F.);
#16160=ORIENTED_EDGE('',*,*,#16159,.T.);
#16161=ORIENTED_EDGE('',*,*,#13315,.T.);
#16162=ORIENTED_EDGE('',*,*,#16146,.F.);
#16163=EDGE_LOOP('',(#16158,#16160,#16161,#16162));
#16164=FACE_OUTER_BOUND('',#16163,.F.);
#16165=ADVANCED_FACE('',(#16164),#16157,.T.);
#16166=CARTESIAN_POINT('',(6.969588011304E1,3.E1,1.874998211861E-1));
#16167=DIRECTION('',(5.466224105025E-1,0.E0,-8.373792094007E-1));
#16168=DIRECTION('',(-8.373792094007E-1,0.E0,-5.466224105025E-1));
#16169=AXIS2_PLACEMENT_3D('',#16166,#16167,#16168);
#16170=PLANE('',#16169);
#16171=ORIENTED_EDGE('',*,*,#10608,.F.);
#16173=ORIENTED_EDGE('',*,*,#16172,.T.);
#16174=ORIENTED_EDGE('',*,*,#13317,.T.);
#16175=ORIENTED_EDGE('',*,*,#16159,.F.);
#16176=EDGE_LOOP('',(#16171,#16173,#16174,#16175));
#16177=FACE_OUTER_BOUND('',#16176,.F.);
#16178=ADVANCED_FACE('',(#16177),#16170,.T.);
#16179=CARTESIAN_POINT('',(7.027034826377E1,3.E1,2.8125E-1));
#16180=DIRECTION('',(1.610640591185E-1,0.E0,-9.869439542650E-1));
#16181=DIRECTION('',(-9.869439542650E-1,0.E0,-1.610640591185E-1));
#16182=AXIS2_PLACEMENT_3D('',#16179,#16180,#16181);
#16183=PLANE('',#16182);
#16184=ORIENTED_EDGE('',*,*,#10606,.F.);
#16186=ORIENTED_EDGE('',*,*,#16185,.T.);
#16187=ORIENTED_EDGE('',*,*,#13319,.T.);
#16188=ORIENTED_EDGE('',*,*,#16172,.F.);
#16189=EDGE_LOOP('',(#16184,#16186,#16187,#16188));
#16190=FACE_OUTER_BOUND('',#16189,.F.);
#16191=ADVANCED_FACE('',(#16190),#16183,.T.);
#16192=CARTESIAN_POINT('',(7.094056094983E1,3.E1,2.8125E-1));
#16193=DIRECTION('',(0.E0,0.E0,-1.E0));
#16194=DIRECTION('',(-1.E0,0.E0,0.E0));
#16195=AXIS2_PLACEMENT_3D('',#16192,#16193,#16194);
#16196=PLANE('',#16195);
#16197=ORIENTED_EDGE('',*,*,#10604,.F.);
#16199=ORIENTED_EDGE('',*,*,#16198,.T.);
#16200=ORIENTED_EDGE('',*,*,#13321,.T.);
#16201=ORIENTED_EDGE('',*,*,#16185,.F.);
#16202=EDGE_LOOP('',(#16197,#16199,#16200,#16201));
#16203=FACE_OUTER_BOUND('',#16202,.F.);
#16204=ADVANCED_FACE('',(#16203),#16196,.T.);
#16205=CARTESIAN_POINT('',(7.151502896646E1,3.E1,1.874998211861E-1));
#16206=DIRECTION('',(-1.610640957438E-1,0.E0,-9.869439482880E-1));
#16207=DIRECTION('',(-9.869439482880E-1,0.E0,1.610640957438E-1));
#16208=AXIS2_PLACEMENT_3D('',#16205,#16206,#16207);
#16209=PLANE('',#16208);
#16210=ORIENTED_EDGE('',*,*,#10602,.F.);
#16212=ORIENTED_EDGE('',*,*,#16211,.T.);
#16213=ORIENTED_EDGE('',*,*,#13323,.T.);
#16214=ORIENTED_EDGE('',*,*,#16198,.F.);
#16215=EDGE_LOOP('',(#16210,#16212,#16213,#16214));
#16216=FACE_OUTER_BOUND('',#16215,.F.);
#16217=ADVANCED_FACE('',(#16216),#16209,.T.);
#16218=CARTESIAN_POINT('',(7.208949725130E1,3.E1,-1.875000894070E-1));
#16219=DIRECTION('',(-5.466222762817E-1,0.E0,-8.373792970170E-1));
#16220=DIRECTION('',(-8.373792970170E-1,0.E0,5.466222762817E-1));
#16221=AXIS2_PLACEMENT_3D('',#16218,#16219,#16220);
#16222=PLANE('',#16221);
#16223=ORIENTED_EDGE('',*,*,#10600,.F.);
#16225=ORIENTED_EDGE('',*,*,#16224,.T.);
#16226=ORIENTED_EDGE('',*,*,#13325,.T.);
#16227=ORIENTED_EDGE('',*,*,#16211,.F.);
#16228=EDGE_LOOP('',(#16223,#16225,#16226,#16227));
#16229=FACE_OUTER_BOUND('',#16228,.F.);
#16230=ADVANCED_FACE('',(#16229),#16222,.T.);
#16231=CARTESIAN_POINT('',(7.228098659018E1,3.E1,-4.687500894070E-1));
#16232=DIRECTION('',(-8.265992787996E-1,0.E0,-5.627909312417E-1));
#16233=DIRECTION('',(-5.627909312417E-1,0.E0,8.265992787996E-1));
#16234=AXIS2_PLACEMENT_3D('',#16231,#16232,#16233);
#16235=PLANE('',#16234);
#16236=ORIENTED_EDGE('',*,*,#10598,.F.);
#16238=ORIENTED_EDGE('',*,*,#16237,.T.);
#16239=ORIENTED_EDGE('',*,*,#13327,.T.);
#16240=ORIENTED_EDGE('',*,*,#16224,.F.);
#16241=EDGE_LOOP('',(#16236,#16238,#16239,#16240));
#16242=FACE_OUTER_BOUND('',#16241,.F.);
#16243=ADVANCED_FACE('',(#16242),#16235,.T.);
#16244=CARTESIAN_POINT('',(7.237673125962E1,3.E1,-9.374999105930E-1));
#16245=DIRECTION('',(-9.797706943097E-1,0.E0,-2.001234283435E-1));
#16246=DIRECTION('',(-2.001234283435E-1,0.E0,9.797706943097E-1));
#16247=AXIS2_PLACEMENT_3D('',#16244,#16245,#16246);
#16248=PLANE('',#16247);
#16249=ORIENTED_EDGE('',*,*,#10596,.F.);
#16251=ORIENTED_EDGE('',*,*,#16250,.T.);
#16252=ORIENTED_EDGE('',*,*,#13329,.T.);
#16253=ORIENTED_EDGE('',*,*,#16237,.F.);
#16254=EDGE_LOOP('',(#16249,#16251,#16252,#16253));
#16255=FACE_OUTER_BOUND('',#16254,.F.);
#16256=ADVANCED_FACE('',(#16255),#16248,.T.);
#16257=CARTESIAN_POINT('',(7.228098659018E1,3.E1,-1.40625E0));
#16258=DIRECTION('',(-9.797707167625E-1,0.E0,2.001233184181E-1));
#16259=DIRECTION('',(2.001233184181E-1,0.E0,9.797707167625E-1));
#16260=AXIS2_PLACEMENT_3D('',#16257,#16258,#16259);
#16261=PLANE('',#16260);
#16262=ORIENTED_EDGE('',*,*,#10594,.F.);
#16264=ORIENTED_EDGE('',*,*,#16263,.T.);
#16265=ORIENTED_EDGE('',*,*,#13331,.T.);
#16266=ORIENTED_EDGE('',*,*,#16250,.F.);
#16267=EDGE_LOOP('',(#16262,#16264,#16265,#16266));
#16268=FACE_OUTER_BOUND('',#16267,.F.);
#16269=ADVANCED_FACE('',(#16268),#16261,.T.);
#16270=CARTESIAN_POINT('',(7.208949725130E1,3.E1,-1.6875E0));
#16271=DIRECTION('',(-8.265992787996E-1,0.E0,5.627909312417E-1));
#16272=DIRECTION('',(5.627909312417E-1,0.E0,8.265992787996E-1));
#16273=AXIS2_PLACEMENT_3D('',#16270,#16271,#16272);
#16274=PLANE('',#16273);
#16275=ORIENTED_EDGE('',*,*,#10592,.F.);
#16277=ORIENTED_EDGE('',*,*,#16276,.T.);
#16278=ORIENTED_EDGE('',*,*,#13333,.T.);
#16279=ORIENTED_EDGE('',*,*,#16263,.F.);
#16280=EDGE_LOOP('',(#16275,#16277,#16278,#16279));
#16281=FACE_OUTER_BOUND('',#16280,.F.);
#16282=ADVANCED_FACE('',(#16281),#16274,.T.);
#16283=CARTESIAN_POINT('',(7.151502896646E1,3.E1,-2.062499910593E0));
#16284=DIRECTION('',(-5.466222762817E-1,0.E0,8.373792970170E-1));
#16285=DIRECTION('',(8.373792970170E-1,0.E0,5.466222762817E-1));
#16286=AXIS2_PLACEMENT_3D('',#16283,#16284,#16285);
#16287=PLANE('',#16286);
#16288=ORIENTED_EDGE('',*,*,#10590,.F.);
#16289=ORIENTED_EDGE('',*,*,#16070,.T.);
#16290=ORIENTED_EDGE('',*,*,#13335,.T.);
#16291=ORIENTED_EDGE('',*,*,#16276,.F.);
#16292=EDGE_LOOP('',(#16288,#16289,#16290,#16291));
#16293=FACE_OUTER_BOUND('',#16292,.F.);
#16294=ADVANCED_FACE('',(#16293),#16287,.T.);
#16295=CARTESIAN_POINT('',(7.036609293321E1,3.E1,2.156249821186E0));
#16296=DIRECTION('',(-7.938783209665E-1,0.E0,6.080766493621E-1));
#16297=DIRECTION('',(6.080766493621E-1,0.E0,7.938783209665E-1));
#16298=AXIS2_PLACEMENT_3D('',#16295,#16296,#16297);
#16299=PLANE('',#16298);
#16300=ORIENTED_EDGE('',*,*,#10432,.F.);
#16302=ORIENTED_EDGE('',*,*,#16301,.T.);
#16303=ORIENTED_EDGE('',*,*,#13345,.T.);
#16305=ORIENTED_EDGE('',*,*,#16304,.F.);
#16306=EDGE_LOOP('',(#16300,#16302,#16303,#16305));
#16307=FACE_OUTER_BOUND('',#16306,.F.);
#16308=ADVANCED_FACE('',(#16307),#16299,.T.);
#16309=CARTESIAN_POINT('',(7.036609293321E1,3.E1,1.500000178814E0));
#16310=DIRECTION('',(-1.E0,0.E0,0.E0));
#16311=DIRECTION('',(0.E0,0.E0,1.E0));
#16312=AXIS2_PLACEMENT_3D('',#16309,#16310,#16311);
#16313=PLANE('',#16312);
#16314=ORIENTED_EDGE('',*,*,#10510,.F.);
#16316=ORIENTED_EDGE('',*,*,#16315,.T.);
#16317=ORIENTED_EDGE('',*,*,#13347,.T.);
#16318=ORIENTED_EDGE('',*,*,#16301,.F.);
#16319=EDGE_LOOP('',(#16314,#16316,#16317,#16318));
#16320=FACE_OUTER_BOUND('',#16319,.F.);
#16321=ADVANCED_FACE('',(#16320),#16313,.T.);
#16322=CARTESIAN_POINT('',(7.285545460680E1,3.E1,1.500000178814E0));
#16323=DIRECTION('',(0.E0,0.E0,-1.E0));
#16324=DIRECTION('',(-1.E0,0.E0,0.E0));
#16325=AXIS2_PLACEMENT_3D('',#16322,#16323,#16324);
#16326=PLANE('',#16325);
#16327=ORIENTED_EDGE('',*,*,#10508,.F.);
#16329=ORIENTED_EDGE('',*,*,#16328,.T.);
#16330=ORIENTED_EDGE('',*,*,#13349,.T.);
#16331=ORIENTED_EDGE('',*,*,#16315,.F.);
#16332=EDGE_LOOP('',(#16327,#16329,#16330,#16331));
#16333=FACE_OUTER_BOUND('',#16332,.F.);
#16334=ADVANCED_FACE('',(#16333),#16326,.T.);
#16335=CARTESIAN_POINT('',(7.285545460680E1,3.E1,4.687500357628E0));
#16336=DIRECTION('',(1.E0,0.E0,0.E0));
#16337=DIRECTION('',(0.E0,0.E0,-1.E0));
#16338=AXIS2_PLACEMENT_3D('',#16335,#16336,#16337);
#16339=PLANE('',#16338);
#16340=ORIENTED_EDGE('',*,*,#10506,.F.);
#16342=ORIENTED_EDGE('',*,*,#16341,.T.);
#16343=ORIENTED_EDGE('',*,*,#13351,.T.);
#16344=ORIENTED_EDGE('',*,*,#16328,.F.);
#16345=EDGE_LOOP('',(#16340,#16342,#16343,#16344));
#16346=FACE_OUTER_BOUND('',#16345,.F.);
#16347=ADVANCED_FACE('',(#16346),#16339,.T.);
#16348=CARTESIAN_POINT('',(7.237673125962E1,3.E1,4.687500357628E0));
#16349=DIRECTION('',(0.E0,0.E0,1.E0));
#16350=DIRECTION('',(1.E0,0.E0,0.E0));
#16351=AXIS2_PLACEMENT_3D('',#16348,#16349,#16350);
#16352=PLANE('',#16351);
#16353=ORIENTED_EDGE('',*,*,#10504,.F.);
#16355=ORIENTED_EDGE('',*,*,#16354,.T.);
#16356=ORIENTED_EDGE('',*,*,#13353,.T.);
#16357=ORIENTED_EDGE('',*,*,#16341,.F.);
#16358=EDGE_LOOP('',(#16353,#16355,#16356,#16357));
#16359=FACE_OUTER_BOUND('',#16358,.F.);
#16360=ADVANCED_FACE('',(#16359),#16352,.T.);
#16361=CARTESIAN_POINT('',(7.237673125962E1,3.E1,1.96875E0));
#16362=DIRECTION('',(-1.E0,0.E0,0.E0));
#16363=DIRECTION('',(0.E0,0.E0,1.E0));
#16364=AXIS2_PLACEMENT_3D('',#16361,#16362,#16363);
#16365=PLANE('',#16364);
#16366=ORIENTED_EDGE('',*,*,#10502,.F.);
#16368=ORIENTED_EDGE('',*,*,#16367,.T.);
#16369=ORIENTED_EDGE('',*,*,#13355,.T.);
#16370=ORIENTED_EDGE('',*,*,#16354,.F.);
#16371=EDGE_LOOP('',(#16366,#16368,#16369,#16370));
#16372=FACE_OUTER_BOUND('',#16371,.F.);
#16373=ADVANCED_FACE('',(#16372),#16365,.T.);
#16374=CARTESIAN_POINT('',(7.084481628040E1,3.E1,1.96875E0));
#16375=DIRECTION('',(0.E0,0.E0,1.E0));
#16376=DIRECTION('',(1.E0,0.E0,0.E0));
#16377=AXIS2_PLACEMENT_3D('',#16374,#16375,#16376);
#16378=PLANE('',#16377);
#16379=ORIENTED_EDGE('',*,*,#10500,.F.);
#16381=ORIENTED_EDGE('',*,*,#16380,.T.);
#16382=ORIENTED_EDGE('',*,*,#13357,.T.);
#16383=ORIENTED_EDGE('',*,*,#16367,.F.);
#16384=EDGE_LOOP('',(#16379,#16381,#16382,#16383));
#16385=FACE_OUTER_BOUND('',#16384,.F.);
#16386=ADVANCED_FACE('',(#16385),#16378,.T.);
#16387=CARTESIAN_POINT('',(7.113205028871E1,3.E1,2.437499821186E0));
#16388=DIRECTION('',(8.526533338197E-1,0.E0,-5.224770734933E-1));
#16389=DIRECTION('',(-5.224770734933E-1,0.E0,-8.526533338197E-1));
#16390=AXIS2_PLACEMENT_3D('',#16387,#16388,#16389);
#16391=PLANE('',#16390);
#16392=ORIENTED_EDGE('',*,*,#10498,.F.);
#16394=ORIENTED_EDGE('',*,*,#16393,.T.);
#16395=ORIENTED_EDGE('',*,*,#13359,.T.);
#16396=ORIENTED_EDGE('',*,*,#16380,.F.);
#16397=EDGE_LOOP('',(#16392,#16394,#16395,#16396));
#16398=FACE_OUTER_BOUND('',#16397,.F.);
#16399=ADVANCED_FACE('',(#16398),#16391,.T.);
#16400=CARTESIAN_POINT('',(7.122779495815E1,3.E1,2.906250178814E0));
#16401=DIRECTION('',(9.797707392153E-1,0.E0,-2.001232084928E-1));
#16402=DIRECTION('',(-2.001232084928E-1,0.E0,-9.797707392153E-1));
#16403=AXIS2_PLACEMENT_3D('',#16400,#16401,#16402);
#16404=PLANE('',#16403);
#16405=ORIENTED_EDGE('',*,*,#10496,.F.);
#16407=ORIENTED_EDGE('',*,*,#16406,.T.);
#16408=ORIENTED_EDGE('',*,*,#13361,.T.);
#16409=ORIENTED_EDGE('',*,*,#16393,.F.);
#16410=EDGE_LOOP('',(#16405,#16407,#16408,#16409));
#16411=FACE_OUTER_BOUND('',#16410,.F.);
#16412=ADVANCED_FACE('',(#16411),#16404,.T.);
#16413=CARTESIAN_POINT('',(7.122779495815E1,3.E1,3.468750178814E0));
#16414=DIRECTION('',(1.E0,0.E0,0.E0));
#16415=DIRECTION('',(0.E0,0.E0,-1.E0));
#16416=AXIS2_PLACEMENT_3D('',#16413,#16414,#16415);
#16417=PLANE('',#16416);
#16418=ORIENTED_EDGE('',*,*,#10494,.F.);
#16420=ORIENTED_EDGE('',*,*,#16419,.T.);
#16421=ORIENTED_EDGE('',*,*,#13363,.T.);
#16422=ORIENTED_EDGE('',*,*,#16406,.F.);
#16423=EDGE_LOOP('',(#16418,#16420,#16421,#16422));
#16424=FACE_OUTER_BOUND('',#16423,.F.);
#16425=ADVANCED_FACE('',(#16424),#16417,.T.);
#16426=CARTESIAN_POINT('',(7.113205028871E1,3.E1,3.9375E0));
#16427=DIRECTION('',(9.797706943097E-1,0.E0,2.001234283435E-1));
#16428=DIRECTION('',(2.001234283435E-1,0.E0,-9.797706943097E-1));
#16429=AXIS2_PLACEMENT_3D('',#16426,#16427,#16428);
#16430=PLANE('',#16429);
#16431=ORIENTED_EDGE('',*,*,#10492,.F.);
#16433=ORIENTED_EDGE('',*,*,#16432,.T.);
#16434=ORIENTED_EDGE('',*,*,#13365,.T.);
#16435=ORIENTED_EDGE('',*,*,#16419,.F.);
#16436=EDGE_LOOP('',(#16431,#16433,#16434,#16435));
#16437=FACE_OUTER_BOUND('',#16436,.F.);
#16438=ADVANCED_FACE('',(#16437),#16430,.T.);
#16439=CARTESIAN_POINT('',(7.084481628040E1,3.E1,4.406249821186E0));
#16440=DIRECTION('',(8.526533338197E-1,0.E0,5.224770734933E-1));
#16441=DIRECTION('',(5.224770734933E-1,0.E0,-8.526533338197E-1));
#16442=AXIS2_PLACEMENT_3D('',#16439,#16440,#16441);
#16443=PLANE('',#16442);
#16444=ORIENTED_EDGE('',*,*,#10490,.F.);
#16446=ORIENTED_EDGE('',*,*,#16445,.T.);
#16447=ORIENTED_EDGE('',*,*,#13367,.T.);
#16448=ORIENTED_EDGE('',*,*,#16432,.F.);
#16449=EDGE_LOOP('',(#16444,#16446,#16447,#16448));
#16450=FACE_OUTER_BOUND('',#16449,.F.);
#16451=ADVANCED_FACE('',(#16450),#16443,.T.);
#16452=CARTESIAN_POINT('',(7.046183760265E1,3.E1,4.687500357628E0));
#16453=DIRECTION('',(5.919102821815E-1,0.E0,8.060038572165E-1));
#16454=DIRECTION('',(8.060038572165E-1,0.E0,-5.919102821815E-1));
#16455=AXIS2_PLACEMENT_3D('',#16452,#16453,#16454);
#16456=PLANE('',#16455);
#16457=ORIENTED_EDGE('',*,*,#10488,.F.);
#16459=ORIENTED_EDGE('',*,*,#16458,.T.);
#16460=ORIENTED_EDGE('',*,*,#13369,.T.);
#16461=ORIENTED_EDGE('',*,*,#16445,.F.);
#16462=EDGE_LOOP('',(#16457,#16459,#16460,#16461));
#16463=FACE_OUTER_BOUND('',#16462,.F.);
#16464=ADVANCED_FACE('',(#16463),#16456,.T.);
#16465=CARTESIAN_POINT('',(6.998311412135E1,3.E1,4.874999642372E0));
#16466=DIRECTION('',(3.646906411703E-1,0.E0,9.311287431085E-1));
#16467=DIRECTION('',(9.311287431085E-1,0.E0,-3.646906411703E-1));
#16468=AXIS2_PLACEMENT_3D('',#16465,#16466,#16467);
#16469=PLANE('',#16468);
#16470=ORIENTED_EDGE('',*,*,#10486,.F.);
#16472=ORIENTED_EDGE('',*,*,#16471,.T.);
#16473=ORIENTED_EDGE('',*,*,#13371,.T.);
#16474=ORIENTED_EDGE('',*,*,#16458,.F.);
#16475=EDGE_LOOP('',(#16470,#16472,#16473,#16474));
#16476=FACE_OUTER_BOUND('',#16475,.F.);
#16477=ADVANCED_FACE('',(#16476),#16469,.T.);
#16478=CARTESIAN_POINT('',(6.960013544360E1,3.E1,4.874999642372E0));
#16479=DIRECTION('',(0.E0,0.E0,1.E0));
#16480=DIRECTION('',(1.E0,0.E0,0.E0));
#16481=AXIS2_PLACEMENT_3D('',#16478,#16479,#16480);
#16482=PLANE('',#16481);
#16483=ORIENTED_EDGE('',*,*,#10484,.F.);
#16485=ORIENTED_EDGE('',*,*,#16484,.T.);
#16486=ORIENTED_EDGE('',*,*,#13373,.T.);
#16487=ORIENTED_EDGE('',*,*,#16471,.F.);
#16488=EDGE_LOOP('',(#16483,#16485,#16486,#16487));
#16489=FACE_OUTER_BOUND('',#16488,.F.);
#16490=ADVANCED_FACE('',(#16489),#16482,.T.);
#16491=CARTESIAN_POINT('',(6.912141202936E1,3.E1,4.687500357628E0));
#16492=DIRECTION('',(-3.646906854589E-1,0.E0,9.311287257622E-1));
#16493=DIRECTION('',(9.311287257622E-1,0.E0,3.646906854589E-1));
#16494=AXIS2_PLACEMENT_3D('',#16491,#16492,#16493);
#16495=PLANE('',#16494);
#16496=ORIENTED_EDGE('',*,*,#10482,.F.);
#16498=ORIENTED_EDGE('',*,*,#16497,.T.);
#16499=ORIENTED_EDGE('',*,*,#13375,.T.);
#16500=ORIENTED_EDGE('',*,*,#16484,.F.);
#16501=EDGE_LOOP('',(#16496,#16498,#16499,#16500));
#16502=FACE_OUTER_BOUND('',#16501,.F.);
#16503=ADVANCED_FACE('',(#16502),#16495,.T.);
#16504=CARTESIAN_POINT('',(6.873843331808E1,3.E1,4.406249821186E0));
#16505=DIRECTION('',(-5.919102485181E-1,0.E0,8.060038819381E-1));
#16506=DIRECTION('',(8.060038819381E-1,0.E0,5.919102485181E-1));
#16507=AXIS2_PLACEMENT_3D('',#16504,#16505,#16506);
#16508=PLANE('',#16507);
#16509=ORIENTED_EDGE('',*,*,#10480,.F.);
#16511=ORIENTED_EDGE('',*,*,#16510,.T.);
#16512=ORIENTED_EDGE('',*,*,#13377,.T.);
#16513=ORIENTED_EDGE('',*,*,#16497,.F.);
#16514=EDGE_LOOP('',(#16509,#16511,#16512,#16513));
#16515=FACE_OUTER_BOUND('',#16514,.F.);
#16516=ADVANCED_FACE('',(#16515),#16508,.T.);
#16517=CARTESIAN_POINT('',(6.845119928462E1,3.E1,3.9375E0));
#16518=DIRECTION('',(-8.526533134429E-1,0.E0,5.224771067470E-1));
#16519=DIRECTION('',(5.224771067470E-1,0.E0,8.526533134429E-1));
#16520=AXIS2_PLACEMENT_3D('',#16517,#16518,#16519);
#16521=PLANE('',#16520);
#16522=ORIENTED_EDGE('',*,*,#10478,.F.);
#16524=ORIENTED_EDGE('',*,*,#16523,.T.);
#16525=ORIENTED_EDGE('',*,*,#13379,.T.);
#16526=ORIENTED_EDGE('',*,*,#16510,.F.);
#16527=EDGE_LOOP('',(#16522,#16524,#16525,#16526));
#16528=FACE_OUTER_BOUND('',#16527,.F.);
#16529=ADVANCED_FACE('',(#16528),#16521,.T.);
#16530=CARTESIAN_POINT('',(6.835545460680E1,3.E1,3.468750178814E0));
#16531=DIRECTION('',(-9.797706908745E-1,0.E0,2.001234451615E-1));
#16532=DIRECTION('',(2.001234451615E-1,0.E0,9.797706908745E-1));
#16533=AXIS2_PLACEMENT_3D('',#16530,#16531,#16532);
#16534=PLANE('',#16533);
#16535=ORIENTED_EDGE('',*,*,#10476,.F.);
#16537=ORIENTED_EDGE('',*,*,#16536,.T.);
#16538=ORIENTED_EDGE('',*,*,#13381,.T.);
#16539=ORIENTED_EDGE('',*,*,#16523,.F.);
#16540=EDGE_LOOP('',(#16535,#16537,#16538,#16539));
#16541=FACE_OUTER_BOUND('',#16540,.F.);
#16542=ADVANCED_FACE('',(#16541),#16534,.T.);
#16543=CARTESIAN_POINT('',(6.835545460680E1,3.E1,2.906250178814E0));
#16544=DIRECTION('',(-1.E0,0.E0,0.E0));
#16545=DIRECTION('',(0.E0,0.E0,1.E0));
#16546=AXIS2_PLACEMENT_3D('',#16543,#16544,#16545);
#16547=PLANE('',#16546);
#16548=ORIENTED_EDGE('',*,*,#10474,.F.);
#16550=ORIENTED_EDGE('',*,*,#16549,.T.);
#16551=ORIENTED_EDGE('',*,*,#13383,.T.);
#16552=ORIENTED_EDGE('',*,*,#16536,.F.);
#16553=EDGE_LOOP('',(#16548,#16550,#16551,#16552));
#16554=FACE_OUTER_BOUND('',#16553,.F.);
#16555=ADVANCED_FACE('',(#16554),#16547,.T.);
#16556=CARTESIAN_POINT('',(6.845119928462E1,3.E1,2.437499821186E0));
#16557=DIRECTION('',(-9.797707357802E-1,0.E0,-2.001232253108E-1));
#16558=DIRECTION('',(-2.001232253108E-1,0.E0,9.797707357802E-1));
#16559=AXIS2_PLACEMENT_3D('',#16556,#16557,#16558);
#16560=PLANE('',#16559);
#16561=ORIENTED_EDGE('',*,*,#10472,.F.);
#16563=ORIENTED_EDGE('',*,*,#16562,.T.);
#16564=ORIENTED_EDGE('',*,*,#13385,.T.);
#16565=ORIENTED_EDGE('',*,*,#16549,.F.);
#16566=EDGE_LOOP('',(#16561,#16563,#16564,#16565));
#16567=FACE_OUTER_BOUND('',#16566,.F.);
#16568=ADVANCED_FACE('',(#16567),#16560,.T.);
#16569=CARTESIAN_POINT('',(6.873843331808E1,3.E1,1.96875E0));
#16570=DIRECTION('',(-8.526533134429E-1,0.E0,-5.224771067470E-1));
#16571=DIRECTION('',(-5.224771067470E-1,0.E0,8.526533134429E-1));
#16572=AXIS2_PLACEMENT_3D('',#16569,#16570,#16571);
#16573=PLANE('',#16572);
#16574=ORIENTED_EDGE('',*,*,#10470,.F.);
#16576=ORIENTED_EDGE('',*,*,#16575,.T.);
#16577=ORIENTED_EDGE('',*,*,#13387,.T.);
#16578=ORIENTED_EDGE('',*,*,#16562,.F.);
#16579=EDGE_LOOP('',(#16574,#16576,#16577,#16578));
#16580=FACE_OUTER_BOUND('',#16579,.F.);
#16581=ADVANCED_FACE('',(#16580),#16573,.T.);
#16582=CARTESIAN_POINT('',(6.912141202936E1,3.E1,1.6875E0));
#16583=DIRECTION('',(-5.919095150862E-1,0.E0,-8.060044205527E-1));
#16584=DIRECTION('',(-8.060044205527E-1,0.E0,5.919095150862E-1));
#16585=AXIS2_PLACEMENT_3D('',#16582,#16583,#16584);
#16586=PLANE('',#16585);
#16587=ORIENTED_EDGE('',*,*,#10468,.F.);
#16589=ORIENTED_EDGE('',*,*,#16588,.T.);
#16590=ORIENTED_EDGE('',*,*,#13389,.T.);
#16591=ORIENTED_EDGE('',*,*,#16575,.F.);
#16592=EDGE_LOOP('',(#16587,#16589,#16590,#16591));
#16593=FACE_OUTER_BOUND('',#16592,.F.);
#16594=ADVANCED_FACE('',(#16593),#16586,.T.);
#16595=CARTESIAN_POINT('',(6.950439077416E1,3.E1,1.500000178814E0));
#16596=DIRECTION('',(-4.397130954570E-1,0.E0,-8.981382931841E-1));
#16597=DIRECTION('',(-8.981382931841E-1,0.E0,4.397130954570E-1));
#16598=AXIS2_PLACEMENT_3D('',#16595,#16596,#16597);
#16599=PLANE('',#16598);
#16600=ORIENTED_EDGE('',*,*,#10466,.F.);
#16602=ORIENTED_EDGE('',*,*,#16601,.T.);
#16603=ORIENTED_EDGE('',*,*,#13391,.T.);
#16604=ORIENTED_EDGE('',*,*,#16588,.F.);
#16605=EDGE_LOOP('',(#16600,#16602,#16603,#16604));
#16606=FACE_OUTER_BOUND('',#16605,.F.);
#16607=ADVANCED_FACE('',(#16606),#16599,.T.);
#16608=CARTESIAN_POINT('',(6.950439077416E1,3.E1,2.062500178814E0));
#16609=DIRECTION('',(1.E0,0.E0,0.E0));
#16610=DIRECTION('',(0.E0,0.E0,-1.E0));
#16611=AXIS2_PLACEMENT_3D('',#16608,#16609,#16610);
#16612=PLANE('',#16611);
#16613=ORIENTED_EDGE('',*,*,#10464,.F.);
#16615=ORIENTED_EDGE('',*,*,#16614,.T.);
#16616=ORIENTED_EDGE('',*,*,#13393,.T.);
#16617=ORIENTED_EDGE('',*,*,#16601,.F.);
#16618=EDGE_LOOP('',(#16613,#16615,#16616,#16617));
#16619=FACE_OUTER_BOUND('',#16618,.F.);
#16620=ADVANCED_FACE('',(#16619),#16612,.T.);
#16621=CARTESIAN_POINT('',(6.912141202936E1,3.E1,2.25E0));
#16622=DIRECTION('',(4.397130954570E-1,0.E0,8.981382931841E-1));
#16623=DIRECTION('',(8.981382931841E-1,0.E0,-4.397130954570E-1));
#16624=AXIS2_PLACEMENT_3D('',#16621,#16622,#16623);
#16625=PLANE('',#16624);
#16626=ORIENTED_EDGE('',*,*,#10462,.F.);
#16628=ORIENTED_EDGE('',*,*,#16627,.T.);
#16629=ORIENTED_EDGE('',*,*,#13395,.T.);
#16630=ORIENTED_EDGE('',*,*,#16614,.F.);
#16631=EDGE_LOOP('',(#16626,#16628,#16629,#16630));
#16632=FACE_OUTER_BOUND('',#16631,.F.);
#16633=ADVANCED_FACE('',(#16632),#16625,.T.);
#16634=CARTESIAN_POINT('',(6.892992269048E1,3.E1,2.53125E0));
#16635=DIRECTION('',(8.265992787996E-1,0.E0,5.627909312417E-1));
#16636=DIRECTION('',(5.627909312417E-1,0.E0,-8.265992787996E-1));
#16637=AXIS2_PLACEMENT_3D('',#16634,#16635,#16636);
#16638=PLANE('',#16637);
#16639=ORIENTED_EDGE('',*,*,#10460,.F.);
#16641=ORIENTED_EDGE('',*,*,#16640,.T.);
#16642=ORIENTED_EDGE('',*,*,#13397,.T.);
#16643=ORIENTED_EDGE('',*,*,#16627,.F.);
#16644=EDGE_LOOP('',(#16639,#16641,#16642,#16643));
#16645=FACE_OUTER_BOUND('',#16644,.F.);
#16646=ADVANCED_FACE('',(#16645),#16638,.T.);
#16647=CARTESIAN_POINT('',(6.883417802105E1,3.E1,2.906250178814E0));
#16648=DIRECTION('',(9.689177459678E-1,0.E0,2.473831068378E-1));
#16649=DIRECTION('',(2.473831068378E-1,0.E0,-9.689177459678E-1));
#16650=AXIS2_PLACEMENT_3D('',#16647,#16648,#16649);
#16651=PLANE('',#16650);
#16652=ORIENTED_EDGE('',*,*,#10458,.F.);
#16654=ORIENTED_EDGE('',*,*,#16653,.T.);
#16655=ORIENTED_EDGE('',*,*,#13399,.T.);
#16656=ORIENTED_EDGE('',*,*,#16640,.F.);
#16657=EDGE_LOOP('',(#16652,#16654,#16655,#16656));
#16658=FACE_OUTER_BOUND('',#16657,.F.);
#16659=ADVANCED_FACE('',(#16658),#16651,.T.);
#16660=CARTESIAN_POINT('',(6.883417802105E1,3.E1,3.468750178814E0));
#16661=DIRECTION('',(1.E0,0.E0,0.E0));
#16662=DIRECTION('',(0.E0,0.E0,-1.E0));
#16663=AXIS2_PLACEMENT_3D('',#16660,#16661,#16662);
#16664=PLANE('',#16663);
#16665=ORIENTED_EDGE('',*,*,#10456,.F.);
#16667=ORIENTED_EDGE('',*,*,#16666,.T.);
#16668=ORIENTED_EDGE('',*,*,#13401,.T.);
#16669=ORIENTED_EDGE('',*,*,#16653,.F.);
#16670=EDGE_LOOP('',(#16665,#16667,#16668,#16669));
#16671=FACE_OUTER_BOUND('',#16670,.F.);
#16672=ADVANCED_FACE('',(#16671),#16664,.T.);
#16673=CARTESIAN_POINT('',(6.892992269048E1,3.E1,3.843749821186E0));
#16674=DIRECTION('',(9.689176611437E-1,0.E0,-2.473834390653E-1));
#16675=DIRECTION('',(-2.473834390653E-1,0.E0,-9.689176611437E-1));
#16676=AXIS2_PLACEMENT_3D('',#16673,#16674,#16675);
#16677=PLANE('',#16676);
#16678=ORIENTED_EDGE('',*,*,#10454,.F.);
#16680=ORIENTED_EDGE('',*,*,#16679,.T.);
#16681=ORIENTED_EDGE('',*,*,#13403,.T.);
#16682=ORIENTED_EDGE('',*,*,#16666,.F.);
#16683=EDGE_LOOP('',(#16678,#16680,#16681,#16682));
#16684=FACE_OUTER_BOUND('',#16683,.F.);
#16685=ADVANCED_FACE('',(#16684),#16677,.T.);
#16686=CARTESIAN_POINT('',(6.912141202936E1,3.E1,4.124999821186E0));
#16687=DIRECTION('',(8.265992787996E-1,0.E0,-5.627909312417E-1));
#16688=DIRECTION('',(-5.627909312417E-1,0.E0,-8.265992787996E-1));
#16689=AXIS2_PLACEMENT_3D('',#16686,#16687,#16688);
#16690=PLANE('',#16689);
#16691=ORIENTED_EDGE('',*,*,#10452,.F.);
#16693=ORIENTED_EDGE('',*,*,#16692,.T.);
#16694=ORIENTED_EDGE('',*,*,#13405,.T.);
#16695=ORIENTED_EDGE('',*,*,#16679,.F.);
#16696=EDGE_LOOP('',(#16691,#16693,#16694,#16695));
#16697=FACE_OUTER_BOUND('',#16696,.F.);
#16698=ADVANCED_FACE('',(#16697),#16690,.T.);
#16699=CARTESIAN_POINT('',(6.940864610473E1,3.E1,4.312500178814E0));
#16700=DIRECTION('',(5.466231882208E-1,0.E0,-8.373787017230E-1));
#16701=DIRECTION('',(-8.373787017230E-1,0.E0,-5.466231882208E-1));
#16702=AXIS2_PLACEMENT_3D('',#16699,#16700,#16701);
#16703=PLANE('',#16702);
#16704=ORIENTED_EDGE('',*,*,#10450,.F.);
#16706=ORIENTED_EDGE('',*,*,#16705,.T.);
#16707=ORIENTED_EDGE('',*,*,#13407,.T.);
#16708=ORIENTED_EDGE('',*,*,#16692,.F.);
#16709=EDGE_LOOP('',(#16704,#16706,#16707,#16708));
#16710=FACE_OUTER_BOUND('',#16709,.F.);
#16711=ADVANCED_FACE('',(#16710),#16703,.T.);
#16712=CARTESIAN_POINT('',(6.969588011304E1,3.E1,4.406249821186E0));
#16713=DIRECTION('',(3.102789952956E-1,0.E0,-9.506455412394E-1));
#16714=DIRECTION('',(-9.506455412394E-1,0.E0,-3.102789952956E-1));
#16715=AXIS2_PLACEMENT_3D('',#16712,#16713,#16714);
#16716=PLANE('',#16715);
#16717=ORIENTED_EDGE('',*,*,#10448,.F.);
#16719=ORIENTED_EDGE('',*,*,#16718,.T.);
#16720=ORIENTED_EDGE('',*,*,#13409,.T.);
#16721=ORIENTED_EDGE('',*,*,#16705,.F.);
#16722=EDGE_LOOP('',(#16717,#16719,#16720,#16721));
#16723=FACE_OUTER_BOUND('',#16722,.F.);
#16724=ADVANCED_FACE('',(#16723),#16716,.T.);
#16725=CARTESIAN_POINT('',(6.988736945191E1,3.E1,4.406249821186E0));
#16726=DIRECTION('',(0.E0,0.E0,-1.E0));
#16727=DIRECTION('',(-1.E0,0.E0,0.E0));
#16728=AXIS2_PLACEMENT_3D('',#16725,#16726,#16727);
#16729=PLANE('',#16728);
#16730=ORIENTED_EDGE('',*,*,#10446,.F.);
#16732=ORIENTED_EDGE('',*,*,#16731,.T.);
#16733=ORIENTED_EDGE('',*,*,#13411,.T.);
#16734=ORIENTED_EDGE('',*,*,#16718,.F.);
#16735=EDGE_LOOP('',(#16730,#16732,#16733,#16734));
#16736=FACE_OUTER_BOUND('',#16735,.F.);
#16737=ADVANCED_FACE('',(#16736),#16729,.T.);
#16738=CARTESIAN_POINT('',(7.017460359433E1,3.E1,4.312500178814E0));
#16739=DIRECTION('',(-3.102788643726E-1,0.E0,-9.506455839711E-1));
#16740=DIRECTION('',(-9.506455839711E-1,0.E0,3.102788643726E-1));
#16741=AXIS2_PLACEMENT_3D('',#16738,#16739,#16740);
#16742=PLANE('',#16741);
#16743=ORIENTED_EDGE('',*,*,#10444,.F.);
#16745=ORIENTED_EDGE('',*,*,#16744,.T.);
#16746=ORIENTED_EDGE('',*,*,#13413,.T.);
#16747=ORIENTED_EDGE('',*,*,#16731,.F.);
#16748=EDGE_LOOP('',(#16743,#16745,#16746,#16747));
#16749=FACE_OUTER_BOUND('',#16748,.F.);
#16750=ADVANCED_FACE('',(#16749),#16742,.T.);
#16751=CARTESIAN_POINT('',(7.046183760265E1,3.E1,4.124999821186E0));
#16752=DIRECTION('',(-5.466232777014E-1,0.E0,-8.373786433120E-1));
#16753=DIRECTION('',(-8.373786433120E-1,0.E0,5.466232777014E-1));
#16754=AXIS2_PLACEMENT_3D('',#16751,#16752,#16753);
#16755=PLANE('',#16754);
#16756=ORIENTED_EDGE('',*,*,#10442,.F.);
#16758=ORIENTED_EDGE('',*,*,#16757,.T.);
#16759=ORIENTED_EDGE('',*,*,#13415,.T.);
#16760=ORIENTED_EDGE('',*,*,#16744,.F.);
#16761=EDGE_LOOP('',(#16756,#16758,#16759,#16760));
#16762=FACE_OUTER_BOUND('',#16761,.F.);
#16763=ADVANCED_FACE('',(#16762),#16755,.T.);
#16764=CARTESIAN_POINT('',(7.065332694152E1,3.E1,3.843749821186E0));
#16765=DIRECTION('',(-8.265992787996E-1,0.E0,-5.627909312417E-1));
#16766=DIRECTION('',(-5.627909312417E-1,0.E0,8.265992787996E-1));
#16767=AXIS2_PLACEMENT_3D('',#16764,#16765,#16766);
#16768=PLANE('',#16767);
#16769=ORIENTED_EDGE('',*,*,#10440,.F.);
#16771=ORIENTED_EDGE('',*,*,#16770,.T.);
#16772=ORIENTED_EDGE('',*,*,#13417,.T.);
#16773=ORIENTED_EDGE('',*,*,#16757,.F.);
#16774=EDGE_LOOP('',(#16769,#16771,#16772,#16773));
#16775=FACE_OUTER_BOUND('',#16774,.F.);
#16776=ADVANCED_FACE('',(#16775),#16768,.T.);
#16777=CARTESIAN_POINT('',(7.074907161096E1,3.E1,3.468750178814E0));
#16778=DIRECTION('',(-9.689176611437E-1,0.E0,-2.473834390653E-1));
#16779=DIRECTION('',(-2.473834390653E-1,0.E0,9.689176611437E-1));
#16780=AXIS2_PLACEMENT_3D('',#16777,#16778,#16779);
#16781=PLANE('',#16780);
#16782=ORIENTED_EDGE('',*,*,#10438,.F.);
#16784=ORIENTED_EDGE('',*,*,#16783,.T.);
#16785=ORIENTED_EDGE('',*,*,#13419,.T.);
#16786=ORIENTED_EDGE('',*,*,#16770,.F.);
#16787=EDGE_LOOP('',(#16782,#16784,#16785,#16786));
#16788=FACE_OUTER_BOUND('',#16787,.F.);
#16789=ADVANCED_FACE('',(#16788),#16781,.T.);
#16790=CARTESIAN_POINT('',(7.074907161096E1,3.E1,2.906250178814E0));
#16791=DIRECTION('',(-1.E0,0.E0,0.E0));
#16792=DIRECTION('',(0.E0,0.E0,1.E0));
#16793=AXIS2_PLACEMENT_3D('',#16790,#16791,#16792);
#16794=PLANE('',#16793);
#16795=ORIENTED_EDGE('',*,*,#10436,.F.);
#16797=ORIENTED_EDGE('',*,*,#16796,.T.);
#16798=ORIENTED_EDGE('',*,*,#13421,.T.);
#16799=ORIENTED_EDGE('',*,*,#16783,.F.);
#16800=EDGE_LOOP('',(#16795,#16797,#16798,#16799));
#16801=FACE_OUTER_BOUND('',#16800,.F.);
#16802=ADVANCED_FACE('',(#16801),#16794,.T.);
#16803=CARTESIAN_POINT('',(7.065332694152E1,3.E1,2.53125E0));
#16804=DIRECTION('',(-9.689177459678E-1,0.E0,2.473831068378E-1));
#16805=DIRECTION('',(2.473831068378E-1,0.E0,9.689177459678E-1));
#16806=AXIS2_PLACEMENT_3D('',#16803,#16804,#16805);
#16807=PLANE('',#16806);
#16808=ORIENTED_EDGE('',*,*,#10434,.F.);
#16809=ORIENTED_EDGE('',*,*,#16304,.T.);
#16810=ORIENTED_EDGE('',*,*,#13423,.T.);
#16811=ORIENTED_EDGE('',*,*,#16796,.F.);
#16812=EDGE_LOOP('',(#16808,#16809,#16810,#16811));
#16813=FACE_OUTER_BOUND('',#16812,.F.);
#16814=ADVANCED_FACE('',(#16813),#16807,.T.);
#16815=CARTESIAN_POINT('',(5.703720418260E1,3.E1,-3.375E0));
#16816=DIRECTION('',(0.E0,0.E0,1.E0));
#16817=DIRECTION('',(1.E0,0.E0,0.E0));
#16818=AXIS2_PLACEMENT_3D('',#16815,#16816,#16817);
#16819=PLANE('',#16818);
#16820=ORIENTED_EDGE('',*,*,#10244,.F.);
#16822=ORIENTED_EDGE('',*,*,#16821,.T.);
#16823=ORIENTED_EDGE('',*,*,#13433,.T.);
#16825=ORIENTED_EDGE('',*,*,#16824,.F.);
#16826=EDGE_LOOP('',(#16820,#16822,#16823,#16825));
#16827=FACE_OUTER_BOUND('',#16826,.F.);
#16828=ADVANCED_FACE('',(#16827),#16819,.T.);
#16829=CARTESIAN_POINT('',(5.703720418260E1,3.E1,-3.9375E0));
#16830=DIRECTION('',(-1.E0,0.E0,0.E0));
#16831=DIRECTION('',(0.E0,0.E0,1.E0));
#16832=AXIS2_PLACEMENT_3D('',#16829,#16830,#16831);
#16833=PLANE('',#16832);
#16834=ORIENTED_EDGE('',*,*,#10256,.F.);
#16836=ORIENTED_EDGE('',*,*,#16835,.T.);
#16837=ORIENTED_EDGE('',*,*,#13435,.T.);
#16838=ORIENTED_EDGE('',*,*,#16821,.F.);
#16839=EDGE_LOOP('',(#16834,#16836,#16837,#16838));
#16840=FACE_OUTER_BOUND('',#16839,.F.);
#16841=ADVANCED_FACE('',(#16840),#16833,.T.);
#16842=CARTESIAN_POINT('',(6.077124682710E1,3.E1,-3.9375E0));
#16843=DIRECTION('',(0.E0,0.E0,-1.E0));
#16844=DIRECTION('',(-1.E0,0.E0,0.E0));
#16845=AXIS2_PLACEMENT_3D('',#16842,#16843,#16844);
#16846=PLANE('',#16845);
#16847=ORIENTED_EDGE('',*,*,#10254,.F.);
#16849=ORIENTED_EDGE('',*,*,#16848,.T.);
#16850=ORIENTED_EDGE('',*,*,#13437,.T.);
#16851=ORIENTED_EDGE('',*,*,#16835,.F.);
#16852=EDGE_LOOP('',(#16847,#16849,#16850,#16851));
#16853=FACE_OUTER_BOUND('',#16852,.F.);
#16854=ADVANCED_FACE('',(#16853),#16846,.T.);
#16855=CARTESIAN_POINT('',(6.010103387281E1,3.E1,-4.5E0));
#16856=DIRECTION('',(-6.428711427642E-1,0.E0,7.659743427825E-1));
#16857=DIRECTION('',(7.659743427825E-1,0.E0,6.428711427642E-1));
#16858=AXIS2_PLACEMENT_3D('',#16855,#16856,#16857);
#16859=PLANE('',#16858);
#16860=ORIENTED_EDGE('',*,*,#10252,.F.);
#16862=ORIENTED_EDGE('',*,*,#16861,.T.);
#16863=ORIENTED_EDGE('',*,*,#13439,.T.);
#16864=ORIENTED_EDGE('',*,*,#16848,.F.);
#16865=EDGE_LOOP('',(#16860,#16862,#16863,#16864));
#16866=FACE_OUTER_BOUND('',#16865,.F.);
#16867=ADVANCED_FACE('',(#16866),#16859,.T.);
#16868=CARTESIAN_POINT('',(6.086699149653E1,3.E1,-4.5E0));
#16869=DIRECTION('',(0.E0,0.E0,-1.E0));
#16870=DIRECTION('',(-1.E0,0.E0,0.E0));
#16871=AXIS2_PLACEMENT_3D('',#16868,#16869,#16870);
#16872=PLANE('',#16871);
#16873=ORIENTED_EDGE('',*,*,#10250,.F.);
#16875=ORIENTED_EDGE('',*,*,#16874,.T.);
#16876=ORIENTED_EDGE('',*,*,#13441,.T.);
#16877=ORIENTED_EDGE('',*,*,#16861,.F.);
#16878=EDGE_LOOP('',(#16873,#16875,#16876,#16877));
#16879=FACE_OUTER_BOUND('',#16878,.F.);
#16880=ADVANCED_FACE('',(#16879),#16872,.T.);
#16881=CARTESIAN_POINT('',(6.153720418260E1,3.E1,-3.9375E0));
#16882=DIRECTION('',(6.428712937139E-1,0.E0,-7.659742160926E-1));
#16883=DIRECTION('',(-7.659742160926E-1,0.E0,-6.428712937139E-1));
#16884=AXIS2_PLACEMENT_3D('',#16881,#16882,#16883);
#16885=PLANE('',#16884);
#16886=ORIENTED_EDGE('',*,*,#10248,.F.);
#16888=ORIENTED_EDGE('',*,*,#16887,.T.);
#16889=ORIENTED_EDGE('',*,*,#13443,.T.);
#16890=ORIENTED_EDGE('',*,*,#16874,.F.);
#16891=EDGE_LOOP('',(#16886,#16888,#16889,#16890));
#16892=FACE_OUTER_BOUND('',#16891,.F.);
#16893=ADVANCED_FACE('',(#16892),#16885,.T.);
#16894=CARTESIAN_POINT('',(6.153720418260E1,3.E1,-3.375E0));
#16895=DIRECTION('',(1.E0,0.E0,0.E0));
#16896=DIRECTION('',(0.E0,0.E0,-1.E0));
#16897=AXIS2_PLACEMENT_3D('',#16894,#16895,#16896);
#16898=PLANE('',#16897);
#16899=ORIENTED_EDGE('',*,*,#10246,.F.);
#16900=ORIENTED_EDGE('',*,*,#16824,.T.);
#16901=ORIENTED_EDGE('',*,*,#13445,.T.);
#16902=ORIENTED_EDGE('',*,*,#16887,.F.);
#16903=EDGE_LOOP('',(#16899,#16900,#16901,#16902));
#16904=FACE_OUTER_BOUND('',#16903,.F.);
#16905=ADVANCED_FACE('',(#16904),#16898,.T.);
#16906=CARTESIAN_POINT('',(5.703720418260E1,3.E1,-1.499999910593E0));
#16907=DIRECTION('',(0.E0,0.E0,1.E0));
#16908=DIRECTION('',(1.E0,0.E0,0.E0));
#16909=AXIS2_PLACEMENT_3D('',#16906,#16907,#16908);
#16910=PLANE('',#16909);
#16911=ORIENTED_EDGE('',*,*,#10260,.F.);
#16913=ORIENTED_EDGE('',*,*,#16912,.T.);
#16914=ORIENTED_EDGE('',*,*,#13455,.T.);
#16916=ORIENTED_EDGE('',*,*,#16915,.F.);
#16917=EDGE_LOOP('',(#16911,#16913,#16914,#16916));
#16918=FACE_OUTER_BOUND('',#16917,.F.);
#16919=ADVANCED_FACE('',(#16918),#16910,.T.);
#16920=CARTESIAN_POINT('',(5.703720418260E1,3.E1,-2.062499910593E0));
#16921=DIRECTION('',(-1.E0,0.E0,0.E0));
#16922=DIRECTION('',(0.E0,0.E0,1.E0));
#16923=AXIS2_PLACEMENT_3D('',#16920,#16921,#16922);
#16924=PLANE('',#16923);
#16925=ORIENTED_EDGE('',*,*,#10272,.F.);
#16927=ORIENTED_EDGE('',*,*,#16926,.T.);
#16928=ORIENTED_EDGE('',*,*,#13457,.T.);
#16929=ORIENTED_EDGE('',*,*,#16912,.F.);
#16930=EDGE_LOOP('',(#16925,#16927,#16928,#16929));
#16931=FACE_OUTER_BOUND('',#16930,.F.);
#16932=ADVANCED_FACE('',(#16931),#16924,.T.);
#16933=CARTESIAN_POINT('',(6.077124682710E1,3.E1,-2.062499910593E0));
#16934=DIRECTION('',(0.E0,0.E0,-1.E0));
#16935=DIRECTION('',(-1.E0,0.E0,0.E0));
#16936=AXIS2_PLACEMENT_3D('',#16933,#16934,#16935);
#16937=PLANE('',#16936);
#16938=ORIENTED_EDGE('',*,*,#10270,.F.);
#16940=ORIENTED_EDGE('',*,*,#16939,.T.);
#16941=ORIENTED_EDGE('',*,*,#13459,.T.);
#16942=ORIENTED_EDGE('',*,*,#16926,.F.);
#16943=EDGE_LOOP('',(#16938,#16940,#16941,#16942));
#16944=FACE_OUTER_BOUND('',#16943,.F.);
#16945=ADVANCED_FACE('',(#16944),#16937,.T.);
#16946=CARTESIAN_POINT('',(6.010103387281E1,3.E1,-2.625000044703E0));
#16947=DIRECTION('',(-6.428712326917E-1,0.E0,7.659742673076E-1));
#16948=DIRECTION('',(7.659742673076E-1,0.E0,6.428712326917E-1));
#16949=AXIS2_PLACEMENT_3D('',#16946,#16947,#16948);
#16950=PLANE('',#16949);
#16951=ORIENTED_EDGE('',*,*,#10268,.F.);
#16953=ORIENTED_EDGE('',*,*,#16952,.T.);
#16954=ORIENTED_EDGE('',*,*,#13461,.T.);
#16955=ORIENTED_EDGE('',*,*,#16939,.F.);
#16956=EDGE_LOOP('',(#16951,#16953,#16954,#16955));
#16957=FACE_OUTER_BOUND('',#16956,.F.);
#16958=ADVANCED_FACE('',(#16957),#16950,.T.);
#16959=CARTESIAN_POINT('',(6.086699149653E1,3.E1,-2.625000044703E0));
#16960=DIRECTION('',(0.E0,0.E0,-1.E0));
#16961=DIRECTION('',(-1.E0,0.E0,0.E0));
#16962=AXIS2_PLACEMENT_3D('',#16959,#16960,#16961);
#16963=PLANE('',#16962);
#16964=ORIENTED_EDGE('',*,*,#10266,.F.);
#16966=ORIENTED_EDGE('',*,*,#16965,.T.);
#16967=ORIENTED_EDGE('',*,*,#13463,.T.);
#16968=ORIENTED_EDGE('',*,*,#16952,.F.);
#16969=EDGE_LOOP('',(#16964,#16966,#16967,#16968));
#16970=FACE_OUTER_BOUND('',#16969,.F.);
#16971=ADVANCED_FACE('',(#16970),#16963,.T.);
#16972=CARTESIAN_POINT('',(6.153720418260E1,3.E1,-2.062499910593E0));
#16973=DIRECTION('',(6.428713836414E-1,0.E0,-7.659741406177E-1));
#16974=DIRECTION('',(-7.659741406177E-1,0.E0,-6.428713836414E-1));
#16975=AXIS2_PLACEMENT_3D('',#16972,#16973,#16974);
#16976=PLANE('',#16975);
#16977=ORIENTED_EDGE('',*,*,#10264,.F.);
#16979=ORIENTED_EDGE('',*,*,#16978,.T.);
#16980=ORIENTED_EDGE('',*,*,#13465,.T.);
#16981=ORIENTED_EDGE('',*,*,#16965,.F.);
#16982=EDGE_LOOP('',(#16977,#16979,#16980,#16981));
#16983=FACE_OUTER_BOUND('',#16982,.F.);
#16984=ADVANCED_FACE('',(#16983),#16976,.T.);
#16985=CARTESIAN_POINT('',(6.153720418260E1,3.E1,-1.499999910593E0));
#16986=DIRECTION('',(1.E0,0.E0,0.E0));
#16987=DIRECTION('',(0.E0,0.E0,-1.E0));
#16988=AXIS2_PLACEMENT_3D('',#16985,#16986,#16987);
#16989=PLANE('',#16988);
#16990=ORIENTED_EDGE('',*,*,#10262,.F.);
#16991=ORIENTED_EDGE('',*,*,#16915,.T.);
#16992=ORIENTED_EDGE('',*,*,#13467,.T.);
#16993=ORIENTED_EDGE('',*,*,#16978,.F.);
#16994=EDGE_LOOP('',(#16990,#16991,#16992,#16993));
#16995=FACE_OUTER_BOUND('',#16994,.F.);
#16996=ADVANCED_FACE('',(#16995),#16989,.T.);
#16997=CARTESIAN_POINT('',(5.933507651732E1,3.E1,0.E0));
#16998=DIRECTION('',(8.906053746977E-1,0.E0,-4.547769415434E-1));
#16999=DIRECTION('',(-4.547769415434E-1,0.E0,-8.906053746977E-1));
#17000=AXIS2_PLACEMENT_3D('',#16997,#16998,#16999);
#17001=PLANE('',#17000);
#17002=ORIENTED_EDGE('',*,*,#10276,.F.);
#17004=ORIENTED_EDGE('',*,*,#17003,.T.);
#17005=ORIENTED_EDGE('',*,*,#13477,.T.);
#17007=ORIENTED_EDGE('',*,*,#17006,.F.);
#17008=EDGE_LOOP('',(#17002,#17004,#17005,#17007));
#17009=FACE_OUTER_BOUND('',#17008,.F.);
#17010=ADVANCED_FACE('',(#17009),#17001,.T.);
#17011=CARTESIAN_POINT('',(5.943082118675E1,3.E1,-1.875000894070E-1));
#17012=DIRECTION('',(-8.906053746977E-1,0.E0,-4.547769415434E-1));
#17013=DIRECTION('',(-4.547769415434E-1,0.E0,8.906053746977E-1));
#17014=AXIS2_PLACEMENT_3D('',#17011,#17012,#17013);
#17015=PLANE('',#17014);
#17016=ORIENTED_EDGE('',*,*,#10342,.F.);
#17018=ORIENTED_EDGE('',*,*,#17017,.T.);
#17019=ORIENTED_EDGE('',*,*,#13479,.T.);
#17020=ORIENTED_EDGE('',*,*,#17003,.F.);
#17021=EDGE_LOOP('',(#17016,#17018,#17019,#17020));
#17022=FACE_OUTER_BOUND('',#17021,.F.);
#17023=ADVANCED_FACE('',(#17022),#17015,.T.);
#17024=CARTESIAN_POINT('',(5.971805519506E1,3.E1,-4.687500894070E-1));
#17025=DIRECTION('',(-6.996248351869E-1,0.E0,-7.145103848018E-1));
#17026=DIRECTION('',(-7.145103848018E-1,0.E0,6.996248351869E-1));
#17027=AXIS2_PLACEMENT_3D('',#17024,#17025,#17026);
#17028=PLANE('',#17027);
#17029=ORIENTED_EDGE('',*,*,#10340,.F.);
#17031=ORIENTED_EDGE('',*,*,#17030,.T.);
#17032=ORIENTED_EDGE('',*,*,#13481,.T.);
#17033=ORIENTED_EDGE('',*,*,#17017,.F.);
#17034=EDGE_LOOP('',(#17029,#17031,#17032,#17033));
#17035=FACE_OUTER_BOUND('',#17034,.F.);
#17036=ADVANCED_FACE('',(#17035),#17028,.T.);
#17037=CARTESIAN_POINT('',(6.010103387281E1,3.E1,-6.562499105930E-1));
#17038=DIRECTION('',(-4.397131575602E-1,0.E0,-8.981382627794E-1));
#17039=DIRECTION('',(-8.981382627794E-1,0.E0,4.397131575602E-1));
#17040=AXIS2_PLACEMENT_3D('',#17037,#17038,#17039);
#17041=PLANE('',#17040);
#17042=ORIENTED_EDGE('',*,*,#10338,.F.);
#17044=ORIENTED_EDGE('',*,*,#17043,.T.);
#17045=ORIENTED_EDGE('',*,*,#13483,.T.);
#17046=ORIENTED_EDGE('',*,*,#17030,.F.);
#17047=EDGE_LOOP('',(#17042,#17044,#17045,#17046));
#17048=FACE_OUTER_BOUND('',#17047,.F.);
#17049=ADVANCED_FACE('',(#17048),#17041,.T.);
#17050=CARTESIAN_POINT('',(6.038826788113E1,3.E1,-6.562499105930E-1));
#17051=DIRECTION('',(0.E0,0.E0,-1.E0));
#17052=DIRECTION('',(-1.E0,0.E0,0.E0));
#17053=AXIS2_PLACEMENT_3D('',#17050,#17051,#17052);
#17054=PLANE('',#17053);
#17055=ORIENTED_EDGE('',*,*,#10336,.F.);
#17057=ORIENTED_EDGE('',*,*,#17056,.T.);
#17058=ORIENTED_EDGE('',*,*,#13485,.T.);
#17059=ORIENTED_EDGE('',*,*,#17043,.F.);
#17060=EDGE_LOOP('',(#17055,#17057,#17058,#17059));
#17061=FACE_OUTER_BOUND('',#17060,.F.);
#17062=ADVANCED_FACE('',(#17061),#17054,.T.);
#17063=CARTESIAN_POINT('',(6.086699149653E1,3.E1,-4.687500894070E-1));
#17064=DIRECTION('',(3.646914572143E-1,0.E0,-9.311284234921E-1));
#17065=DIRECTION('',(-9.311284234921E-1,0.E0,-3.646914572143E-1));
#17066=AXIS2_PLACEMENT_3D('',#17063,#17064,#17065);
#17067=PLANE('',#17066);
#17068=ORIENTED_EDGE('',*,*,#10334,.F.);
#17070=ORIENTED_EDGE('',*,*,#17069,.T.);
#17071=ORIENTED_EDGE('',*,*,#13487,.T.);
#17072=ORIENTED_EDGE('',*,*,#17056,.F.);
#17073=EDGE_LOOP('',(#17068,#17070,#17071,#17072));
#17074=FACE_OUTER_BOUND('',#17073,.F.);
#17075=ADVANCED_FACE('',(#17074),#17067,.T.);
#17076=CARTESIAN_POINT('',(6.115422550485E1,3.E1,-1.875000894070E-1));
#17077=DIRECTION('',(6.996248351869E-1,0.E0,-7.145103848018E-1));
#17078=DIRECTION('',(-7.145103848018E-1,0.E0,-6.996248351869E-1));
#17079=AXIS2_PLACEMENT_3D('',#17076,#17077,#17078);
#17080=PLANE('',#17079);
#17081=ORIENTED_EDGE('',*,*,#10332,.F.);
#17083=ORIENTED_EDGE('',*,*,#17082,.T.);
#17084=ORIENTED_EDGE('',*,*,#13489,.T.);
#17085=ORIENTED_EDGE('',*,*,#17069,.F.);
#17086=EDGE_LOOP('',(#17081,#17083,#17084,#17085));
#17087=FACE_OUTER_BOUND('',#17086,.F.);
#17088=ADVANCED_FACE('',(#17087),#17080,.T.);
#17089=CARTESIAN_POINT('',(6.144145951316E1,3.E1,2.8125E-1));
#17090=DIRECTION('',(8.526534670056E-1,0.E0,-5.224768561414E-1));
#17091=DIRECTION('',(-5.224768561414E-1,0.E0,-8.526534670056E-1));
#17092=AXIS2_PLACEMENT_3D('',#17089,#17090,#17091);
#17093=PLANE('',#17092);
#17094=ORIENTED_EDGE('',*,*,#10330,.F.);
#17096=ORIENTED_EDGE('',*,*,#17095,.T.);
#17097=ORIENTED_EDGE('',*,*,#13491,.T.);
#17098=ORIENTED_EDGE('',*,*,#17082,.F.);
#17099=EDGE_LOOP('',(#17094,#17096,#17097,#17098));
#17100=FACE_OUTER_BOUND('',#17099,.F.);
#17101=ADVANCED_FACE('',(#17100),#17093,.T.);
#17102=CARTESIAN_POINT('',(6.153720418260E1,3.E1,7.499998211861E-1));
#17103=DIRECTION('',(9.797706943097E-1,0.E0,-2.001234283435E-1));
#17104=DIRECTION('',(-2.001234283435E-1,0.E0,-9.797706943097E-1));
#17105=AXIS2_PLACEMENT_3D('',#17102,#17103,#17104);
#17106=PLANE('',#17105);
#17107=ORIENTED_EDGE('',*,*,#10328,.F.);
#17109=ORIENTED_EDGE('',*,*,#17108,.T.);
#17110=ORIENTED_EDGE('',*,*,#13493,.T.);
#17111=ORIENTED_EDGE('',*,*,#17095,.F.);
#17112=EDGE_LOOP('',(#17107,#17109,#17110,#17111));
#17113=FACE_OUTER_BOUND('',#17112,.F.);
#17114=ADVANCED_FACE('',(#17113),#17106,.T.);
#17115=CARTESIAN_POINT('',(6.153720418260E1,3.E1,1.125E0));
#17116=DIRECTION('',(1.E0,0.E0,0.E0));
#17117=DIRECTION('',(0.E0,0.E0,-1.E0));
#17118=AXIS2_PLACEMENT_3D('',#17115,#17116,#17117);
#17119=PLANE('',#17118);
#17120=ORIENTED_EDGE('',*,*,#10326,.F.);
#17122=ORIENTED_EDGE('',*,*,#17121,.T.);
#17123=ORIENTED_EDGE('',*,*,#13495,.T.);
#17124=ORIENTED_EDGE('',*,*,#17108,.F.);
#17125=EDGE_LOOP('',(#17120,#17122,#17123,#17124));
#17126=FACE_OUTER_BOUND('',#17125,.F.);
#17127=ADVANCED_FACE('',(#17126),#17119,.T.);
#17128=CARTESIAN_POINT('',(6.144145951316E1,3.E1,1.593749821186E0));
#17129=DIRECTION('',(9.797706943097E-1,0.E0,2.001234283435E-1));
#17130=DIRECTION('',(2.001234283435E-1,0.E0,-9.797706943097E-1));
#17131=AXIS2_PLACEMENT_3D('',#17128,#17129,#17130);
#17132=PLANE('',#17131);
#17133=ORIENTED_EDGE('',*,*,#10324,.F.);
#17135=ORIENTED_EDGE('',*,*,#17134,.T.);
#17136=ORIENTED_EDGE('',*,*,#13497,.T.);
#17137=ORIENTED_EDGE('',*,*,#17121,.F.);
#17138=EDGE_LOOP('',(#17133,#17135,#17136,#17137));
#17139=FACE_OUTER_BOUND('',#17138,.F.);
#17140=ADVANCED_FACE('',(#17139),#17132,.T.);
#17141=CARTESIAN_POINT('',(6.115422550485E1,3.E1,2.062500178814E0));
#17142=DIRECTION('',(8.526536001913E-1,0.E0,5.224766387895E-1));
#17143=DIRECTION('',(5.224766387895E-1,0.E0,-8.526536001913E-1));
#17144=AXIS2_PLACEMENT_3D('',#17141,#17142,#17143);
#17145=PLANE('',#17144);
#17146=ORIENTED_EDGE('',*,*,#10322,.F.);
#17148=ORIENTED_EDGE('',*,*,#17147,.T.);
#17149=ORIENTED_EDGE('',*,*,#13499,.T.);
#17150=ORIENTED_EDGE('',*,*,#17134,.F.);
#17151=EDGE_LOOP('',(#17146,#17148,#17149,#17150));
#17152=FACE_OUTER_BOUND('',#17151,.F.);
#17153=ADVANCED_FACE('',(#17152),#17145,.T.);
#17154=CARTESIAN_POINT('',(6.086699149653E1,3.E1,2.343750178814E0));
#17155=DIRECTION('',(6.996248351869E-1,0.E0,7.145103848018E-1));
#17156=DIRECTION('',(7.145103848018E-1,0.E0,-6.996248351869E-1));
#17157=AXIS2_PLACEMENT_3D('',#17154,#17155,#17156);
#17158=PLANE('',#17157);
#17159=ORIENTED_EDGE('',*,*,#10320,.F.);
#17161=ORIENTED_EDGE('',*,*,#17160,.T.);
#17162=ORIENTED_EDGE('',*,*,#13501,.T.);
#17163=ORIENTED_EDGE('',*,*,#17147,.F.);
#17164=EDGE_LOOP('',(#17159,#17161,#17162,#17163));
#17165=FACE_OUTER_BOUND('',#17164,.F.);
#17166=ADVANCED_FACE('',(#17165),#17158,.T.);
#17167=CARTESIAN_POINT('',(6.038826788113E1,3.E1,2.53125E0));
#17168=DIRECTION('',(3.646914572143E-1,0.E0,9.311284234921E-1));
#17169=DIRECTION('',(9.311284234921E-1,0.E0,-3.646914572143E-1));
#17170=AXIS2_PLACEMENT_3D('',#17167,#17168,#17169);
#17171=PLANE('',#17170);
#17172=ORIENTED_EDGE('',*,*,#10318,.F.);
#17174=ORIENTED_EDGE('',*,*,#17173,.T.);
#17175=ORIENTED_EDGE('',*,*,#13503,.T.);
#17176=ORIENTED_EDGE('',*,*,#17160,.F.);
#17177=EDGE_LOOP('',(#17172,#17174,#17175,#17176));
#17178=FACE_OUTER_BOUND('',#17177,.F.);
#17179=ADVANCED_FACE('',(#17178),#17171,.T.);
#17180=CARTESIAN_POINT('',(6.010103387281E1,3.E1,2.53125E0));
#17181=DIRECTION('',(0.E0,0.E0,1.E0));
#17182=DIRECTION('',(1.E0,0.E0,0.E0));
#17183=AXIS2_PLACEMENT_3D('',#17180,#17181,#17182);
#17184=PLANE('',#17183);
#17185=ORIENTED_EDGE('',*,*,#10316,.F.);
#17187=ORIENTED_EDGE('',*,*,#17186,.T.);
#17188=ORIENTED_EDGE('',*,*,#13505,.T.);
#17189=ORIENTED_EDGE('',*,*,#17173,.F.);
#17190=EDGE_LOOP('',(#17185,#17187,#17188,#17189));
#17191=FACE_OUTER_BOUND('',#17190,.F.);
#17192=ADVANCED_FACE('',(#17191),#17184,.T.);
#17193=CARTESIAN_POINT('',(5.971805519506E1,3.E1,2.343750178814E0));
#17194=DIRECTION('',(-4.397131575602E-1,0.E0,8.981382627794E-1));
#17195=DIRECTION('',(8.981382627794E-1,0.E0,4.397131575602E-1));
#17196=AXIS2_PLACEMENT_3D('',#17193,#17194,#17195);
#17197=PLANE('',#17196);
#17198=ORIENTED_EDGE('',*,*,#10314,.F.);
#17200=ORIENTED_EDGE('',*,*,#17199,.T.);
#17201=ORIENTED_EDGE('',*,*,#13507,.T.);
#17202=ORIENTED_EDGE('',*,*,#17186,.F.);
#17203=EDGE_LOOP('',(#17198,#17200,#17201,#17202));
#17204=FACE_OUTER_BOUND('',#17203,.F.);
#17205=ADVANCED_FACE('',(#17204),#17197,.T.);
#17206=CARTESIAN_POINT('',(5.943082118675E1,3.E1,2.062500178814E0));
#17207=DIRECTION('',(-6.996248351869E-1,0.E0,7.145103848018E-1));
#17208=DIRECTION('',(7.145103848018E-1,0.E0,6.996248351869E-1));
#17209=AXIS2_PLACEMENT_3D('',#17206,#17207,#17208);
#17210=PLANE('',#17209);
#17211=ORIENTED_EDGE('',*,*,#10312,.F.);
#17213=ORIENTED_EDGE('',*,*,#17212,.T.);
#17214=ORIENTED_EDGE('',*,*,#13509,.T.);
#17215=ORIENTED_EDGE('',*,*,#17199,.F.);
#17216=EDGE_LOOP('',(#17211,#17213,#17214,#17215));
#17217=FACE_OUTER_BOUND('',#17216,.F.);
#17218=ADVANCED_FACE('',(#17217),#17210,.T.);
#17219=CARTESIAN_POINT('',(5.933507651732E1,3.E1,1.874999821186E0));
#17220=DIRECTION('',(-8.906056381928E-1,0.E0,4.547764255314E-1));
#17221=DIRECTION('',(4.547764255314E-1,0.E0,8.906056381928E-1));
#17222=AXIS2_PLACEMENT_3D('',#17219,#17220,#17221);
#17223=PLANE('',#17222);
#17224=ORIENTED_EDGE('',*,*,#10310,.F.);
#17226=ORIENTED_EDGE('',*,*,#17225,.T.);
#17227=ORIENTED_EDGE('',*,*,#13511,.T.);
#17228=ORIENTED_EDGE('',*,*,#17212,.F.);
#17229=EDGE_LOOP('',(#17224,#17226,#17227,#17228));
#17230=FACE_OUTER_BOUND('',#17229,.F.);
#17231=ADVANCED_FACE('',(#17230),#17223,.T.);
#17232=CARTESIAN_POINT('',(5.923933184788E1,3.E1,2.062500178814E0));
#17233=DIRECTION('',(8.906056381928E-1,0.E0,4.547764255314E-1));
#17234=DIRECTION('',(4.547764255314E-1,0.E0,-8.906056381928E-1));
#17235=AXIS2_PLACEMENT_3D('',#17232,#17233,#17234);
#17236=PLANE('',#17235);
#17237=ORIENTED_EDGE('',*,*,#10308,.F.);
#17239=ORIENTED_EDGE('',*,*,#17238,.T.);
#17240=ORIENTED_EDGE('',*,*,#13513,.T.);
#17241=ORIENTED_EDGE('',*,*,#17225,.F.);
#17242=EDGE_LOOP('',(#17237,#17239,#17240,#17241));
#17243=FACE_OUTER_BOUND('',#17242,.F.);
#17244=ADVANCED_FACE('',(#17243),#17236,.T.);
#17245=CARTESIAN_POINT('',(5.895209783957E1,3.E1,2.437499821186E0));
#17246=DIRECTION('',(7.938779010506E-1,0.E0,6.080771975856E-1));
#17247=DIRECTION('',(6.080771975856E-1,0.E0,-7.938779010506E-1));
#17248=AXIS2_PLACEMENT_3D('',#17245,#17246,#17247);
#17249=PLANE('',#17248);
#17250=ORIENTED_EDGE('',*,*,#10306,.F.);
#17252=ORIENTED_EDGE('',*,*,#17251,.T.);
#17253=ORIENTED_EDGE('',*,*,#13515,.T.);
#17254=ORIENTED_EDGE('',*,*,#17238,.F.);
#17255=EDGE_LOOP('',(#17250,#17252,#17253,#17254));
#17256=FACE_OUTER_BOUND('',#17255,.F.);
#17257=ADVANCED_FACE('',(#17256),#17249,.T.);
#17258=CARTESIAN_POINT('',(5.847337435827E1,3.E1,2.625000178814E0));
#17259=DIRECTION('',(3.646924504120E-1,0.E0,9.311280344896E-1));
#17260=DIRECTION('',(9.311280344896E-1,0.E0,-3.646924504120E-1));
#17261=AXIS2_PLACEMENT_3D('',#17258,#17259,#17260);
#17262=PLANE('',#17261);
#17263=ORIENTED_EDGE('',*,*,#10304,.F.);
#17265=ORIENTED_EDGE('',*,*,#17264,.T.);
#17266=ORIENTED_EDGE('',*,*,#13517,.T.);
#17267=ORIENTED_EDGE('',*,*,#17251,.F.);
#17268=EDGE_LOOP('',(#17263,#17265,#17266,#17267));
#17269=FACE_OUTER_BOUND('',#17268,.F.);
#17270=ADVANCED_FACE('',(#17269),#17262,.T.);
#17271=CARTESIAN_POINT('',(5.818614034996E1,3.E1,2.625000178814E0));
#17272=DIRECTION('',(0.E0,0.E0,1.E0));
#17273=DIRECTION('',(1.E0,0.E0,0.E0));
#17274=AXIS2_PLACEMENT_3D('',#17271,#17272,#17273);
#17275=PLANE('',#17274);
#17276=ORIENTED_EDGE('',*,*,#10302,.F.);
#17278=ORIENTED_EDGE('',*,*,#17277,.T.);
#17279=ORIENTED_EDGE('',*,*,#13519,.T.);
#17280=ORIENTED_EDGE('',*,*,#17264,.F.);
#17281=EDGE_LOOP('',(#17276,#17278,#17279,#17280));
#17282=FACE_OUTER_BOUND('',#17281,.F.);
#17283=ADVANCED_FACE('',(#17282),#17275,.T.);
#17284=CARTESIAN_POINT('',(5.770741693571E1,3.E1,2.437499821186E0));
#17285=DIRECTION('',(-3.646924947007E-1,0.E0,9.311280171432E-1));
#17286=DIRECTION('',(9.311280171432E-1,0.E0,3.646924947007E-1));
#17287=AXIS2_PLACEMENT_3D('',#17284,#17285,#17286);
#17288=PLANE('',#17287);
#17289=ORIENTED_EDGE('',*,*,#10300,.F.);
#17291=ORIENTED_EDGE('',*,*,#17290,.T.);
#17292=ORIENTED_EDGE('',*,*,#13521,.T.);
#17293=ORIENTED_EDGE('',*,*,#17277,.F.);
#17294=EDGE_LOOP('',(#17289,#17291,#17292,#17293));
#17295=FACE_OUTER_BOUND('',#17294,.F.);
#17296=ADVANCED_FACE('',(#17295),#17288,.T.);
#17297=CARTESIAN_POINT('',(5.742018289387E1,3.E1,2.156249821186E0));
#17298=DIRECTION('',(-6.996247934953E-1,0.E0,7.145104256249E-1));
#17299=DIRECTION('',(7.145104256249E-1,0.E0,6.996247934953E-1));
#17300=AXIS2_PLACEMENT_3D('',#17297,#17298,#17299);
#17301=PLANE('',#17300);
#17302=ORIENTED_EDGE('',*,*,#10298,.F.);
#17304=ORIENTED_EDGE('',*,*,#17303,.T.);
#17305=ORIENTED_EDGE('',*,*,#13523,.T.);
#17306=ORIENTED_EDGE('',*,*,#17290,.F.);
#17307=EDGE_LOOP('',(#17302,#17304,#17305,#17306));
#17308=FACE_OUTER_BOUND('',#17307,.F.);
#17309=ADVANCED_FACE('',(#17308),#17301,.T.);
#17310=CARTESIAN_POINT('',(5.713294886042E1,3.E1,1.6875E0));
#17311=DIRECTION('',(-8.526533134429E-1,0.E0,5.224771067470E-1));
#17312=DIRECTION('',(5.224771067470E-1,0.E0,8.526533134429E-1));
#17313=AXIS2_PLACEMENT_3D('',#17310,#17311,#17312);
#17314=PLANE('',#17313);
#17315=ORIENTED_EDGE('',*,*,#10296,.F.);
#17317=ORIENTED_EDGE('',*,*,#17316,.T.);
#17318=ORIENTED_EDGE('',*,*,#13525,.T.);
#17319=ORIENTED_EDGE('',*,*,#17303,.F.);
#17320=EDGE_LOOP('',(#17315,#17317,#17318,#17319));
#17321=FACE_OUTER_BOUND('',#17320,.F.);
#17322=ADVANCED_FACE('',(#17321),#17314,.T.);
#17323=CARTESIAN_POINT('',(5.703720418260E1,3.E1,1.218750178814E0));
#17324=DIRECTION('',(-9.797706908745E-1,0.E0,2.001234451615E-1));
#17325=DIRECTION('',(2.001234451615E-1,0.E0,9.797706908745E-1));
#17326=AXIS2_PLACEMENT_3D('',#17323,#17324,#17325);
#17327=PLANE('',#17326);
#17328=ORIENTED_EDGE('',*,*,#10294,.F.);
#17330=ORIENTED_EDGE('',*,*,#17329,.T.);
#17331=ORIENTED_EDGE('',*,*,#13527,.T.);
#17332=ORIENTED_EDGE('',*,*,#17316,.F.);
#17333=EDGE_LOOP('',(#17328,#17330,#17331,#17332));
#17334=FACE_OUTER_BOUND('',#17333,.F.);
#17335=ADVANCED_FACE('',(#17334),#17327,.T.);
#17336=CARTESIAN_POINT('',(5.703720418260E1,3.E1,6.562501788139E-1));
#17337=DIRECTION('',(-1.E0,0.E0,0.E0));
#17338=DIRECTION('',(0.E0,0.E0,1.E0));
#17339=AXIS2_PLACEMENT_3D('',#17336,#17337,#17338);
#17340=PLANE('',#17339);
#17341=ORIENTED_EDGE('',*,*,#10292,.F.);
#17343=ORIENTED_EDGE('',*,*,#17342,.T.);
#17344=ORIENTED_EDGE('',*,*,#13529,.T.);
#17345=ORIENTED_EDGE('',*,*,#17329,.F.);
#17346=EDGE_LOOP('',(#17341,#17343,#17344,#17345));
#17347=FACE_OUTER_BOUND('',#17346,.F.);
#17348=ADVANCED_FACE('',(#17347),#17340,.T.);
#17349=CARTESIAN_POINT('',(5.713294886042E1,3.E1,1.874998211861E-1));
#17350=DIRECTION('',(-9.797707357802E-1,0.E0,-2.001232253108E-1));
#17351=DIRECTION('',(-2.001232253108E-1,0.E0,9.797707357802E-1));
#17352=AXIS2_PLACEMENT_3D('',#17349,#17350,#17351);
#17353=PLANE('',#17352);
#17354=ORIENTED_EDGE('',*,*,#10290,.F.);
#17356=ORIENTED_EDGE('',*,*,#17355,.T.);
#17357=ORIENTED_EDGE('',*,*,#13531,.T.);
#17358=ORIENTED_EDGE('',*,*,#17342,.F.);
#17359=EDGE_LOOP('',(#17354,#17356,#17357,#17358));
#17360=FACE_OUTER_BOUND('',#17359,.F.);
#17361=ADVANCED_FACE('',(#17360),#17353,.T.);
#17362=CARTESIAN_POINT('',(5.742018289387E1,3.E1,-2.8125E-1));
#17363=DIRECTION('',(-8.526533134429E-1,0.E0,-5.224771067470E-1));
#17364=DIRECTION('',(-5.224771067470E-1,0.E0,8.526533134429E-1));
#17365=AXIS2_PLACEMENT_3D('',#17362,#17363,#17364);
#17366=PLANE('',#17365);
#17367=ORIENTED_EDGE('',*,*,#10288,.F.);
#17369=ORIENTED_EDGE('',*,*,#17368,.T.);
#17370=ORIENTED_EDGE('',*,*,#13533,.T.);
#17371=ORIENTED_EDGE('',*,*,#17355,.F.);
#17372=EDGE_LOOP('',(#17367,#17369,#17370,#17371));
#17373=FACE_OUTER_BOUND('',#17372,.F.);
#17374=ADVANCED_FACE('',(#17373),#17366,.T.);
#17375=CARTESIAN_POINT('',(5.770741693571E1,3.E1,-5.625E-1));
#17376=DIRECTION('',(-6.996247934953E-1,0.E0,-7.145104256249E-1));
#17377=DIRECTION('',(-7.145104256249E-1,0.E0,6.996247934953E-1));
#17378=AXIS2_PLACEMENT_3D('',#17375,#17376,#17377);
#17379=PLANE('',#17378);
#17380=ORIENTED_EDGE('',*,*,#10286,.F.);
#17382=ORIENTED_EDGE('',*,*,#17381,.T.);
#17383=ORIENTED_EDGE('',*,*,#13535,.T.);
#17384=ORIENTED_EDGE('',*,*,#17368,.F.);
#17385=EDGE_LOOP('',(#17380,#17382,#17383,#17384));
#17386=FACE_OUTER_BOUND('',#17385,.F.);
#17387=ADVANCED_FACE('',(#17386),#17379,.T.);
#17388=CARTESIAN_POINT('',(5.818614034996E1,3.E1,-7.500000894070E-1));
#17389=DIRECTION('',(-3.646920423907E-1,0.E0,-9.311281942981E-1));
#17390=DIRECTION('',(-9.311281942981E-1,0.E0,3.646920423907E-1));
#17391=AXIS2_PLACEMENT_3D('',#17388,#17389,#17390);
#17392=PLANE('',#17391);
#17393=ORIENTED_EDGE('',*,*,#10284,.F.);
#17395=ORIENTED_EDGE('',*,*,#17394,.T.);
#17396=ORIENTED_EDGE('',*,*,#13537,.T.);
#17397=ORIENTED_EDGE('',*,*,#17381,.F.);
#17398=EDGE_LOOP('',(#17393,#17395,#17396,#17397));
#17399=FACE_OUTER_BOUND('',#17398,.F.);
#17400=ADVANCED_FACE('',(#17399),#17392,.T.);
#17401=CARTESIAN_POINT('',(5.847337435827E1,3.E1,-7.500000894070E-1));
#17402=DIRECTION('',(0.E0,0.E0,-1.E0));
#17403=DIRECTION('',(-1.E0,0.E0,0.E0));
#17404=AXIS2_PLACEMENT_3D('',#17401,#17402,#17403);
#17405=PLANE('',#17404);
#17406=ORIENTED_EDGE('',*,*,#10282,.F.);
#17408=ORIENTED_EDGE('',*,*,#17407,.T.);
#17409=ORIENTED_EDGE('',*,*,#13539,.T.);
#17410=ORIENTED_EDGE('',*,*,#17394,.F.);
#17411=EDGE_LOOP('',(#17406,#17408,#17409,#17410));
#17412=FACE_OUTER_BOUND('',#17411,.F.);
#17413=ADVANCED_FACE('',(#17412),#17405,.T.);
#17414=CARTESIAN_POINT('',(5.895209783957E1,3.E1,-5.625E-1));
#17415=DIRECTION('',(3.646919981020E-1,0.E0,-9.311282116446E-1));
#17416=DIRECTION('',(-9.311282116446E-1,0.E0,-3.646919981020E-1));
#17417=AXIS2_PLACEMENT_3D('',#17414,#17415,#17416);
#17418=PLANE('',#17417);
#17419=ORIENTED_EDGE('',*,*,#10280,.F.);
#17421=ORIENTED_EDGE('',*,*,#17420,.T.);
#17422=ORIENTED_EDGE('',*,*,#13541,.T.);
#17423=ORIENTED_EDGE('',*,*,#17407,.F.);
#17424=EDGE_LOOP('',(#17419,#17421,#17422,#17423));
#17425=FACE_OUTER_BOUND('',#17424,.F.);
#17426=ADVANCED_FACE('',(#17425),#17418,.T.);
#17427=CARTESIAN_POINT('',(5.923933184788E1,3.E1,-1.875000894070E-1));
#17428=DIRECTION('',(7.938781110087E-1,0.E0,-6.080769234738E-1));
#17429=DIRECTION('',(-6.080769234738E-1,0.E0,-7.938781110087E-1));
#17430=AXIS2_PLACEMENT_3D('',#17427,#17428,#17429);
#17431=PLANE('',#17430);
#17432=ORIENTED_EDGE('',*,*,#10278,.F.);
#17433=ORIENTED_EDGE('',*,*,#17006,.T.);
#17434=ORIENTED_EDGE('',*,*,#13543,.T.);
#17435=ORIENTED_EDGE('',*,*,#17420,.F.);
#17436=EDGE_LOOP('',(#17432,#17433,#17434,#17435));
#17437=FACE_OUTER_BOUND('',#17436,.F.);
#17438=ADVANCED_FACE('',(#17437),#17431,.T.);
#17439=CARTESIAN_POINT('',(5.751592759684E1,3.E1,7.499998211861E-1));
#17440=DIRECTION('',(9.689176611437E-1,0.E0,2.473834390653E-1));
#17441=DIRECTION('',(2.473834390653E-1,0.E0,-9.689176611437E-1));
#17442=AXIS2_PLACEMENT_3D('',#17439,#17440,#17441);
#17443=PLANE('',#17442);
#17444=ORIENTED_EDGE('',*,*,#10632,.F.);
#17446=ORIENTED_EDGE('',*,*,#17445,.T.);
#17447=ORIENTED_EDGE('',*,*,#13547,.T.);
#17449=ORIENTED_EDGE('',*,*,#17448,.F.);
#17450=EDGE_LOOP('',(#17444,#17446,#17447,#17449));
#17451=FACE_OUTER_BOUND('',#17450,.F.);
#17452=ADVANCED_FACE('',(#17451),#17443,.T.);
#17453=CARTESIAN_POINT('',(5.751592759684E1,3.E1,1.125E0));
#17454=DIRECTION('',(1.E0,0.E0,0.E0));
#17455=DIRECTION('',(0.E0,0.E0,-1.E0));
#17456=AXIS2_PLACEMENT_3D('',#17453,#17454,#17455);
#17457=PLANE('',#17456);
#17458=ORIENTED_EDGE('',*,*,#10662,.F.);
#17460=ORIENTED_EDGE('',*,*,#17459,.T.);
#17461=ORIENTED_EDGE('',*,*,#13549,.T.);
#17462=ORIENTED_EDGE('',*,*,#17445,.F.);
#17463=EDGE_LOOP('',(#17458,#17460,#17461,#17462));
#17464=FACE_OUTER_BOUND('',#17463,.F.);
#17465=ADVANCED_FACE('',(#17464),#17457,.T.);
#17466=CARTESIAN_POINT('',(5.761167226628E1,3.E1,1.500000178814E0));
#17467=DIRECTION('',(9.689177459678E-1,0.E0,-2.473831068378E-1));
#17468=DIRECTION('',(-2.473831068378E-1,0.E0,-9.689177459678E-1));
#17469=AXIS2_PLACEMENT_3D('',#17466,#17467,#17468);
#17470=PLANE('',#17469);
#17471=ORIENTED_EDGE('',*,*,#10660,.F.);
#17473=ORIENTED_EDGE('',*,*,#17472,.T.);
#17474=ORIENTED_EDGE('',*,*,#13551,.T.);
#17475=ORIENTED_EDGE('',*,*,#17459,.F.);
#17476=EDGE_LOOP('',(#17471,#17473,#17474,#17475));
#17477=FACE_OUTER_BOUND('',#17476,.F.);
#17478=ADVANCED_FACE('',(#17477),#17470,.T.);
#17479=CARTESIAN_POINT('',(5.780316160515E1,3.E1,1.874999821186E0));
#17480=DIRECTION('',(8.906051112017E-1,0.E0,-4.547774575564E-1));
#17481=DIRECTION('',(-4.547774575564E-1,0.E0,-8.906051112017E-1));
#17482=AXIS2_PLACEMENT_3D('',#17479,#17480,#17481);
#17483=PLANE('',#17482);
#17484=ORIENTED_EDGE('',*,*,#10658,.F.);
#17486=ORIENTED_EDGE('',*,*,#17485,.T.);
#17487=ORIENTED_EDGE('',*,*,#13553,.T.);
#17488=ORIENTED_EDGE('',*,*,#17472,.F.);
#17489=EDGE_LOOP('',(#17484,#17486,#17487,#17488));
#17490=FACE_OUTER_BOUND('',#17489,.F.);
#17491=ADVANCED_FACE('',(#17490),#17483,.T.);
#17492=CARTESIAN_POINT('',(5.818614034996E1,3.E1,2.156249821186E0));
#17493=DIRECTION('',(5.919094814228E-1,0.E0,-8.060044452742E-1));
#17494=DIRECTION('',(-8.060044452742E-1,0.E0,-5.919094814228E-1));
#17495=AXIS2_PLACEMENT_3D('',#17492,#17493,#17494);
#17496=PLANE('',#17495);
#17497=ORIENTED_EDGE('',*,*,#10656,.F.);
#17499=ORIENTED_EDGE('',*,*,#17498,.T.);
#17500=ORIENTED_EDGE('',*,*,#13555,.T.);
#17501=ORIENTED_EDGE('',*,*,#17485,.F.);
#17502=EDGE_LOOP('',(#17497,#17499,#17500,#17501));
#17503=FACE_OUTER_BOUND('',#17502,.F.);
#17504=ADVANCED_FACE('',(#17503),#17496,.T.);
#17505=CARTESIAN_POINT('',(5.847337435827E1,3.E1,2.156249821186E0));
#17506=DIRECTION('',(0.E0,0.E0,-1.E0));
#17507=DIRECTION('',(-1.E0,0.E0,0.E0));
#17508=AXIS2_PLACEMENT_3D('',#17505,#17506,#17507);
#17509=PLANE('',#17508);
#17510=ORIENTED_EDGE('',*,*,#10654,.F.);
#17512=ORIENTED_EDGE('',*,*,#17511,.T.);
#17513=ORIENTED_EDGE('',*,*,#13557,.T.);
#17514=ORIENTED_EDGE('',*,*,#17498,.F.);
#17515=EDGE_LOOP('',(#17510,#17512,#17513,#17514));
#17516=FACE_OUTER_BOUND('',#17515,.F.);
#17517=ADVANCED_FACE('',(#17516),#17509,.T.);
#17518=CARTESIAN_POINT('',(5.885635317013E1,3.E1,1.874999821186E0));
#17519=DIRECTION('',(-5.919094140959E-1,0.E0,-8.060044947174E-1));
#17520=DIRECTION('',(-8.060044947174E-1,0.E0,5.919094140959E-1));
#17521=AXIS2_PLACEMENT_3D('',#17518,#17519,#17520);
#17522=PLANE('',#17521);
#17523=ORIENTED_EDGE('',*,*,#10652,.F.);
#17525=ORIENTED_EDGE('',*,*,#17524,.T.);
#17526=ORIENTED_EDGE('',*,*,#13559,.T.);
#17527=ORIENTED_EDGE('',*,*,#17511,.F.);
#17528=EDGE_LOOP('',(#17523,#17525,#17526,#17527));
#17529=FACE_OUTER_BOUND('',#17528,.F.);
#17530=ADVANCED_FACE('',(#17529),#17522,.T.);
#17531=CARTESIAN_POINT('',(5.904784250900E1,3.E1,1.500000178814E0));
#17532=DIRECTION('',(-8.906051112017E-1,0.E0,-4.547774575564E-1));
#17533=DIRECTION('',(-4.547774575564E-1,0.E0,8.906051112017E-1));
#17534=AXIS2_PLACEMENT_3D('',#17531,#17532,#17533);
#17535=PLANE('',#17534);
#17536=ORIENTED_EDGE('',*,*,#10650,.F.);
#17538=ORIENTED_EDGE('',*,*,#17537,.T.);
#17539=ORIENTED_EDGE('',*,*,#13561,.T.);
#17540=ORIENTED_EDGE('',*,*,#17524,.F.);
#17541=EDGE_LOOP('',(#17536,#17538,#17539,#17540));
#17542=FACE_OUTER_BOUND('',#17541,.F.);
#17543=ADVANCED_FACE('',(#17542),#17535,.T.);
#17544=CARTESIAN_POINT('',(5.914358717844E1,3.E1,1.125E0));
#17545=DIRECTION('',(-9.689177459678E-1,0.E0,-2.473831068378E-1));
#17546=DIRECTION('',(-2.473831068378E-1,0.E0,9.689177459678E-1));
#17547=AXIS2_PLACEMENT_3D('',#17544,#17545,#17546);
#17548=PLANE('',#17547);
#17549=ORIENTED_EDGE('',*,*,#10648,.F.);
#17551=ORIENTED_EDGE('',*,*,#17550,.T.);
#17552=ORIENTED_EDGE('',*,*,#13563,.T.);
#17553=ORIENTED_EDGE('',*,*,#17537,.F.);
#17554=EDGE_LOOP('',(#17549,#17551,#17552,#17553));
#17555=FACE_OUTER_BOUND('',#17554,.F.);
#17556=ADVANCED_FACE('',(#17555),#17548,.T.);
#17557=CARTESIAN_POINT('',(5.914358717844E1,3.E1,7.499998211861E-1));
#17558=DIRECTION('',(-1.E0,0.E0,0.E0));
#17559=DIRECTION('',(0.E0,0.E0,1.E0));
#17560=AXIS2_PLACEMENT_3D('',#17557,#17558,#17559);
#17561=PLANE('',#17560);
#17562=ORIENTED_EDGE('',*,*,#10646,.F.);
#17564=ORIENTED_EDGE('',*,*,#17563,.T.);
#17565=ORIENTED_EDGE('',*,*,#13565,.T.);
#17566=ORIENTED_EDGE('',*,*,#17550,.F.);
#17567=EDGE_LOOP('',(#17562,#17564,#17565,#17566));
#17568=FACE_OUTER_BOUND('',#17567,.F.);
#17569=ADVANCED_FACE('',(#17568),#17561,.T.);
#17570=CARTESIAN_POINT('',(5.904784250900E1,3.E1,3.750001788139E-1));
#17571=DIRECTION('',(-9.689176611437E-1,0.E0,2.473834390653E-1));
#17572=DIRECTION('',(2.473834390653E-1,0.E0,9.689176611437E-1));
#17573=AXIS2_PLACEMENT_3D('',#17570,#17571,#17572);
#17574=PLANE('',#17573);
#17575=ORIENTED_EDGE('',*,*,#10644,.F.);
#17577=ORIENTED_EDGE('',*,*,#17576,.T.);
#17578=ORIENTED_EDGE('',*,*,#13567,.T.);
#17579=ORIENTED_EDGE('',*,*,#17563,.F.);
#17580=EDGE_LOOP('',(#17575,#17577,#17578,#17579));
#17581=FACE_OUTER_BOUND('',#17580,.F.);
#17582=ADVANCED_FACE('',(#17581),#17574,.T.);
#17583=CARTESIAN_POINT('',(5.885635317013E1,3.E1,0.E0));
#17584=DIRECTION('',(-8.906053746977E-1,0.E0,4.547769415434E-1));
#17585=DIRECTION('',(4.547769415434E-1,0.E0,8.906053746977E-1));
#17586=AXIS2_PLACEMENT_3D('',#17583,#17584,#17585);
#17587=PLANE('',#17586);
#17588=ORIENTED_EDGE('',*,*,#10642,.F.);
#17590=ORIENTED_EDGE('',*,*,#17589,.T.);
#17591=ORIENTED_EDGE('',*,*,#13569,.T.);
#17592=ORIENTED_EDGE('',*,*,#17576,.F.);
#17593=EDGE_LOOP('',(#17588,#17590,#17591,#17592));
#17594=FACE_OUTER_BOUND('',#17593,.F.);
#17595=ADVANCED_FACE('',(#17594),#17587,.T.);
#17596=CARTESIAN_POINT('',(5.847337435827E1,3.E1,-2.8125E-1));
#17597=DIRECTION('',(-5.919094140959E-1,0.E0,8.060044947174E-1));
#17598=DIRECTION('',(8.060044947174E-1,0.E0,5.919094140959E-1));
#17599=AXIS2_PLACEMENT_3D('',#17596,#17597,#17598);
#17600=PLANE('',#17599);
#17601=ORIENTED_EDGE('',*,*,#10640,.F.);
#17603=ORIENTED_EDGE('',*,*,#17602,.T.);
#17604=ORIENTED_EDGE('',*,*,#13571,.T.);
#17605=ORIENTED_EDGE('',*,*,#17589,.F.);
#17606=EDGE_LOOP('',(#17601,#17603,#17604,#17605));
#17607=FACE_OUTER_BOUND('',#17606,.F.);
#17608=ADVANCED_FACE('',(#17607),#17600,.T.);
#17609=CARTESIAN_POINT('',(5.818614034996E1,3.E1,-2.8125E-1));
#17610=DIRECTION('',(0.E0,0.E0,1.E0));
#17611=DIRECTION('',(1.E0,0.E0,0.E0));
#17612=AXIS2_PLACEMENT_3D('',#17609,#17610,#17611);
#17613=PLANE('',#17612);
#17614=ORIENTED_EDGE('',*,*,#10638,.F.);
#17616=ORIENTED_EDGE('',*,*,#17615,.T.);
#17617=ORIENTED_EDGE('',*,*,#13573,.T.);
#17618=ORIENTED_EDGE('',*,*,#17602,.F.);
#17619=EDGE_LOOP('',(#17614,#17616,#17617,#17618));
#17620=FACE_OUTER_BOUND('',#17619,.F.);
#17621=ADVANCED_FACE('',(#17620),#17613,.T.);
#17622=CARTESIAN_POINT('',(5.780316160515E1,3.E1,0.E0));
#17623=DIRECTION('',(5.919094814228E-1,0.E0,8.060044452742E-1));
#17624=DIRECTION('',(8.060044452742E-1,0.E0,-5.919094814228E-1));
#17625=AXIS2_PLACEMENT_3D('',#17622,#17623,#17624);
#17626=PLANE('',#17625);
#17627=ORIENTED_EDGE('',*,*,#10636,.F.);
#17629=ORIENTED_EDGE('',*,*,#17628,.T.);
#17630=ORIENTED_EDGE('',*,*,#13575,.T.);
#17631=ORIENTED_EDGE('',*,*,#17615,.F.);
#17632=EDGE_LOOP('',(#17627,#17629,#17630,#17631));
#17633=FACE_OUTER_BOUND('',#17632,.F.);
#17634=ADVANCED_FACE('',(#17633),#17626,.T.);
#17635=CARTESIAN_POINT('',(5.761167226628E1,3.E1,3.750001788139E-1));
#17636=DIRECTION('',(8.906053746977E-1,0.E0,4.547769415434E-1));
#17637=DIRECTION('',(4.547769415434E-1,0.E0,-8.906053746977E-1));
#17638=AXIS2_PLACEMENT_3D('',#17635,#17636,#17637);
#17639=PLANE('',#17638);
#17640=ORIENTED_EDGE('',*,*,#10634,.F.);
#17641=ORIENTED_EDGE('',*,*,#17448,.T.);
#17642=ORIENTED_EDGE('',*,*,#13577,.T.);
#17643=ORIENTED_EDGE('',*,*,#17628,.F.);
#17644=EDGE_LOOP('',(#17640,#17641,#17642,#17643));
#17645=FACE_OUTER_BOUND('',#17644,.F.);
#17646=ADVANCED_FACE('',(#17645),#17639,.T.);
#17647=CARTESIAN_POINT('',(6.105848083541E1,3.E1,1.125E0));
#17648=DIRECTION('',(-9.689177459678E-1,0.E0,-2.473831068378E-1));
#17649=DIRECTION('',(-2.473831068378E-1,0.E0,9.689177459678E-1));
#17650=AXIS2_PLACEMENT_3D('',#17647,#17648,#17649);
#17651=PLANE('',#17650);
#17652=ORIENTED_EDGE('',*,*,#10672,.F.);
#17654=ORIENTED_EDGE('',*,*,#17653,.T.);
#17655=ORIENTED_EDGE('',*,*,#13581,.T.);
#17657=ORIENTED_EDGE('',*,*,#17656,.F.);
#17658=EDGE_LOOP('',(#17652,#17654,#17655,#17657));
#17659=FACE_OUTER_BOUND('',#17658,.F.);
#17660=ADVANCED_FACE('',(#17659),#17651,.T.);
#17661=CARTESIAN_POINT('',(6.105848083541E1,3.E1,7.499998211861E-1));
#17662=DIRECTION('',(-1.E0,0.E0,0.E0));
#17663=DIRECTION('',(0.E0,0.E0,1.E0));
#17664=AXIS2_PLACEMENT_3D('',#17661,#17662,#17663);
#17665=PLANE('',#17664);
#17666=ORIENTED_EDGE('',*,*,#10702,.F.);
#17668=ORIENTED_EDGE('',*,*,#17667,.T.);
#17669=ORIENTED_EDGE('',*,*,#13583,.T.);
#17670=ORIENTED_EDGE('',*,*,#17653,.F.);
#17671=EDGE_LOOP('',(#17666,#17668,#17669,#17670));
#17672=FACE_OUTER_BOUND('',#17671,.F.);
#17673=ADVANCED_FACE('',(#17672),#17665,.T.);
#17674=CARTESIAN_POINT('',(6.096273616597E1,3.E1,3.750001788139E-1));
#17675=DIRECTION('',(-9.689176611437E-1,0.E0,2.473834390653E-1));
#17676=DIRECTION('',(2.473834390653E-1,0.E0,9.689176611437E-1));
#17677=AXIS2_PLACEMENT_3D('',#17674,#17675,#17676);
#17678=PLANE('',#17677);
#17679=ORIENTED_EDGE('',*,*,#10700,.F.);
#17681=ORIENTED_EDGE('',*,*,#17680,.T.);
#17682=ORIENTED_EDGE('',*,*,#13585,.T.);
#17683=ORIENTED_EDGE('',*,*,#17667,.F.);
#17684=EDGE_LOOP('',(#17679,#17681,#17682,#17683));
#17685=FACE_OUTER_BOUND('',#17684,.F.);
#17686=ADVANCED_FACE('',(#17685),#17678,.T.);
#17687=CARTESIAN_POINT('',(6.067550215766E1,3.E1,0.E0));
#17688=DIRECTION('',(-7.938783209665E-1,0.E0,6.080766493621E-1));
#17689=DIRECTION('',(6.080766493621E-1,0.E0,7.938783209665E-1));
#17690=AXIS2_PLACEMENT_3D('',#17687,#17688,#17689);
#17691=PLANE('',#17690);
#17692=ORIENTED_EDGE('',*,*,#10698,.F.);
#17694=ORIENTED_EDGE('',*,*,#17693,.T.);
#17695=ORIENTED_EDGE('',*,*,#13587,.T.);
#17696=ORIENTED_EDGE('',*,*,#17680,.F.);
#17697=EDGE_LOOP('',(#17692,#17694,#17695,#17696));
#17698=FACE_OUTER_BOUND('',#17697,.F.);
#17699=ADVANCED_FACE('',(#17698),#17691,.T.);
#17700=CARTESIAN_POINT('',(6.038826788113E1,3.E1,-1.875000894070E-1));
#17701=DIRECTION('',(-5.466223714738E-1,0.E0,8.373792348777E-1));
#17702=DIRECTION('',(8.373792348777E-1,0.E0,5.466223714738E-1));
#17703=AXIS2_PLACEMENT_3D('',#17700,#17701,#17702);
#17704=PLANE('',#17703);
#17705=ORIENTED_EDGE('',*,*,#10696,.F.);
#17707=ORIENTED_EDGE('',*,*,#17706,.T.);
#17708=ORIENTED_EDGE('',*,*,#13589,.T.);
#17709=ORIENTED_EDGE('',*,*,#17693,.F.);
#17710=EDGE_LOOP('',(#17705,#17707,#17708,#17709));
#17711=FACE_OUTER_BOUND('',#17710,.F.);
#17712=ADVANCED_FACE('',(#17711),#17704,.T.);
#17713=CARTESIAN_POINT('',(6.019677854225E1,3.E1,-1.875000894070E-1));
#17714=DIRECTION('',(0.E0,0.E0,1.E0));
#17715=DIRECTION('',(1.E0,0.E0,0.E0));
#17716=AXIS2_PLACEMENT_3D('',#17713,#17714,#17715);
#17717=PLANE('',#17716);
#17718=ORIENTED_EDGE('',*,*,#10694,.F.);
#17720=ORIENTED_EDGE('',*,*,#17719,.T.);
#17721=ORIENTED_EDGE('',*,*,#13591,.T.);
#17722=ORIENTED_EDGE('',*,*,#17706,.F.);
#17723=EDGE_LOOP('',(#17718,#17720,#17721,#17722));
#17724=FACE_OUTER_BOUND('',#17723,.F.);
#17725=ADVANCED_FACE('',(#17724),#17717,.T.);
#17726=CARTESIAN_POINT('',(5.990954453394E1,3.E1,0.E0));
#17727=DIRECTION('',(5.466227293958E-1,0.E0,8.373790012342E-1));
#17728=DIRECTION('',(8.373790012342E-1,0.E0,-5.466227293958E-1));
#17729=AXIS2_PLACEMENT_3D('',#17726,#17727,#17728);
#17730=PLANE('',#17729);
#17731=ORIENTED_EDGE('',*,*,#10692,.F.);
#17733=ORIENTED_EDGE('',*,*,#17732,.T.);
#17734=ORIENTED_EDGE('',*,*,#13593,.T.);
#17735=ORIENTED_EDGE('',*,*,#17719,.F.);
#17736=EDGE_LOOP('',(#17731,#17733,#17734,#17735));
#17737=FACE_OUTER_BOUND('',#17736,.F.);
#17738=ADVANCED_FACE('',(#17737),#17730,.T.);
#17739=CARTESIAN_POINT('',(5.962231052563E1,3.E1,3.750001788139E-1));
#17740=DIRECTION('',(7.938783209665E-1,0.E0,6.080766493621E-1));
#17741=DIRECTION('',(6.080766493621E-1,0.E0,-7.938783209665E-1));
#17742=AXIS2_PLACEMENT_3D('',#17739,#17740,#17741);
#17743=PLANE('',#17742);
#17744=ORIENTED_EDGE('',*,*,#10690,.F.);
#17746=ORIENTED_EDGE('',*,*,#17745,.T.);
#17747=ORIENTED_EDGE('',*,*,#13595,.T.);
#17748=ORIENTED_EDGE('',*,*,#17732,.F.);
#17749=EDGE_LOOP('',(#17744,#17746,#17747,#17748));
#17750=FACE_OUTER_BOUND('',#17749,.F.);
#17751=ADVANCED_FACE('',(#17750),#17743,.T.);
#17752=CARTESIAN_POINT('',(5.952656585619E1,3.E1,7.499998211861E-1));
#17753=DIRECTION('',(9.689176611437E-1,0.E0,2.473834390653E-1));
#17754=DIRECTION('',(2.473834390653E-1,0.E0,-9.689176611437E-1));
#17755=AXIS2_PLACEMENT_3D('',#17752,#17753,#17754);
#17756=PLANE('',#17755);
#17757=ORIENTED_EDGE('',*,*,#10688,.F.);
#17759=ORIENTED_EDGE('',*,*,#17758,.T.);
#17760=ORIENTED_EDGE('',*,*,#13597,.T.);
#17761=ORIENTED_EDGE('',*,*,#17745,.F.);
#17762=EDGE_LOOP('',(#17757,#17759,#17760,#17761));
#17763=FACE_OUTER_BOUND('',#17762,.F.);
#17764=ADVANCED_FACE('',(#17763),#17756,.T.);
#17765=CARTESIAN_POINT('',(5.952656585619E1,3.E1,1.125E0));
#17766=DIRECTION('',(1.E0,0.E0,0.E0));
#17767=DIRECTION('',(0.E0,0.E0,-1.E0));
#17768=AXIS2_PLACEMENT_3D('',#17765,#17766,#17767);
#17769=PLANE('',#17768);
#17770=ORIENTED_EDGE('',*,*,#10686,.F.);
#17772=ORIENTED_EDGE('',*,*,#17771,.T.);
#17773=ORIENTED_EDGE('',*,*,#13599,.T.);
#17774=ORIENTED_EDGE('',*,*,#17758,.F.);
#17775=EDGE_LOOP('',(#17770,#17772,#17773,#17774));
#17776=FACE_OUTER_BOUND('',#17775,.F.);
#17777=ADVANCED_FACE('',(#17776),#17769,.T.);
#17778=CARTESIAN_POINT('',(5.962231052563E1,3.E1,1.500000178814E0));
#17779=DIRECTION('',(9.689177459678E-1,0.E0,-2.473831068378E-1));
#17780=DIRECTION('',(-2.473831068378E-1,0.E0,-9.689177459678E-1));
#17781=AXIS2_PLACEMENT_3D('',#17778,#17779,#17780);
#17782=PLANE('',#17781);
#17783=ORIENTED_EDGE('',*,*,#10684,.F.);
#17785=ORIENTED_EDGE('',*,*,#17784,.T.);
#17786=ORIENTED_EDGE('',*,*,#13601,.T.);
#17787=ORIENTED_EDGE('',*,*,#17771,.F.);
#17788=EDGE_LOOP('',(#17783,#17785,#17786,#17787));
#17789=FACE_OUTER_BOUND('',#17788,.F.);
#17790=ADVANCED_FACE('',(#17789),#17782,.T.);
#17791=CARTESIAN_POINT('',(5.990954453394E1,3.E1,1.874999821186E0));
#17792=DIRECTION('',(7.938779010506E-1,0.E0,-6.080771975856E-1));
#17793=DIRECTION('',(-6.080771975856E-1,0.E0,-7.938779010506E-1));
#17794=AXIS2_PLACEMENT_3D('',#17791,#17792,#17793);
#17795=PLANE('',#17794);
#17796=ORIENTED_EDGE('',*,*,#10682,.F.);
#17798=ORIENTED_EDGE('',*,*,#17797,.T.);
#17799=ORIENTED_EDGE('',*,*,#13603,.T.);
#17800=ORIENTED_EDGE('',*,*,#17784,.F.);
#17801=EDGE_LOOP('',(#17796,#17798,#17799,#17800));
#17802=FACE_OUTER_BOUND('',#17801,.F.);
#17803=ADVANCED_FACE('',(#17802),#17795,.T.);
#17804=CARTESIAN_POINT('',(6.019677854225E1,3.E1,2.062500178814E0));
#17805=DIRECTION('',(5.466232777014E-1,0.E0,-8.373786433120E-1));
#17806=DIRECTION('',(-8.373786433120E-1,0.E0,-5.466232777014E-1));
#17807=AXIS2_PLACEMENT_3D('',#17804,#17805,#17806);
#17808=PLANE('',#17807);
#17809=ORIENTED_EDGE('',*,*,#10680,.F.);
#17811=ORIENTED_EDGE('',*,*,#17810,.T.);
#17812=ORIENTED_EDGE('',*,*,#13605,.T.);
#17813=ORIENTED_EDGE('',*,*,#17797,.F.);
#17814=EDGE_LOOP('',(#17809,#17811,#17812,#17813));
#17815=FACE_OUTER_BOUND('',#17814,.F.);
#17816=ADVANCED_FACE('',(#17815),#17808,.T.);
#17817=CARTESIAN_POINT('',(6.038826788113E1,3.E1,2.062500178814E0));
#17818=DIRECTION('',(0.E0,0.E0,-1.E0));
#17819=DIRECTION('',(-1.E0,0.E0,0.E0));
#17820=AXIS2_PLACEMENT_3D('',#17817,#17818,#17819);
#17821=PLANE('',#17820);
#17822=ORIENTED_EDGE('',*,*,#10678,.F.);
#17824=ORIENTED_EDGE('',*,*,#17823,.T.);
#17825=ORIENTED_EDGE('',*,*,#13607,.T.);
#17826=ORIENTED_EDGE('',*,*,#17810,.F.);
#17827=EDGE_LOOP('',(#17822,#17824,#17825,#17826));
#17828=FACE_OUTER_BOUND('',#17827,.F.);
#17829=ADVANCED_FACE('',(#17828),#17821,.T.);
#17830=CARTESIAN_POINT('',(6.067550215766E1,3.E1,1.874999821186E0));
#17831=DIRECTION('',(-5.466229197794E-1,0.E0,-8.373788769559E-1));
#17832=DIRECTION('',(-8.373788769559E-1,0.E0,5.466229197794E-1));
#17833=AXIS2_PLACEMENT_3D('',#17830,#17831,#17832);
#17834=PLANE('',#17833);
#17835=ORIENTED_EDGE('',*,*,#10676,.F.);
#17837=ORIENTED_EDGE('',*,*,#17836,.T.);
#17838=ORIENTED_EDGE('',*,*,#13609,.T.);
#17839=ORIENTED_EDGE('',*,*,#17823,.F.);
#17840=EDGE_LOOP('',(#17835,#17837,#17838,#17839));
#17841=FACE_OUTER_BOUND('',#17840,.F.);
#17842=ADVANCED_FACE('',(#17841),#17834,.T.);
#17843=CARTESIAN_POINT('',(6.096273616597E1,3.E1,1.500000178814E0));
#17844=DIRECTION('',(-7.938779010506E-1,0.E0,-6.080771975856E-1));
#17845=DIRECTION('',(-6.080771975856E-1,0.E0,7.938779010506E-1));
#17846=AXIS2_PLACEMENT_3D('',#17843,#17844,#17845);
#17847=PLANE('',#17846);
#17848=ORIENTED_EDGE('',*,*,#10674,.F.);
#17849=ORIENTED_EDGE('',*,*,#17656,.T.);
#17850=ORIENTED_EDGE('',*,*,#13611,.T.);
#17851=ORIENTED_EDGE('',*,*,#17836,.F.);
#17852=EDGE_LOOP('',(#17848,#17849,#17850,#17851));
#17853=FACE_OUTER_BOUND('',#17852,.F.);
#17854=ADVANCED_FACE('',(#17853),#17847,.T.);
#17855=CARTESIAN_POINT('',(4.152139463513E1,3.E1,-3.375E0));
#17856=DIRECTION('',(0.E0,0.E0,1.E0));
#17857=DIRECTION('',(1.E0,0.E0,0.E0));
#17858=AXIS2_PLACEMENT_3D('',#17855,#17856,#17857);
#17859=PLANE('',#17858);
#17860=ORIENTED_EDGE('',*,*,#9888,.F.);
#17862=ORIENTED_EDGE('',*,*,#17861,.T.);
#17863=ORIENTED_EDGE('',*,*,#13621,.T.);
#17865=ORIENTED_EDGE('',*,*,#17864,.F.);
#17866=EDGE_LOOP('',(#17860,#17862,#17863,#17865));
#17867=FACE_OUTER_BOUND('',#17866,.F.);
#17868=ADVANCED_FACE('',(#17867),#17859,.T.);
#17869=CARTESIAN_POINT('',(4.152139463513E1,3.E1,-3.9375E0));
#17870=DIRECTION('',(-1.E0,0.E0,0.E0));
#17871=DIRECTION('',(0.E0,0.E0,1.E0));
#17872=AXIS2_PLACEMENT_3D('',#17869,#17870,#17871);
#17873=PLANE('',#17872);
#17874=ORIENTED_EDGE('',*,*,#9900,.F.);
#17876=ORIENTED_EDGE('',*,*,#17875,.T.);
#17877=ORIENTED_EDGE('',*,*,#13623,.T.);
#17878=ORIENTED_EDGE('',*,*,#17861,.F.);
#17879=EDGE_LOOP('',(#17874,#17876,#17877,#17878));
#17880=FACE_OUTER_BOUND('',#17879,.F.);
#17881=ADVANCED_FACE('',(#17880),#17873,.T.);
#17882=CARTESIAN_POINT('',(4.525543727964E1,3.E1,-3.9375E0));
#17883=DIRECTION('',(0.E0,0.E0,-1.E0));
#17884=DIRECTION('',(-1.E0,0.E0,0.E0));
#17885=AXIS2_PLACEMENT_3D('',#17882,#17883,#17884);
#17886=PLANE('',#17885);
#17887=ORIENTED_EDGE('',*,*,#9898,.F.);
#17889=ORIENTED_EDGE('',*,*,#17888,.T.);
#17890=ORIENTED_EDGE('',*,*,#13625,.T.);
#17891=ORIENTED_EDGE('',*,*,#17875,.F.);
#17892=EDGE_LOOP('',(#17887,#17889,#17890,#17891));
#17893=FACE_OUTER_BOUND('',#17892,.F.);
#17894=ADVANCED_FACE('',(#17893),#17886,.T.);
#17895=CARTESIAN_POINT('',(4.458522432535E1,3.E1,-4.5E0));
#17896=DIRECTION('',(-6.428711427642E-1,0.E0,7.659743427825E-1));
#17897=DIRECTION('',(7.659743427825E-1,0.E0,6.428711427642E-1));
#17898=AXIS2_PLACEMENT_3D('',#17895,#17896,#17897);
#17899=PLANE('',#17898);
#17900=ORIENTED_EDGE('',*,*,#9896,.F.);
#17902=ORIENTED_EDGE('',*,*,#17901,.T.);
#17903=ORIENTED_EDGE('',*,*,#13627,.T.);
#17904=ORIENTED_EDGE('',*,*,#17888,.F.);
#17905=EDGE_LOOP('',(#17900,#17902,#17903,#17904));
#17906=FACE_OUTER_BOUND('',#17905,.F.);
#17907=ADVANCED_FACE('',(#17906),#17899,.T.);
#17908=CARTESIAN_POINT('',(4.535118194907E1,3.E1,-4.5E0));
#17909=DIRECTION('',(0.E0,0.E0,-1.E0));
#17910=DIRECTION('',(-1.E0,0.E0,0.E0));
#17911=AXIS2_PLACEMENT_3D('',#17908,#17909,#17910);
#17912=PLANE('',#17911);
#17913=ORIENTED_EDGE('',*,*,#9894,.F.);
#17915=ORIENTED_EDGE('',*,*,#17914,.T.);
#17916=ORIENTED_EDGE('',*,*,#13629,.T.);
#17917=ORIENTED_EDGE('',*,*,#17901,.F.);
#17918=EDGE_LOOP('',(#17913,#17915,#17916,#17917));
#17919=FACE_OUTER_BOUND('',#17918,.F.);
#17920=ADVANCED_FACE('',(#17919),#17912,.T.);
#17921=CARTESIAN_POINT('',(4.602139463513E1,3.E1,-3.9375E0));
#17922=DIRECTION('',(6.428712937139E-1,0.E0,-7.659742160926E-1));
#17923=DIRECTION('',(-7.659742160926E-1,0.E0,-6.428712937139E-1));
#17924=AXIS2_PLACEMENT_3D('',#17921,#17922,#17923);
#17925=PLANE('',#17924);
#17926=ORIENTED_EDGE('',*,*,#9892,.F.);
#17928=ORIENTED_EDGE('',*,*,#17927,.T.);
#17929=ORIENTED_EDGE('',*,*,#13631,.T.);
#17930=ORIENTED_EDGE('',*,*,#17914,.F.);
#17931=EDGE_LOOP('',(#17926,#17928,#17929,#17930));
#17932=FACE_OUTER_BOUND('',#17931,.F.);
#17933=ADVANCED_FACE('',(#17932),#17925,.T.);
#17934=CARTESIAN_POINT('',(4.602139463513E1,3.E1,-3.375E0));
#17935=DIRECTION('',(1.E0,0.E0,0.E0));
#17936=DIRECTION('',(0.E0,0.E0,-1.E0));
#17937=AXIS2_PLACEMENT_3D('',#17934,#17935,#17936);
#17938=PLANE('',#17937);
#17939=ORIENTED_EDGE('',*,*,#9890,.F.);
#17940=ORIENTED_EDGE('',*,*,#17864,.T.);
#17941=ORIENTED_EDGE('',*,*,#13633,.T.);
#17942=ORIENTED_EDGE('',*,*,#17927,.F.);
#17943=EDGE_LOOP('',(#17939,#17940,#17941,#17942));
#17944=FACE_OUTER_BOUND('',#17943,.F.);
#17945=ADVANCED_FACE('',(#17944),#17938,.T.);
#17946=CARTESIAN_POINT('',(4.200011804938E1,3.E1,4.687498211861E-1));
#17947=DIRECTION('',(-5.466232777014E-1,0.E0,8.373786433120E-1));
#17948=DIRECTION('',(8.373786433120E-1,0.E0,5.466232777014E-1));
#17949=AXIS2_PLACEMENT_3D('',#17946,#17947,#17948);
#17950=PLANE('',#17949);
#17951=ORIENTED_EDGE('',*,*,#9904,.F.);
#17953=ORIENTED_EDGE('',*,*,#17952,.T.);
#17954=ORIENTED_EDGE('',*,*,#13643,.T.);
#17956=ORIENTED_EDGE('',*,*,#17955,.F.);
#17957=EDGE_LOOP('',(#17951,#17953,#17954,#17956));
#17958=FACE_OUTER_BOUND('',#17957,.F.);
#17959=ADVANCED_FACE('',(#17958),#17950,.T.);
#17960=CARTESIAN_POINT('',(4.180862867697E1,3.E1,1.874998211861E-1));
#17961=DIRECTION('',(-8.265992329593E-1,0.E0,5.627909985697E-1));
#17962=DIRECTION('',(5.627909985697E-1,0.E0,8.265992329593E-1));
#17963=AXIS2_PLACEMENT_3D('',#17960,#17961,#17962);
#17964=PLANE('',#17963);
#17965=ORIENTED_EDGE('',*,*,#10016,.F.);
#17967=ORIENTED_EDGE('',*,*,#17966,.T.);
#17968=ORIENTED_EDGE('',*,*,#13645,.T.);
#17969=ORIENTED_EDGE('',*,*,#17952,.F.);
#17970=EDGE_LOOP('',(#17965,#17967,#17968,#17969));
#17971=FACE_OUTER_BOUND('',#17970,.F.);
#17972=ADVANCED_FACE('',(#17971),#17964,.T.);
#17973=CARTESIAN_POINT('',(4.161713931295E1,3.E1,-1.875000894070E-1));
#17974=DIRECTION('',(-8.906052187617E-1,0.E0,4.547772469181E-1));
#17975=DIRECTION('',(4.547772469181E-1,0.E0,8.906052187617E-1));
#17976=AXIS2_PLACEMENT_3D('',#17973,#17974,#17975);
#17977=PLANE('',#17976);
#17978=ORIENTED_EDGE('',*,*,#10014,.F.);
#17980=ORIENTED_EDGE('',*,*,#17979,.T.);
#17981=ORIENTED_EDGE('',*,*,#13647,.T.);
#17982=ORIENTED_EDGE('',*,*,#17966,.F.);
#17983=EDGE_LOOP('',(#17978,#17980,#17981,#17982));
#17984=FACE_OUTER_BOUND('',#17983,.F.);
#17985=ADVANCED_FACE('',(#17984),#17977,.T.);
#17986=CARTESIAN_POINT('',(4.152139463513E1,3.E1,-5.625E-1));
#17987=DIRECTION('',(-9.689176983647E-1,0.E0,2.473832932831E-1));
#17988=DIRECTION('',(2.473832932831E-1,0.E0,9.689176983647E-1));
#17989=AXIS2_PLACEMENT_3D('',#17986,#17987,#17988);
#17990=PLANE('',#17989);
#17991=ORIENTED_EDGE('',*,*,#10012,.F.);
#17993=ORIENTED_EDGE('',*,*,#17992,.T.);
#17994=ORIENTED_EDGE('',*,*,#13649,.T.);
#17995=ORIENTED_EDGE('',*,*,#17979,.F.);
#17996=EDGE_LOOP('',(#17991,#17993,#17994,#17995));
#17997=FACE_OUTER_BOUND('',#17996,.F.);
#17998=ADVANCED_FACE('',(#17997),#17990,.T.);
#17999=CARTESIAN_POINT('',(4.152139463513E1,3.E1,-1.312500089407E0));
#18000=DIRECTION('',(-1.E0,0.E0,0.E0));
#18001=DIRECTION('',(0.E0,0.E0,1.E0));
#18002=AXIS2_PLACEMENT_3D('',#17999,#18000,#18001);
#18003=PLANE('',#18002);
#18004=ORIENTED_EDGE('',*,*,#10010,.F.);
#18006=ORIENTED_EDGE('',*,*,#18005,.T.);
#18007=ORIENTED_EDGE('',*,*,#13651,.T.);
#18008=ORIENTED_EDGE('',*,*,#17992,.F.);
#18009=EDGE_LOOP('',(#18004,#18006,#18007,#18008));
#18010=FACE_OUTER_BOUND('',#18009,.F.);
#18011=ADVANCED_FACE('',(#18010),#18003,.T.);
#18012=CARTESIAN_POINT('',(4.161713931295E1,3.E1,-1.6875E0));
#18013=DIRECTION('',(-9.689176983647E-1,0.E0,-2.473832932831E-1));
#18014=DIRECTION('',(-2.473832932831E-1,0.E0,9.689176983647E-1));
#18015=AXIS2_PLACEMENT_3D('',#18012,#18013,#18014);
#18016=PLANE('',#18015);
#18017=ORIENTED_EDGE('',*,*,#10008,.F.);
#18019=ORIENTED_EDGE('',*,*,#18018,.T.);
#18020=ORIENTED_EDGE('',*,*,#13653,.T.);
#18021=ORIENTED_EDGE('',*,*,#18005,.F.);
#18022=EDGE_LOOP('',(#18017,#18019,#18020,#18021));
#18023=FACE_OUTER_BOUND('',#18022,.F.);
#18024=ADVANCED_FACE('',(#18023),#18016,.T.);
#18025=CARTESIAN_POINT('',(4.180862867697E1,3.E1,-2.062499910593E0));
#18026=DIRECTION('',(-8.906052187617E-1,0.E0,-4.547772469181E-1));
#18027=DIRECTION('',(-4.547772469181E-1,0.E0,8.906052187617E-1));
#18028=AXIS2_PLACEMENT_3D('',#18025,#18026,#18027);
#18029=PLANE('',#18028);
#18030=ORIENTED_EDGE('',*,*,#10006,.F.);
#18032=ORIENTED_EDGE('',*,*,#18031,.T.);
#18033=ORIENTED_EDGE('',*,*,#13655,.T.);
#18034=ORIENTED_EDGE('',*,*,#18018,.F.);
#18035=EDGE_LOOP('',(#18030,#18032,#18033,#18034));
#18036=FACE_OUTER_BOUND('',#18035,.F.);
#18037=ADVANCED_FACE('',(#18036),#18029,.T.);
#18038=CARTESIAN_POINT('',(4.200011804938E1,3.E1,-2.343750044703E0));
#18039=DIRECTION('',(-8.265993578009E-1,0.E0,-5.627908152086E-1));
#18040=DIRECTION('',(-5.627908152086E-1,0.E0,8.265993578009E-1));
#18041=AXIS2_PLACEMENT_3D('',#18038,#18039,#18040);
#18042=PLANE('',#18041);
#18043=ORIENTED_EDGE('',*,*,#10004,.F.);
#18045=ORIENTED_EDGE('',*,*,#18044,.T.);
#18046=ORIENTED_EDGE('',*,*,#13657,.T.);
#18047=ORIENTED_EDGE('',*,*,#18031,.F.);
#18048=EDGE_LOOP('',(#18043,#18045,#18046,#18047));
#18049=FACE_OUTER_BOUND('',#18048,.F.);
#18050=ADVANCED_FACE('',(#18049),#18042,.T.);
#18051=CARTESIAN_POINT('',(4.228735205769E1,3.E1,-2.53125E0));
#18052=DIRECTION('',(-5.466224552427E-1,0.E0,-8.373791801952E-1));
#18053=DIRECTION('',(-8.373791801952E-1,0.E0,5.466224552427E-1));
#18054=AXIS2_PLACEMENT_3D('',#18051,#18052,#18053);
#18055=PLANE('',#18054);
#18056=ORIENTED_EDGE('',*,*,#10002,.F.);
#18058=ORIENTED_EDGE('',*,*,#18057,.T.);
#18059=ORIENTED_EDGE('',*,*,#13659,.T.);
#18060=ORIENTED_EDGE('',*,*,#18044,.F.);
#18061=EDGE_LOOP('',(#18056,#18058,#18059,#18060));
#18062=FACE_OUTER_BOUND('',#18061,.F.);
#18063=ADVANCED_FACE('',(#18062),#18055,.T.);
#18064=CARTESIAN_POINT('',(4.257458613306E1,3.E1,-2.625000044703E0));
#18065=DIRECTION('',(-3.102801332161E-1,0.E0,-9.506451698354E-1));
#18066=DIRECTION('',(-9.506451698354E-1,0.E0,3.102801332161E-1));
#18067=AXIS2_PLACEMENT_3D('',#18064,#18065,#18066);
#18068=PLANE('',#18067);
#18069=ORIENTED_EDGE('',*,*,#10000,.F.);
#18071=ORIENTED_EDGE('',*,*,#18070,.T.);
#18072=ORIENTED_EDGE('',*,*,#13661,.T.);
#18073=ORIENTED_EDGE('',*,*,#18057,.F.);
#18074=EDGE_LOOP('',(#18069,#18071,#18072,#18073));
#18075=FACE_OUTER_BOUND('',#18074,.F.);
#18076=ADVANCED_FACE('',(#18075),#18068,.T.);
#18077=CARTESIAN_POINT('',(4.257458613306E1,3.E1,-2.156250089407E0));
#18078=DIRECTION('',(1.E0,0.E0,0.E0));
#18079=DIRECTION('',(0.E0,0.E0,-1.E0));
#18080=AXIS2_PLACEMENT_3D('',#18077,#18078,#18079);
#18081=PLANE('',#18080);
#18082=ORIENTED_EDGE('',*,*,#9998,.F.);
#18084=ORIENTED_EDGE('',*,*,#18083,.T.);
#18085=ORIENTED_EDGE('',*,*,#13663,.T.);
#18086=ORIENTED_EDGE('',*,*,#18070,.F.);
#18087=EDGE_LOOP('',(#18082,#18084,#18085,#18086));
#18088=FACE_OUTER_BOUND('',#18087,.F.);
#18089=ADVANCED_FACE('',(#18088),#18081,.T.);
#18090=CARTESIAN_POINT('',(4.238309679418E1,3.E1,-2.062499910593E0));
#18091=DIRECTION('',(4.397141723527E-1,0.E0,8.981377659536E-1));
#18092=DIRECTION('',(8.981377659536E-1,0.E0,-4.397141723527E-1));
#18093=AXIS2_PLACEMENT_3D('',#18090,#18091,#18092);
#18094=PLANE('',#18093);
#18095=ORIENTED_EDGE('',*,*,#9996,.F.);
#18097=ORIENTED_EDGE('',*,*,#18096,.T.);
#18098=ORIENTED_EDGE('',*,*,#13665,.T.);
#18099=ORIENTED_EDGE('',*,*,#18083,.F.);
#18100=EDGE_LOOP('',(#18095,#18097,#18098,#18099));
#18101=FACE_OUTER_BOUND('',#18100,.F.);
#18102=ADVANCED_FACE('',(#18101),#18094,.T.);
#18103=CARTESIAN_POINT('',(4.219160738825E1,3.E1,-1.875000089407E0));
#18104=DIRECTION('',(6.996243694821E-1,0.E0,7.145108408043E-1));
#18105=DIRECTION('',(7.145108408043E-1,0.E0,-6.996243694821E-1));
#18106=AXIS2_PLACEMENT_3D('',#18103,#18104,#18105);
#18107=PLANE('',#18106);
#18108=ORIENTED_EDGE('',*,*,#9994,.F.);
#18110=ORIENTED_EDGE('',*,*,#18109,.T.);
#18111=ORIENTED_EDGE('',*,*,#13667,.T.);
#18112=ORIENTED_EDGE('',*,*,#18096,.F.);
#18113=EDGE_LOOP('',(#18108,#18110,#18111,#18112));
#18114=FACE_OUTER_BOUND('',#18113,.F.);
#18115=ADVANCED_FACE('',(#18114),#18107,.T.);
#18116=CARTESIAN_POINT('',(4.209586271881E1,3.E1,-1.6875E0));
#18117=DIRECTION('',(8.906053746977E-1,0.E0,4.547769415434E-1));
#18118=DIRECTION('',(4.547769415434E-1,0.E0,-8.906053746977E-1));
#18119=AXIS2_PLACEMENT_3D('',#18116,#18117,#18118);
#18120=PLANE('',#18119);
#18121=ORIENTED_EDGE('',*,*,#9992,.F.);
#18123=ORIENTED_EDGE('',*,*,#18122,.T.);
#18124=ORIENTED_EDGE('',*,*,#13669,.T.);
#18125=ORIENTED_EDGE('',*,*,#18109,.F.);
#18126=EDGE_LOOP('',(#18121,#18123,#18124,#18125));
#18127=FACE_OUTER_BOUND('',#18126,.F.);
#18128=ADVANCED_FACE('',(#18127),#18120,.T.);
#18129=CARTESIAN_POINT('',(4.200011804938E1,3.E1,-1.218749910593E0));
#18130=DIRECTION('',(9.797707167625E-1,0.E0,2.001233184181E-1));
#18131=DIRECTION('',(2.001233184181E-1,0.E0,-9.797707167625E-1));
#18132=AXIS2_PLACEMENT_3D('',#18129,#18130,#18131);
#18133=PLANE('',#18132);
#18134=ORIENTED_EDGE('',*,*,#9990,.F.);
#18136=ORIENTED_EDGE('',*,*,#18135,.T.);
#18137=ORIENTED_EDGE('',*,*,#13671,.T.);
#18138=ORIENTED_EDGE('',*,*,#18122,.F.);
#18139=EDGE_LOOP('',(#18134,#18136,#18137,#18138));
#18140=FACE_OUTER_BOUND('',#18139,.F.);
#18141=ADVANCED_FACE('',(#18140),#18133,.T.);
#18142=CARTESIAN_POINT('',(4.200011804938E1,3.E1,-6.562499105930E-1));
#18143=DIRECTION('',(1.E0,0.E0,0.E0));
#18144=DIRECTION('',(0.E0,0.E0,-1.E0));
#18145=AXIS2_PLACEMENT_3D('',#18142,#18143,#18144);
#18146=PLANE('',#18145);
#18147=ORIENTED_EDGE('',*,*,#9988,.F.);
#18149=ORIENTED_EDGE('',*,*,#18148,.T.);
#18150=ORIENTED_EDGE('',*,*,#13673,.T.);
#18151=ORIENTED_EDGE('',*,*,#18135,.F.);
#18152=EDGE_LOOP('',(#18147,#18149,#18150,#18151));
#18153=FACE_OUTER_BOUND('',#18152,.F.);
#18154=ADVANCED_FACE('',(#18153),#18146,.T.);
#18155=CARTESIAN_POINT('',(4.209586271881E1,3.E1,-1.875000894070E-1));
#18156=DIRECTION('',(9.797706943097E-1,0.E0,-2.001234283435E-1));
#18157=DIRECTION('',(-2.001234283435E-1,0.E0,-9.797706943097E-1));
#18158=AXIS2_PLACEMENT_3D('',#18155,#18156,#18157);
#18159=PLANE('',#18158);
#18160=ORIENTED_EDGE('',*,*,#9986,.F.);
#18162=ORIENTED_EDGE('',*,*,#18161,.T.);
#18163=ORIENTED_EDGE('',*,*,#13675,.T.);
#18164=ORIENTED_EDGE('',*,*,#18148,.F.);
#18165=EDGE_LOOP('',(#18160,#18162,#18163,#18164));
#18166=FACE_OUTER_BOUND('',#18165,.F.);
#18167=ADVANCED_FACE('',(#18166),#18159,.T.);
#18168=CARTESIAN_POINT('',(4.219160738825E1,3.E1,0.E0));
#18169=DIRECTION('',(8.906053746977E-1,0.E0,-4.547769415434E-1));
#18170=DIRECTION('',(-4.547769415434E-1,0.E0,-8.906053746977E-1));
#18171=AXIS2_PLACEMENT_3D('',#18168,#18169,#18170);
#18172=PLANE('',#18171);
#18173=ORIENTED_EDGE('',*,*,#9984,.F.);
#18175=ORIENTED_EDGE('',*,*,#18174,.T.);
#18176=ORIENTED_EDGE('',*,*,#13677,.T.);
#18177=ORIENTED_EDGE('',*,*,#18161,.F.);
#18178=EDGE_LOOP('',(#18173,#18175,#18176,#18177));
#18179=FACE_OUTER_BOUND('',#18178,.F.);
#18180=ADVANCED_FACE('',(#18179),#18172,.T.);
#18181=CARTESIAN_POINT('',(4.238309679418E1,3.E1,1.874998211861E-1));
#18182=DIRECTION('',(6.996243694821E-1,0.E0,-7.145108408043E-1));
#18183=DIRECTION('',(-7.145108408043E-1,0.E0,-6.996243694821E-1));
#18184=AXIS2_PLACEMENT_3D('',#18181,#18182,#18183);
#18185=PLANE('',#18184);
#18186=ORIENTED_EDGE('',*,*,#9982,.F.);
#18188=ORIENTED_EDGE('',*,*,#18187,.T.);
#18189=ORIENTED_EDGE('',*,*,#13679,.T.);
#18190=ORIENTED_EDGE('',*,*,#18174,.F.);
#18191=EDGE_LOOP('',(#18186,#18188,#18189,#18190));
#18192=FACE_OUTER_BOUND('',#18191,.F.);
#18193=ADVANCED_FACE('',(#18192),#18185,.T.);
#18194=CARTESIAN_POINT('',(4.257458613306E1,3.E1,2.8125E-1));
#18195=DIRECTION('',(4.397141723527E-1,0.E0,-8.981377659536E-1));
#18196=DIRECTION('',(-8.981377659536E-1,0.E0,-4.397141723527E-1));
#18197=AXIS2_PLACEMENT_3D('',#18194,#18195,#18196);
#18198=PLANE('',#18197);
#18199=ORIENTED_EDGE('',*,*,#9980,.F.);
#18201=ORIENTED_EDGE('',*,*,#18200,.T.);
#18202=ORIENTED_EDGE('',*,*,#13681,.T.);
#18203=ORIENTED_EDGE('',*,*,#18187,.F.);
#18204=EDGE_LOOP('',(#18199,#18201,#18202,#18203));
#18205=FACE_OUTER_BOUND('',#18204,.F.);
#18206=ADVANCED_FACE('',(#18205),#18198,.T.);
#18207=CARTESIAN_POINT('',(4.295756481081E1,3.E1,2.8125E-1));
#18208=DIRECTION('',(0.E0,0.E0,-1.E0));
#18209=DIRECTION('',(-1.E0,0.E0,0.E0));
#18210=AXIS2_PLACEMENT_3D('',#18207,#18208,#18209);
#18211=PLANE('',#18210);
#18212=ORIENTED_EDGE('',*,*,#9978,.F.);
#18214=ORIENTED_EDGE('',*,*,#18213,.T.);
#18215=ORIENTED_EDGE('',*,*,#13683,.T.);
#18216=ORIENTED_EDGE('',*,*,#18200,.F.);
#18217=EDGE_LOOP('',(#18212,#18214,#18215,#18216));
#18218=FACE_OUTER_BOUND('',#18217,.F.);
#18219=ADVANCED_FACE('',(#18218),#18211,.T.);
#18220=CARTESIAN_POINT('',(4.334054362267E1,3.E1,9.375017881393E-2));
#18221=DIRECTION('',(-4.397130333538E-1,0.E0,-8.981383235887E-1));
#18222=DIRECTION('',(-8.981383235887E-1,0.E0,4.397130333538E-1));
#18223=AXIS2_PLACEMENT_3D('',#18220,#18221,#18222);
#18224=PLANE('',#18223);
#18225=ORIENTED_EDGE('',*,*,#9976,.F.);
#18227=ORIENTED_EDGE('',*,*,#18226,.T.);
#18228=ORIENTED_EDGE('',*,*,#13685,.T.);
#18229=ORIENTED_EDGE('',*,*,#18213,.F.);
#18230=EDGE_LOOP('',(#18225,#18227,#18228,#18229));
#18231=FACE_OUTER_BOUND('',#18230,.F.);
#18232=ADVANCED_FACE('',(#18231),#18224,.T.);
#18233=CARTESIAN_POINT('',(4.353203296154E1,3.E1,-1.875000894070E-1));
#18234=DIRECTION('',(-8.265995284826E-1,0.E0,-5.627905645197E-1));
#18235=DIRECTION('',(-5.627905645197E-1,0.E0,8.265995284826E-1));
#18236=AXIS2_PLACEMENT_3D('',#18233,#18234,#18235);
#18237=PLANE('',#18236);
#18238=ORIENTED_EDGE('',*,*,#9974,.F.);
#18240=ORIENTED_EDGE('',*,*,#18239,.T.);
#18241=ORIENTED_EDGE('',*,*,#13687,.T.);
#18242=ORIENTED_EDGE('',*,*,#18226,.F.);
#18243=EDGE_LOOP('',(#18238,#18240,#18241,#18242));
#18244=FACE_OUTER_BOUND('',#18243,.F.);
#18245=ADVANCED_FACE('',(#18244),#18237,.T.);
#18246=CARTESIAN_POINT('',(4.362777763098E1,3.E1,-7.500000894070E-1));
#18247=DIRECTION('',(-9.858211730931E-1,0.E0,-1.677993286083E-1));
#18248=DIRECTION('',(-1.677993286083E-1,0.E0,9.858211730931E-1));
#18249=AXIS2_PLACEMENT_3D('',#18246,#18247,#18248);
#18250=PLANE('',#18249);
#18251=ORIENTED_EDGE('',*,*,#9972,.F.);
#18253=ORIENTED_EDGE('',*,*,#18252,.T.);
#18254=ORIENTED_EDGE('',*,*,#13689,.T.);
#18255=ORIENTED_EDGE('',*,*,#18239,.F.);
#18256=EDGE_LOOP('',(#18251,#18253,#18254,#18255));
#18257=FACE_OUTER_BOUND('',#18256,.F.);
#18258=ADVANCED_FACE('',(#18257),#18250,.T.);
#18259=CARTESIAN_POINT('',(4.362777763098E1,3.E1,-1.125E0));
#18260=DIRECTION('',(-1.E0,0.E0,0.E0));
#18261=DIRECTION('',(0.E0,0.E0,1.E0));
#18262=AXIS2_PLACEMENT_3D('',#18259,#18260,#18261);
#18263=PLANE('',#18262);
#18264=ORIENTED_EDGE('',*,*,#9970,.F.);
#18266=ORIENTED_EDGE('',*,*,#18265,.T.);
#18267=ORIENTED_EDGE('',*,*,#13691,.T.);
#18268=ORIENTED_EDGE('',*,*,#18252,.F.);
#18269=EDGE_LOOP('',(#18264,#18266,#18267,#18268));
#18270=FACE_OUTER_BOUND('',#18269,.F.);
#18271=ADVANCED_FACE('',(#18270),#18263,.T.);
#18272=CARTESIAN_POINT('',(4.401075630873E1,3.E1,-1.125E0));
#18273=DIRECTION('',(0.E0,0.E0,-1.E0));
#18274=DIRECTION('',(-1.E0,0.E0,0.E0));
#18275=AXIS2_PLACEMENT_3D('',#18272,#18273,#18274);
#18276=PLANE('',#18275);
#18277=ORIENTED_EDGE('',*,*,#9968,.F.);
#18279=ORIENTED_EDGE('',*,*,#18278,.T.);
#18280=ORIENTED_EDGE('',*,*,#13693,.T.);
#18281=ORIENTED_EDGE('',*,*,#18265,.F.);
#18282=EDGE_LOOP('',(#18277,#18279,#18280,#18281));
#18283=FACE_OUTER_BOUND('',#18282,.F.);
#18284=ADVANCED_FACE('',(#18283),#18276,.T.);
#18285=CARTESIAN_POINT('',(4.401075630873E1,3.E1,-7.500000894070E-1));
#18286=DIRECTION('',(1.E0,0.E0,0.E0));
#18287=DIRECTION('',(0.E0,0.E0,-1.E0));
#18288=AXIS2_PLACEMENT_3D('',#18285,#18286,#18287);
#18289=PLANE('',#18288);
#18290=ORIENTED_EDGE('',*,*,#9966,.F.);
#18292=ORIENTED_EDGE('',*,*,#18291,.T.);
#18293=ORIENTED_EDGE('',*,*,#13695,.T.);
#18294=ORIENTED_EDGE('',*,*,#18278,.F.);
#18295=EDGE_LOOP('',(#18290,#18292,#18293,#18294));
#18296=FACE_OUTER_BOUND('',#18295,.F.);
#18297=ADVANCED_FACE('',(#18296),#18289,.T.);
#18298=CARTESIAN_POINT('',(4.420224564760E1,3.E1,-1.875000894070E-1));
#18299=DIRECTION('',(9.466499177700E-1,0.E0,-3.222637633772E-1));
#18300=DIRECTION('',(-3.222637633772E-1,0.E0,-9.466499177700E-1));
#18301=AXIS2_PLACEMENT_3D('',#18298,#18299,#18300);
#18302=PLANE('',#18301);
#18303=ORIENTED_EDGE('',*,*,#9964,.F.);
#18305=ORIENTED_EDGE('',*,*,#18304,.T.);
#18306=ORIENTED_EDGE('',*,*,#13697,.T.);
#18307=ORIENTED_EDGE('',*,*,#18291,.F.);
#18308=EDGE_LOOP('',(#18303,#18305,#18306,#18307));
#18309=FACE_OUTER_BOUND('',#18308,.F.);
#18310=ADVANCED_FACE('',(#18309),#18302,.T.);
#18311=CARTESIAN_POINT('',(4.439373498648E1,3.E1,0.E0));
#18312=DIRECTION('',(6.996250055017E-1,0.E0,-7.145102180353E-1));
#18313=DIRECTION('',(-7.145102180353E-1,0.E0,-6.996250055017E-1));
#18314=AXIS2_PLACEMENT_3D('',#18311,#18312,#18313);
#18315=PLANE('',#18314);
#18316=ORIENTED_EDGE('',*,*,#9962,.F.);
#18318=ORIENTED_EDGE('',*,*,#18317,.T.);
#18319=ORIENTED_EDGE('',*,*,#13699,.T.);
#18320=ORIENTED_EDGE('',*,*,#18304,.F.);
#18321=EDGE_LOOP('',(#18316,#18318,#18319,#18320));
#18322=FACE_OUTER_BOUND('',#18321,.F.);
#18323=ADVANCED_FACE('',(#18322),#18315,.T.);
#18324=CARTESIAN_POINT('',(4.477671366423E1,3.E1,1.874998211861E-1));
#18325=DIRECTION('',(4.397131575602E-1,0.E0,-8.981382627794E-1));
#18326=DIRECTION('',(-8.981382627794E-1,0.E0,-4.397131575602E-1));
#18327=AXIS2_PLACEMENT_3D('',#18324,#18325,#18326);
#18328=PLANE('',#18327);
#18329=ORIENTED_EDGE('',*,*,#9960,.F.);
#18331=ORIENTED_EDGE('',*,*,#18330,.T.);
#18332=ORIENTED_EDGE('',*,*,#13701,.T.);
#18333=ORIENTED_EDGE('',*,*,#18317,.F.);
#18334=EDGE_LOOP('',(#18329,#18331,#18332,#18333));
#18335=FACE_OUTER_BOUND('',#18334,.F.);
#18336=ADVANCED_FACE('',(#18335),#18328,.T.);
#18337=CARTESIAN_POINT('',(4.496820327132E1,3.E1,1.874998211861E-1));
#18338=DIRECTION('',(0.E0,0.E0,-1.E0));
#18339=DIRECTION('',(-1.E0,0.E0,0.E0));
#18340=AXIS2_PLACEMENT_3D('',#18337,#18338,#18339);
#18341=PLANE('',#18340);
#18342=ORIENTED_EDGE('',*,*,#9958,.F.);
#18344=ORIENTED_EDGE('',*,*,#18343,.T.);
#18345=ORIENTED_EDGE('',*,*,#13703,.T.);
#18346=ORIENTED_EDGE('',*,*,#18330,.F.);
#18347=EDGE_LOOP('',(#18342,#18344,#18345,#18346));
#18348=FACE_OUTER_BOUND('',#18347,.F.);
#18349=ADVANCED_FACE('',(#18348),#18341,.T.);
#18350=CARTESIAN_POINT('',(4.525543727964E1,3.E1,0.E0));
#18351=DIRECTION('',(-5.466221810895E-1,0.E0,-8.373793591563E-1));
#18352=DIRECTION('',(-8.373793591563E-1,0.E0,5.466221810895E-1));
#18353=AXIS2_PLACEMENT_3D('',#18350,#18351,#18352);
#18354=PLANE('',#18353);
#18355=ORIENTED_EDGE('',*,*,#9956,.F.);
#18357=ORIENTED_EDGE('',*,*,#18356,.T.);
#18358=ORIENTED_EDGE('',*,*,#13705,.T.);
#18359=ORIENTED_EDGE('',*,*,#18343,.F.);
#18360=EDGE_LOOP('',(#18355,#18357,#18358,#18359));
#18361=FACE_OUTER_BOUND('',#18360,.F.);
#18362=ADVANCED_FACE('',(#18361),#18354,.T.);
#18363=CARTESIAN_POINT('',(4.544692661851E1,3.E1,-2.8125E-1));
#18364=DIRECTION('',(-8.265992787996E-1,0.E0,-5.627909312417E-1));
#18365=DIRECTION('',(-5.627909312417E-1,0.E0,8.265992787996E-1));
#18366=AXIS2_PLACEMENT_3D('',#18363,#18364,#18365);
#18367=PLANE('',#18366);
#18368=ORIENTED_EDGE('',*,*,#9954,.F.);
#18370=ORIENTED_EDGE('',*,*,#18369,.T.);
#18371=ORIENTED_EDGE('',*,*,#13707,.T.);
#18372=ORIENTED_EDGE('',*,*,#18356,.F.);
#18373=EDGE_LOOP('',(#18368,#18370,#18371,#18372));
#18374=FACE_OUTER_BOUND('',#18373,.F.);
#18375=ADVANCED_FACE('',(#18374),#18367,.T.);
#18376=CARTESIAN_POINT('',(4.554267128795E1,3.E1,-7.500000894070E-1));
#18377=DIRECTION('',(-9.797707167625E-1,0.E0,-2.001233184181E-1));
#18378=DIRECTION('',(-2.001233184181E-1,0.E0,9.797707167625E-1));
#18379=AXIS2_PLACEMENT_3D('',#18376,#18377,#18378);
#18380=PLANE('',#18379);
#18381=ORIENTED_EDGE('',*,*,#9952,.F.);
#18383=ORIENTED_EDGE('',*,*,#18382,.T.);
#18384=ORIENTED_EDGE('',*,*,#13709,.T.);
#18385=ORIENTED_EDGE('',*,*,#18369,.F.);
#18386=EDGE_LOOP('',(#18381,#18383,#18384,#18385));
#18387=FACE_OUTER_BOUND('',#18386,.F.);
#18388=ADVANCED_FACE('',(#18387),#18380,.T.);
#18389=CARTESIAN_POINT('',(4.554267128795E1,3.E1,-1.125E0));
#18390=DIRECTION('',(-1.E0,0.E0,0.E0));
#18391=DIRECTION('',(0.E0,0.E0,1.E0));
#18392=AXIS2_PLACEMENT_3D('',#18389,#18390,#18391);
#18393=PLANE('',#18392);
#18394=ORIENTED_EDGE('',*,*,#9950,.F.);
#18396=ORIENTED_EDGE('',*,*,#18395,.T.);
#18397=ORIENTED_EDGE('',*,*,#13711,.T.);
#18398=ORIENTED_EDGE('',*,*,#18382,.F.);
#18399=EDGE_LOOP('',(#18394,#18396,#18397,#18398));
#18400=FACE_OUTER_BOUND('',#18399,.F.);
#18401=ADVANCED_FACE('',(#18400),#18393,.T.);
#18402=CARTESIAN_POINT('',(4.544692661851E1,3.E1,-1.593750089407E0));
#18403=DIRECTION('',(-9.797707167625E-1,0.E0,2.001233184181E-1));
#18404=DIRECTION('',(2.001233184181E-1,0.E0,9.797707167625E-1));
#18405=AXIS2_PLACEMENT_3D('',#18402,#18403,#18404);
#18406=PLANE('',#18405);
#18407=ORIENTED_EDGE('',*,*,#9948,.F.);
#18409=ORIENTED_EDGE('',*,*,#18408,.T.);
#18410=ORIENTED_EDGE('',*,*,#13713,.T.);
#18411=ORIENTED_EDGE('',*,*,#18395,.F.);
#18412=EDGE_LOOP('',(#18407,#18409,#18410,#18411));
#18413=FACE_OUTER_BOUND('',#18412,.F.);
#18414=ADVANCED_FACE('',(#18413),#18406,.T.);
#18415=CARTESIAN_POINT('',(4.525543727964E1,3.E1,-1.875000089407E0));
#18416=DIRECTION('',(-8.265992787996E-1,0.E0,5.627909312417E-1));
#18417=DIRECTION('',(5.627909312417E-1,0.E0,8.265992787996E-1));
#18418=AXIS2_PLACEMENT_3D('',#18415,#18416,#18417);
#18419=PLANE('',#18418);
#18420=ORIENTED_EDGE('',*,*,#9946,.F.);
#18422=ORIENTED_EDGE('',*,*,#18421,.T.);
#18423=ORIENTED_EDGE('',*,*,#13715,.T.);
#18424=ORIENTED_EDGE('',*,*,#18408,.F.);
#18425=EDGE_LOOP('',(#18420,#18422,#18423,#18424));
#18426=FACE_OUTER_BOUND('',#18425,.F.);
#18427=ADVANCED_FACE('',(#18426),#18419,.T.);
#18428=CARTESIAN_POINT('',(4.496820327132E1,3.E1,-2.062499910593E0));
#18429=DIRECTION('',(-5.466221810895E-1,0.E0,8.373793591563E-1));
#18430=DIRECTION('',(8.373793591563E-1,0.E0,5.466221810895E-1));
#18431=AXIS2_PLACEMENT_3D('',#18428,#18429,#18430);
#18432=PLANE('',#18431);
#18433=ORIENTED_EDGE('',*,*,#9944,.F.);
#18435=ORIENTED_EDGE('',*,*,#18434,.T.);
#18436=ORIENTED_EDGE('',*,*,#13717,.T.);
#18437=ORIENTED_EDGE('',*,*,#18421,.F.);
#18438=EDGE_LOOP('',(#18433,#18435,#18436,#18437));
#18439=FACE_OUTER_BOUND('',#18438,.F.);
#18440=ADVANCED_FACE('',(#18439),#18432,.T.);
#18441=CARTESIAN_POINT('',(4.496820327132E1,3.E1,-2.53125E0));
#18442=DIRECTION('',(-1.E0,0.E0,0.E0));
#18443=DIRECTION('',(0.E0,0.E0,1.E0));
#18444=AXIS2_PLACEMENT_3D('',#18441,#18442,#18443);
#18445=PLANE('',#18444);
#18446=ORIENTED_EDGE('',*,*,#9942,.F.);
#18448=ORIENTED_EDGE('',*,*,#18447,.T.);
#18449=ORIENTED_EDGE('',*,*,#13719,.T.);
#18450=ORIENTED_EDGE('',*,*,#18434,.F.);
#18451=EDGE_LOOP('',(#18446,#18448,#18449,#18450));
#18452=FACE_OUTER_BOUND('',#18451,.F.);
#18453=ADVANCED_FACE('',(#18452),#18445,.T.);
#18454=CARTESIAN_POINT('',(4.535118194907E1,3.E1,-2.437499955297E0));
#18455=DIRECTION('',(2.377714594361E-1,0.E0,-9.713211276800E-1));
#18456=DIRECTION('',(-9.713211276800E-1,0.E0,-2.377714594361E-1));
#18457=AXIS2_PLACEMENT_3D('',#18454,#18455,#18456);
#18458=PLANE('',#18457);
#18459=ORIENTED_EDGE('',*,*,#9940,.F.);
#18461=ORIENTED_EDGE('',*,*,#18460,.T.);
#18462=ORIENTED_EDGE('',*,*,#13721,.T.);
#18463=ORIENTED_EDGE('',*,*,#18447,.F.);
#18464=EDGE_LOOP('',(#18459,#18461,#18462,#18463));
#18465=FACE_OUTER_BOUND('',#18464,.F.);
#18466=ADVANCED_FACE('',(#18465),#18458,.T.);
#18467=CARTESIAN_POINT('',(4.573416062682E1,3.E1,-2.062499910593E0));
#18468=DIRECTION('',(6.996248777656E-1,0.E0,-7.145103431102E-1));
#18469=DIRECTION('',(-7.145103431102E-1,0.E0,-6.996248777656E-1));
#18470=AXIS2_PLACEMENT_3D('',#18467,#18468,#18469);
#18471=PLANE('',#18470);
#18472=ORIENTED_EDGE('',*,*,#9938,.F.);
#18474=ORIENTED_EDGE('',*,*,#18473,.T.);
#18475=ORIENTED_EDGE('',*,*,#13723,.T.);
#18476=ORIENTED_EDGE('',*,*,#18460,.F.);
#18477=EDGE_LOOP('',(#18472,#18474,#18475,#18476));
#18478=FACE_OUTER_BOUND('',#18477,.F.);
#18479=ADVANCED_FACE('',(#18478),#18471,.T.);
#18480=CARTESIAN_POINT('',(4.592564996570E1,3.E1,-1.6875E0));
#18481=DIRECTION('',(8.906052429498E-1,0.E0,-4.547771995497E-1));
#18482=DIRECTION('',(-4.547771995497E-1,0.E0,-8.906052429498E-1));
#18483=AXIS2_PLACEMENT_3D('',#18480,#18481,#18482);
#18484=PLANE('',#18483);
#18485=ORIENTED_EDGE('',*,*,#9936,.F.);
#18487=ORIENTED_EDGE('',*,*,#18486,.T.);
#18488=ORIENTED_EDGE('',*,*,#13725,.T.);
#18489=ORIENTED_EDGE('',*,*,#18473,.F.);
#18490=EDGE_LOOP('',(#18485,#18487,#18488,#18489));
#18491=FACE_OUTER_BOUND('',#18490,.F.);
#18492=ADVANCED_FACE('',(#18491),#18484,.T.);
#18493=CARTESIAN_POINT('',(4.602139463513E1,3.E1,-1.031250089407E0));
#18494=DIRECTION('',(9.895240312099E-1,0.E0,-1.443682501731E-1));
#18495=DIRECTION('',(-1.443682501731E-1,0.E0,-9.895240312099E-1));
#18496=AXIS2_PLACEMENT_3D('',#18493,#18494,#18495);
#18497=PLANE('',#18496);
#18498=ORIENTED_EDGE('',*,*,#9934,.F.);
#18500=ORIENTED_EDGE('',*,*,#18499,.T.);
#18501=ORIENTED_EDGE('',*,*,#13727,.T.);
#18502=ORIENTED_EDGE('',*,*,#18486,.F.);
#18503=EDGE_LOOP('',(#18498,#18500,#18501,#18502));
#18504=FACE_OUTER_BOUND('',#18503,.F.);
#18505=ADVANCED_FACE('',(#18504),#18497,.T.);
#18506=CARTESIAN_POINT('',(4.602139463513E1,3.E1,-8.4375E-1));
#18507=DIRECTION('',(1.E0,0.E0,0.E0));
#18508=DIRECTION('',(0.E0,0.E0,-1.E0));
#18509=AXIS2_PLACEMENT_3D('',#18506,#18507,#18508);
#18510=PLANE('',#18509);
#18511=ORIENTED_EDGE('',*,*,#9932,.F.);
#18513=ORIENTED_EDGE('',*,*,#18512,.T.);
#18514=ORIENTED_EDGE('',*,*,#13729,.T.);
#18515=ORIENTED_EDGE('',*,*,#18499,.F.);
#18516=EDGE_LOOP('',(#18511,#18513,#18514,#18515));
#18517=FACE_OUTER_BOUND('',#18516,.F.);
#18518=ADVANCED_FACE('',(#18517),#18510,.T.);
#18519=CARTESIAN_POINT('',(4.592564996570E1,3.E1,-1.875000894070E-1));
#18520=DIRECTION('',(9.895240312099E-1,0.E0,1.443682501731E-1));
#18521=DIRECTION('',(1.443682501731E-1,0.E0,-9.895240312099E-1));
#18522=AXIS2_PLACEMENT_3D('',#18519,#18520,#18521);
#18523=PLANE('',#18522);
#18524=ORIENTED_EDGE('',*,*,#9930,.F.);
#18526=ORIENTED_EDGE('',*,*,#18525,.T.);
#18527=ORIENTED_EDGE('',*,*,#13731,.T.);
#18528=ORIENTED_EDGE('',*,*,#18512,.F.);
#18529=EDGE_LOOP('',(#18524,#18526,#18527,#18528));
#18530=FACE_OUTER_BOUND('',#18529,.F.);
#18531=ADVANCED_FACE('',(#18530),#18523,.T.);
#18532=CARTESIAN_POINT('',(4.573416062682E1,3.E1,1.874998211861E-1));
#18533=DIRECTION('',(8.906052429498E-1,0.E0,4.547771995497E-1));
#18534=DIRECTION('',(4.547771995497E-1,0.E0,-8.906052429498E-1));
#18535=AXIS2_PLACEMENT_3D('',#18532,#18533,#18534);
#18536=PLANE('',#18535);
#18537=ORIENTED_EDGE('',*,*,#9928,.F.);
#18539=ORIENTED_EDGE('',*,*,#18538,.T.);
#18540=ORIENTED_EDGE('',*,*,#13733,.T.);
#18541=ORIENTED_EDGE('',*,*,#18525,.F.);
#18542=EDGE_LOOP('',(#18537,#18539,#18540,#18541));
#18543=FACE_OUTER_BOUND('',#18542,.F.);
#18544=ADVANCED_FACE('',(#18543),#18536,.T.);
#18545=CARTESIAN_POINT('',(4.535118194907E1,3.E1,5.625E-1));
#18546=DIRECTION('',(6.996250055017E-1,0.E0,7.145102180353E-1));
#18547=DIRECTION('',(7.145102180353E-1,0.E0,-6.996250055017E-1));
#18548=AXIS2_PLACEMENT_3D('',#18545,#18546,#18547);
#18549=PLANE('',#18548);
#18550=ORIENTED_EDGE('',*,*,#9926,.F.);
#18552=ORIENTED_EDGE('',*,*,#18551,.T.);
#18553=ORIENTED_EDGE('',*,*,#13735,.T.);
#18554=ORIENTED_EDGE('',*,*,#18538,.F.);
#18555=EDGE_LOOP('',(#18550,#18552,#18553,#18554));
#18556=FACE_OUTER_BOUND('',#18555,.F.);
#18557=ADVANCED_FACE('',(#18556),#18549,.T.);
#18558=CARTESIAN_POINT('',(4.496820327132E1,3.E1,6.562501788139E-1));
#18559=DIRECTION('',(2.377717803411E-1,0.E0,9.713210491251E-1));
#18560=DIRECTION('',(9.713210491251E-1,0.E0,-2.377717803411E-1));
#18561=AXIS2_PLACEMENT_3D('',#18558,#18559,#18560);
#18562=PLANE('',#18561);
#18563=ORIENTED_EDGE('',*,*,#9924,.F.);
#18565=ORIENTED_EDGE('',*,*,#18564,.T.);
#18566=ORIENTED_EDGE('',*,*,#13737,.T.);
#18567=ORIENTED_EDGE('',*,*,#18551,.F.);
#18568=EDGE_LOOP('',(#18563,#18565,#18566,#18567));
#18569=FACE_OUTER_BOUND('',#18568,.F.);
#18570=ADVANCED_FACE('',(#18569),#18562,.T.);
#18571=CARTESIAN_POINT('',(4.477671366423E1,3.E1,6.562501788139E-1));
#18572=DIRECTION('',(0.E0,0.E0,1.E0));
#18573=DIRECTION('',(1.E0,0.E0,0.E0));
#18574=AXIS2_PLACEMENT_3D('',#18571,#18572,#18573);
#18575=PLANE('',#18574);
#18576=ORIENTED_EDGE('',*,*,#9922,.F.);
#18578=ORIENTED_EDGE('',*,*,#18577,.T.);
#18579=ORIENTED_EDGE('',*,*,#13739,.T.);
#18580=ORIENTED_EDGE('',*,*,#18564,.F.);
#18581=EDGE_LOOP('',(#18576,#18578,#18579,#18580));
#18582=FACE_OUTER_BOUND('',#18581,.F.);
#18583=ADVANCED_FACE('',(#18582),#18575,.T.);
#18584=CARTESIAN_POINT('',(4.439373498648E1,3.E1,5.625E-1));
#18585=DIRECTION('',(-2.377717803411E-1,0.E0,9.713210491251E-1));
#18586=DIRECTION('',(9.713210491251E-1,0.E0,2.377717803411E-1));
#18587=AXIS2_PLACEMENT_3D('',#18584,#18585,#18586);
#18588=PLANE('',#18587);
#18589=ORIENTED_EDGE('',*,*,#9920,.F.);
#18591=ORIENTED_EDGE('',*,*,#18590,.T.);
#18592=ORIENTED_EDGE('',*,*,#13741,.T.);
#18593=ORIENTED_EDGE('',*,*,#18577,.F.);
#18594=EDGE_LOOP('',(#18589,#18591,#18592,#18593));
#18595=FACE_OUTER_BOUND('',#18594,.F.);
#18596=ADVANCED_FACE('',(#18595),#18588,.T.);
#18597=CARTESIAN_POINT('',(4.410650097817E1,3.E1,3.750001788139E-1));
#18598=DIRECTION('',(-5.466221810895E-1,0.E0,8.373793591563E-1));
#18599=DIRECTION('',(8.373793591563E-1,0.E0,5.466221810895E-1));
#18600=AXIS2_PLACEMENT_3D('',#18597,#18598,#18599);
#18601=PLANE('',#18600);
#18602=ORIENTED_EDGE('',*,*,#9918,.F.);
#18604=ORIENTED_EDGE('',*,*,#18603,.T.);
#18605=ORIENTED_EDGE('',*,*,#13743,.T.);
#18606=ORIENTED_EDGE('',*,*,#18590,.F.);
#18607=EDGE_LOOP('',(#18602,#18604,#18605,#18606));
#18608=FACE_OUTER_BOUND('',#18607,.F.);
#18609=ADVANCED_FACE('',(#18608),#18601,.T.);
#18610=CARTESIAN_POINT('',(4.381926696985E1,3.E1,0.E0));
#18611=DIRECTION('',(-7.938783209665E-1,0.E0,6.080766493621E-1));
#18612=DIRECTION('',(6.080766493621E-1,0.E0,7.938783209665E-1));
#18613=AXIS2_PLACEMENT_3D('',#18610,#18611,#18612);
#18614=PLANE('',#18613);
#18615=ORIENTED_EDGE('',*,*,#9916,.F.);
#18617=ORIENTED_EDGE('',*,*,#18616,.T.);
#18618=ORIENTED_EDGE('',*,*,#13745,.T.);
#18619=ORIENTED_EDGE('',*,*,#18603,.F.);
#18620=EDGE_LOOP('',(#18615,#18617,#18618,#18619));
#18621=FACE_OUTER_BOUND('',#18620,.F.);
#18622=ADVANCED_FACE('',(#18621),#18614,.T.);
#18623=CARTESIAN_POINT('',(4.362777763098E1,3.E1,4.687498211861E-1));
#18624=DIRECTION('',(9.257350567423E-1,0.E0,3.781727181043E-1));
#18625=DIRECTION('',(3.781727181043E-1,0.E0,-9.257350567423E-1));
#18626=AXIS2_PLACEMENT_3D('',#18623,#18624,#18625);
#18627=PLANE('',#18626);
#18628=ORIENTED_EDGE('',*,*,#9914,.F.);
#18630=ORIENTED_EDGE('',*,*,#18629,.T.);
#18631=ORIENTED_EDGE('',*,*,#13747,.T.);
#18632=ORIENTED_EDGE('',*,*,#18616,.F.);
#18633=EDGE_LOOP('',(#18628,#18630,#18631,#18632));
#18634=FACE_OUTER_BOUND('',#18633,.F.);
#18635=ADVANCED_FACE('',(#18634),#18627,.T.);
#18636=CARTESIAN_POINT('',(4.334054362267E1,3.E1,6.562501788139E-1));
#18637=DIRECTION('',(5.466232777014E-1,0.E0,8.373786433120E-1));
#18638=DIRECTION('',(8.373786433120E-1,0.E0,-5.466232777014E-1));
#18639=AXIS2_PLACEMENT_3D('',#18636,#18637,#18638);
#18640=PLANE('',#18639);
#18641=ORIENTED_EDGE('',*,*,#9912,.F.);
#18643=ORIENTED_EDGE('',*,*,#18642,.T.);
#18644=ORIENTED_EDGE('',*,*,#13749,.T.);
#18645=ORIENTED_EDGE('',*,*,#18629,.F.);
#18646=EDGE_LOOP('',(#18641,#18643,#18644,#18645));
#18647=FACE_OUTER_BOUND('',#18646,.F.);
#18648=ADVANCED_FACE('',(#18647),#18640,.T.);
#18649=CARTESIAN_POINT('',(4.295756481081E1,3.E1,7.499998211861E-1));
#18650=DIRECTION('',(2.377704181660E-1,0.E0,9.713213825738E-1));
#18651=DIRECTION('',(9.713213825738E-1,0.E0,-2.377704181660E-1));
#18652=AXIS2_PLACEMENT_3D('',#18649,#18650,#18651);
#18653=PLANE('',#18652);
#18654=ORIENTED_EDGE('',*,*,#9910,.F.);
#18656=ORIENTED_EDGE('',*,*,#18655,.T.);
#18657=ORIENTED_EDGE('',*,*,#13751,.T.);
#18658=ORIENTED_EDGE('',*,*,#18642,.F.);
#18659=EDGE_LOOP('',(#18654,#18656,#18657,#18658));
#18660=FACE_OUTER_BOUND('',#18659,.F.);
#18661=ADVANCED_FACE('',(#18660),#18653,.T.);
#18662=CARTESIAN_POINT('',(4.257458613306E1,3.E1,7.499998211861E-1));
#18663=DIRECTION('',(0.E0,0.E0,1.E0));
#18664=DIRECTION('',(1.E0,0.E0,0.E0));
#18665=AXIS2_PLACEMENT_3D('',#18662,#18663,#18664);
#18666=PLANE('',#18665);
#18667=ORIENTED_EDGE('',*,*,#9908,.F.);
#18669=ORIENTED_EDGE('',*,*,#18668,.T.);
#18670=ORIENTED_EDGE('',*,*,#13753,.T.);
#18671=ORIENTED_EDGE('',*,*,#18655,.F.);
#18672=EDGE_LOOP('',(#18667,#18669,#18670,#18671));
#18673=FACE_OUTER_BOUND('',#18672,.F.);
#18674=ADVANCED_FACE('',(#18673),#18666,.T.);
#18675=CARTESIAN_POINT('',(4.228735205769E1,3.E1,6.562501788139E-1));
#18676=DIRECTION('',(-3.102789298341E-1,0.E0,9.506455626052E-1));
#18677=DIRECTION('',(9.506455626052E-1,0.E0,3.102789298341E-1));
#18678=AXIS2_PLACEMENT_3D('',#18675,#18676,#18677);
#18679=PLANE('',#18678);
#18680=ORIENTED_EDGE('',*,*,#9906,.F.);
#18681=ORIENTED_EDGE('',*,*,#17955,.T.);
#18682=ORIENTED_EDGE('',*,*,#13755,.T.);
#18683=ORIENTED_EDGE('',*,*,#18668,.F.);
#18684=EDGE_LOOP('',(#18680,#18681,#18682,#18683));
#18685=FACE_OUTER_BOUND('',#18684,.F.);
#18686=ADVANCED_FACE('',(#18685),#18679,.T.);
#18687=CARTESIAN_POINT('',(4.200011804938E1,3.E1,4.593749642372E0));
#18688=DIRECTION('',(-5.466232777014E-1,0.E0,8.373786433120E-1));
#18689=DIRECTION('',(8.373786433120E-1,0.E0,5.466232777014E-1));
#18690=AXIS2_PLACEMENT_3D('',#18687,#18688,#18689);
#18691=PLANE('',#18690);
#18692=ORIENTED_EDGE('',*,*,#10020,.F.);
#18694=ORIENTED_EDGE('',*,*,#18693,.T.);
#18695=ORIENTED_EDGE('',*,*,#13765,.T.);
#18697=ORIENTED_EDGE('',*,*,#18696,.F.);
#18698=EDGE_LOOP('',(#18692,#18694,#18695,#18697));
#18699=FACE_OUTER_BOUND('',#18698,.F.);
#18700=ADVANCED_FACE('',(#18699),#18691,.T.);
#18701=CARTESIAN_POINT('',(4.180862867697E1,3.E1,4.312500178814E0));
#18702=DIRECTION('',(-8.265987335919E-1,0.E0,5.627917320148E-1));
#18703=DIRECTION('',(5.627917320148E-1,0.E0,8.265987335919E-1));
#18704=AXIS2_PLACEMENT_3D('',#18701,#18702,#18703);
#18705=PLANE('',#18704);
#18706=ORIENTED_EDGE('',*,*,#10132,.F.);
#18708=ORIENTED_EDGE('',*,*,#18707,.T.);
#18709=ORIENTED_EDGE('',*,*,#13767,.T.);
#18710=ORIENTED_EDGE('',*,*,#18693,.F.);
#18711=EDGE_LOOP('',(#18706,#18708,#18709,#18710));
#18712=FACE_OUTER_BOUND('',#18711,.F.);
#18713=ADVANCED_FACE('',(#18712),#18705,.T.);
#18714=CARTESIAN_POINT('',(4.161713931295E1,3.E1,3.9375E0));
#18715=DIRECTION('',(-8.906053505096E-1,0.E0,4.547769889117E-1));
#18716=DIRECTION('',(4.547769889117E-1,0.E0,8.906053505096E-1));
#18717=AXIS2_PLACEMENT_3D('',#18714,#18715,#18716);
#18718=PLANE('',#18717);
#18719=ORIENTED_EDGE('',*,*,#10130,.F.);
#18721=ORIENTED_EDGE('',*,*,#18720,.T.);
#18722=ORIENTED_EDGE('',*,*,#13769,.T.);
#18723=ORIENTED_EDGE('',*,*,#18707,.F.);
#18724=EDGE_LOOP('',(#18719,#18721,#18722,#18723));
#18725=FACE_OUTER_BOUND('',#18724,.F.);
#18726=ADVANCED_FACE('',(#18725),#18718,.T.);
#18727=CARTESIAN_POINT('',(4.152139463513E1,3.E1,3.562499821186E0));
#18728=DIRECTION('',(-9.689177407767E-1,0.E0,2.473831271694E-1));
#18729=DIRECTION('',(2.473831271694E-1,0.E0,9.689177407767E-1));
#18730=AXIS2_PLACEMENT_3D('',#18727,#18728,#18729);
#18731=PLANE('',#18730);
#18732=ORIENTED_EDGE('',*,*,#10128,.F.);
#18734=ORIENTED_EDGE('',*,*,#18733,.T.);
#18735=ORIENTED_EDGE('',*,*,#13771,.T.);
#18736=ORIENTED_EDGE('',*,*,#18720,.F.);
#18737=EDGE_LOOP('',(#18732,#18734,#18735,#18736));
#18738=FACE_OUTER_BOUND('',#18737,.F.);
#18739=ADVANCED_FACE('',(#18738),#18731,.T.);
#18740=CARTESIAN_POINT('',(4.152139463513E1,3.E1,2.8125E0));
#18741=DIRECTION('',(-1.E0,0.E0,0.E0));
#18742=DIRECTION('',(0.E0,0.E0,1.E0));
#18743=AXIS2_PLACEMENT_3D('',#18740,#18741,#18742);
#18744=PLANE('',#18743);
#18745=ORIENTED_EDGE('',*,*,#10126,.F.);
#18747=ORIENTED_EDGE('',*,*,#18746,.T.);
#18748=ORIENTED_EDGE('',*,*,#13773,.T.);
#18749=ORIENTED_EDGE('',*,*,#18733,.F.);
#18750=EDGE_LOOP('',(#18745,#18747,#18748,#18749));
#18751=FACE_OUTER_BOUND('',#18750,.F.);
#18752=ADVANCED_FACE('',(#18751),#18744,.T.);
#18753=CARTESIAN_POINT('',(4.161713931295E1,3.E1,2.437499821186E0));
#18754=DIRECTION('',(-9.689177407767E-1,0.E0,-2.473831271694E-1));
#18755=DIRECTION('',(-2.473831271694E-1,0.E0,9.689177407767E-1));
#18756=AXIS2_PLACEMENT_3D('',#18753,#18754,#18755);
#18757=PLANE('',#18756);
#18758=ORIENTED_EDGE('',*,*,#10124,.F.);
#18760=ORIENTED_EDGE('',*,*,#18759,.T.);
#18761=ORIENTED_EDGE('',*,*,#13775,.T.);
#18762=ORIENTED_EDGE('',*,*,#18746,.F.);
#18763=EDGE_LOOP('',(#18758,#18760,#18761,#18762));
#18764=FACE_OUTER_BOUND('',#18763,.F.);
#18765=ADVANCED_FACE('',(#18764),#18757,.T.);
#18766=CARTESIAN_POINT('',(4.180862867697E1,3.E1,2.062500178814E0));
#18767=DIRECTION('',(-8.906050870136E-1,0.E0,-4.547775049247E-1));
#18768=DIRECTION('',(-4.547775049247E-1,0.E0,8.906050870136E-1));
#18769=AXIS2_PLACEMENT_3D('',#18766,#18767,#18768);
#18770=PLANE('',#18769);
#18771=ORIENTED_EDGE('',*,*,#10122,.F.);
#18773=ORIENTED_EDGE('',*,*,#18772,.T.);
#18774=ORIENTED_EDGE('',*,*,#13777,.T.);
#18775=ORIENTED_EDGE('',*,*,#18759,.F.);
#18776=EDGE_LOOP('',(#18771,#18773,#18774,#18775));
#18777=FACE_OUTER_BOUND('',#18776,.F.);
#18778=ADVANCED_FACE('',(#18777),#18770,.T.);
#18779=CARTESIAN_POINT('',(4.200011804938E1,3.E1,1.781250178814E0));
#18780=DIRECTION('',(-8.265992329593E-1,0.E0,-5.627909985697E-1));
#18781=DIRECTION('',(-5.627909985697E-1,0.E0,8.265992329593E-1));
#18782=AXIS2_PLACEMENT_3D('',#18779,#18780,#18781);
#18783=PLANE('',#18782);
#18784=ORIENTED_EDGE('',*,*,#10120,.F.);
#18786=ORIENTED_EDGE('',*,*,#18785,.T.);
#18787=ORIENTED_EDGE('',*,*,#13779,.T.);
#18788=ORIENTED_EDGE('',*,*,#18772,.F.);
#18789=EDGE_LOOP('',(#18784,#18786,#18787,#18788));
#18790=FACE_OUTER_BOUND('',#18789,.F.);
#18791=ADVANCED_FACE('',(#18790),#18783,.T.);
#18792=CARTESIAN_POINT('',(4.228735205769E1,3.E1,1.593749821186E0));
#18793=DIRECTION('',(-5.466232777014E-1,0.E0,-8.373786433120E-1));
#18794=DIRECTION('',(-8.373786433120E-1,0.E0,5.466232777014E-1));
#18795=AXIS2_PLACEMENT_3D('',#18792,#18793,#18794);
#18796=PLANE('',#18795);
#18797=ORIENTED_EDGE('',*,*,#10118,.F.);
#18799=ORIENTED_EDGE('',*,*,#18798,.T.);
#18800=ORIENTED_EDGE('',*,*,#13781,.T.);
#18801=ORIENTED_EDGE('',*,*,#18785,.F.);
#18802=EDGE_LOOP('',(#18797,#18799,#18800,#18801));
#18803=FACE_OUTER_BOUND('',#18802,.F.);
#18804=ADVANCED_FACE('',(#18803),#18796,.T.);
#18805=CARTESIAN_POINT('',(4.257458613306E1,3.E1,1.500000178814E0));
#18806=DIRECTION('',(-3.102789298341E-1,0.E0,-9.506455626052E-1));
#18807=DIRECTION('',(-9.506455626052E-1,0.E0,3.102789298341E-1));
#18808=AXIS2_PLACEMENT_3D('',#18805,#18806,#18807);
#18809=PLANE('',#18808);
#18810=ORIENTED_EDGE('',*,*,#10116,.F.);
#18812=ORIENTED_EDGE('',*,*,#18811,.T.);
#18813=ORIENTED_EDGE('',*,*,#13783,.T.);
#18814=ORIENTED_EDGE('',*,*,#18798,.F.);
#18815=EDGE_LOOP('',(#18810,#18812,#18813,#18814));
#18816=FACE_OUTER_BOUND('',#18815,.F.);
#18817=ADVANCED_FACE('',(#18816),#18809,.T.);
#18818=CARTESIAN_POINT('',(4.257458613306E1,3.E1,1.96875E0));
#18819=DIRECTION('',(1.E0,0.E0,0.E0));
#18820=DIRECTION('',(0.E0,0.E0,-1.E0));
#18821=AXIS2_PLACEMENT_3D('',#18818,#18819,#18820);
#18822=PLANE('',#18821);
#18823=ORIENTED_EDGE('',*,*,#10114,.F.);
#18825=ORIENTED_EDGE('',*,*,#18824,.T.);
#18826=ORIENTED_EDGE('',*,*,#13785,.T.);
#18827=ORIENTED_EDGE('',*,*,#18811,.F.);
#18828=EDGE_LOOP('',(#18823,#18825,#18826,#18827));
#18829=FACE_OUTER_BOUND('',#18828,.F.);
#18830=ADVANCED_FACE('',(#18829),#18822,.T.);
#18831=CARTESIAN_POINT('',(4.238309679418E1,3.E1,2.062500178814E0));
#18832=DIRECTION('',(4.397141723527E-1,0.E0,8.981377659536E-1));
#18833=DIRECTION('',(8.981377659536E-1,0.E0,-4.397141723527E-1));
#18834=AXIS2_PLACEMENT_3D('',#18831,#18832,#18833);
#18835=PLANE('',#18834);
#18836=ORIENTED_EDGE('',*,*,#10112,.F.);
#18838=ORIENTED_EDGE('',*,*,#18837,.T.);
#18839=ORIENTED_EDGE('',*,*,#13787,.T.);
#18840=ORIENTED_EDGE('',*,*,#18824,.F.);
#18841=EDGE_LOOP('',(#18836,#18838,#18839,#18840));
#18842=FACE_OUTER_BOUND('',#18841,.F.);
#18843=ADVANCED_FACE('',(#18842),#18835,.T.);
#18844=CARTESIAN_POINT('',(4.219160738825E1,3.E1,2.25E0));
#18845=DIRECTION('',(6.996243694821E-1,0.E0,7.145108408043E-1));
#18846=DIRECTION('',(7.145108408043E-1,0.E0,-6.996243694821E-1));
#18847=AXIS2_PLACEMENT_3D('',#18844,#18845,#18846);
#18848=PLANE('',#18847);
#18849=ORIENTED_EDGE('',*,*,#10110,.F.);
#18851=ORIENTED_EDGE('',*,*,#18850,.T.);
#18852=ORIENTED_EDGE('',*,*,#13789,.T.);
#18853=ORIENTED_EDGE('',*,*,#18837,.F.);
#18854=EDGE_LOOP('',(#18849,#18851,#18852,#18853));
#18855=FACE_OUTER_BOUND('',#18854,.F.);
#18856=ADVANCED_FACE('',(#18855),#18848,.T.);
#18857=CARTESIAN_POINT('',(4.209586271881E1,3.E1,2.437499821186E0));
#18858=DIRECTION('',(8.906051112017E-1,0.E0,4.547774575564E-1));
#18859=DIRECTION('',(4.547774575564E-1,0.E0,-8.906051112017E-1));
#18860=AXIS2_PLACEMENT_3D('',#18857,#18858,#18859);
#18861=PLANE('',#18860);
#18862=ORIENTED_EDGE('',*,*,#10108,.F.);
#18864=ORIENTED_EDGE('',*,*,#18863,.T.);
#18865=ORIENTED_EDGE('',*,*,#13791,.T.);
#18866=ORIENTED_EDGE('',*,*,#18850,.F.);
#18867=EDGE_LOOP('',(#18862,#18864,#18865,#18866));
#18868=FACE_OUTER_BOUND('',#18867,.F.);
#18869=ADVANCED_FACE('',(#18868),#18861,.T.);
#18870=CARTESIAN_POINT('',(4.200011804938E1,3.E1,2.906250178814E0));
#18871=DIRECTION('',(9.797707392153E-1,0.E0,2.001232084928E-1));
#18872=DIRECTION('',(2.001232084928E-1,0.E0,-9.797707392153E-1));
#18873=AXIS2_PLACEMENT_3D('',#18870,#18871,#18872);
#18874=PLANE('',#18873);
#18875=ORIENTED_EDGE('',*,*,#10106,.F.);
#18877=ORIENTED_EDGE('',*,*,#18876,.T.);
#18878=ORIENTED_EDGE('',*,*,#13793,.T.);
#18879=ORIENTED_EDGE('',*,*,#18863,.F.);
#18880=EDGE_LOOP('',(#18875,#18877,#18878,#18879));
#18881=FACE_OUTER_BOUND('',#18880,.F.);
#18882=ADVANCED_FACE('',(#18881),#18874,.T.);
#18883=CARTESIAN_POINT('',(4.200011804938E1,3.E1,3.468750178814E0));
#18884=DIRECTION('',(1.E0,0.E0,0.E0));
#18885=DIRECTION('',(0.E0,0.E0,-1.E0));
#18886=AXIS2_PLACEMENT_3D('',#18883,#18884,#18885);
#18887=PLANE('',#18886);
#18888=ORIENTED_EDGE('',*,*,#10104,.F.);
#18890=ORIENTED_EDGE('',*,*,#18889,.T.);
#18891=ORIENTED_EDGE('',*,*,#13795,.T.);
#18892=ORIENTED_EDGE('',*,*,#18876,.F.);
#18893=EDGE_LOOP('',(#18888,#18890,#18891,#18892));
#18894=FACE_OUTER_BOUND('',#18893,.F.);
#18895=ADVANCED_FACE('',(#18894),#18887,.T.);
#18896=CARTESIAN_POINT('',(4.209586271881E1,3.E1,3.9375E0));
#18897=DIRECTION('',(9.797706943097E-1,0.E0,-2.001234283435E-1));
#18898=DIRECTION('',(-2.001234283435E-1,0.E0,-9.797706943097E-1));
#18899=AXIS2_PLACEMENT_3D('',#18896,#18897,#18898);
#18900=PLANE('',#18899);
#18901=ORIENTED_EDGE('',*,*,#10102,.F.);
#18903=ORIENTED_EDGE('',*,*,#18902,.T.);
#18904=ORIENTED_EDGE('',*,*,#13797,.T.);
#18905=ORIENTED_EDGE('',*,*,#18889,.F.);
#18906=EDGE_LOOP('',(#18901,#18903,#18904,#18905));
#18907=FACE_OUTER_BOUND('',#18906,.F.);
#18908=ADVANCED_FACE('',(#18907),#18900,.T.);
#18909=CARTESIAN_POINT('',(4.219160738825E1,3.E1,4.124999821186E0));
#18910=DIRECTION('',(8.906051112017E-1,0.E0,-4.547774575564E-1));
#18911=DIRECTION('',(-4.547774575564E-1,0.E0,-8.906051112017E-1));
#18912=AXIS2_PLACEMENT_3D('',#18909,#18910,#18911);
#18913=PLANE('',#18912);
#18914=ORIENTED_EDGE('',*,*,#10100,.F.);
#18916=ORIENTED_EDGE('',*,*,#18915,.T.);
#18917=ORIENTED_EDGE('',*,*,#13799,.T.);
#18918=ORIENTED_EDGE('',*,*,#18902,.F.);
#18919=EDGE_LOOP('',(#18914,#18916,#18917,#18918));
#18920=FACE_OUTER_BOUND('',#18919,.F.);
#18921=ADVANCED_FACE('',(#18920),#18913,.T.);
#18922=CARTESIAN_POINT('',(4.238309679418E1,3.E1,4.312500178814E0));
#18923=DIRECTION('',(6.996253913704E-1,0.E0,-7.145098402051E-1));
#18924=DIRECTION('',(-7.145098402051E-1,0.E0,-6.996253913704E-1));
#18925=AXIS2_PLACEMENT_3D('',#18922,#18923,#18924);
#18926=PLANE('',#18925);
#18927=ORIENTED_EDGE('',*,*,#10098,.F.);
#18929=ORIENTED_EDGE('',*,*,#18928,.T.);
#18930=ORIENTED_EDGE('',*,*,#13801,.T.);
#18931=ORIENTED_EDGE('',*,*,#18915,.F.);
#18932=EDGE_LOOP('',(#18927,#18929,#18930,#18931));
#18933=FACE_OUTER_BOUND('',#18932,.F.);
#18934=ADVANCED_FACE('',(#18933),#18926,.T.);
#18935=CARTESIAN_POINT('',(4.257458613306E1,3.E1,4.406249821186E0));
#18936=DIRECTION('',(4.397121427660E-1,0.E0,-8.981387596046E-1));
#18937=DIRECTION('',(-8.981387596046E-1,0.E0,-4.397121427660E-1));
#18938=AXIS2_PLACEMENT_3D('',#18935,#18936,#18937);
#18939=PLANE('',#18938);
#18940=ORIENTED_EDGE('',*,*,#10096,.F.);
#18942=ORIENTED_EDGE('',*,*,#18941,.T.);
#18943=ORIENTED_EDGE('',*,*,#13803,.T.);
#18944=ORIENTED_EDGE('',*,*,#18928,.F.);
#18945=EDGE_LOOP('',(#18940,#18942,#18943,#18944));
#18946=FACE_OUTER_BOUND('',#18945,.F.);
#18947=ADVANCED_FACE('',(#18946),#18939,.T.);
#18948=CARTESIAN_POINT('',(4.295756481081E1,3.E1,4.406249821186E0));
#18949=DIRECTION('',(0.E0,0.E0,-1.E0));
#18950=DIRECTION('',(-1.E0,0.E0,0.E0));
#18951=AXIS2_PLACEMENT_3D('',#18948,#18949,#18950);
#18952=PLANE('',#18951);
#18953=ORIENTED_EDGE('',*,*,#10094,.F.);
#18955=ORIENTED_EDGE('',*,*,#18954,.T.);
#18956=ORIENTED_EDGE('',*,*,#13805,.T.);
#18957=ORIENTED_EDGE('',*,*,#18941,.F.);
#18958=EDGE_LOOP('',(#18953,#18955,#18956,#18957));
#18959=FACE_OUTER_BOUND('',#18958,.F.);
#18960=ADVANCED_FACE('',(#18959),#18952,.T.);
#18961=CARTESIAN_POINT('',(4.334054362267E1,3.E1,4.21875E0));
#18962=DIRECTION('',(-4.397130333538E-1,0.E0,-8.981383235887E-1));
#18963=DIRECTION('',(-8.981383235887E-1,0.E0,4.397130333538E-1));
#18964=AXIS2_PLACEMENT_3D('',#18961,#18962,#18963);
#18965=PLANE('',#18964);
#18966=ORIENTED_EDGE('',*,*,#10092,.F.);
#18968=ORIENTED_EDGE('',*,*,#18967,.T.);
#18969=ORIENTED_EDGE('',*,*,#13807,.T.);
#18970=ORIENTED_EDGE('',*,*,#18954,.F.);
#18971=EDGE_LOOP('',(#18966,#18968,#18969,#18970));
#18972=FACE_OUTER_BOUND('',#18971,.F.);
#18973=ADVANCED_FACE('',(#18972),#18965,.T.);
#18974=CARTESIAN_POINT('',(4.353203296154E1,3.E1,3.9375E0));
#18975=DIRECTION('',(-8.265992787996E-1,0.E0,-5.627909312417E-1));
#18976=DIRECTION('',(-5.627909312417E-1,0.E0,8.265992787996E-1));
#18977=AXIS2_PLACEMENT_3D('',#18974,#18975,#18976);
#18978=PLANE('',#18977);
#18979=ORIENTED_EDGE('',*,*,#10090,.F.);
#18981=ORIENTED_EDGE('',*,*,#18980,.T.);
#18982=ORIENTED_EDGE('',*,*,#13809,.T.);
#18983=ORIENTED_EDGE('',*,*,#18967,.F.);
#18984=EDGE_LOOP('',(#18979,#18981,#18982,#18983));
#18985=FACE_OUTER_BOUND('',#18984,.F.);
#18986=ADVANCED_FACE('',(#18985),#18978,.T.);
#18987=CARTESIAN_POINT('',(4.362777763098E1,3.E1,3.375E0));
#18988=DIRECTION('',(-9.858211730931E-1,0.E0,-1.677993286083E-1));
#18989=DIRECTION('',(-1.677993286083E-1,0.E0,9.858211730931E-1));
#18990=AXIS2_PLACEMENT_3D('',#18987,#18988,#18989);
#18991=PLANE('',#18990);
#18992=ORIENTED_EDGE('',*,*,#10088,.F.);
#18994=ORIENTED_EDGE('',*,*,#18993,.T.);
#18995=ORIENTED_EDGE('',*,*,#13811,.T.);
#18996=ORIENTED_EDGE('',*,*,#18980,.F.);
#18997=EDGE_LOOP('',(#18992,#18994,#18995,#18996));
#18998=FACE_OUTER_BOUND('',#18997,.F.);
#18999=ADVANCED_FACE('',(#18998),#18991,.T.);
#19000=CARTESIAN_POINT('',(4.362777763098E1,3.E1,2.999999821186E0));
#19001=DIRECTION('',(-1.E0,0.E0,0.E0));
#19002=DIRECTION('',(0.E0,0.E0,1.E0));
#19003=AXIS2_PLACEMENT_3D('',#19000,#19001,#19002);
#19004=PLANE('',#19003);
#19005=ORIENTED_EDGE('',*,*,#10086,.F.);
#19007=ORIENTED_EDGE('',*,*,#19006,.T.);
#19008=ORIENTED_EDGE('',*,*,#13813,.T.);
#19009=ORIENTED_EDGE('',*,*,#18993,.F.);
#19010=EDGE_LOOP('',(#19005,#19007,#19008,#19009));
#19011=FACE_OUTER_BOUND('',#19010,.F.);
#19012=ADVANCED_FACE('',(#19011),#19004,.T.);
#19013=CARTESIAN_POINT('',(4.401075630873E1,3.E1,2.999999821186E0));
#19014=DIRECTION('',(0.E0,0.E0,-1.E0));
#19015=DIRECTION('',(-1.E0,0.E0,0.E0));
#19016=AXIS2_PLACEMENT_3D('',#19013,#19014,#19015);
#19017=PLANE('',#19016);
#19018=ORIENTED_EDGE('',*,*,#10084,.F.);
#19020=ORIENTED_EDGE('',*,*,#19019,.T.);
#19021=ORIENTED_EDGE('',*,*,#13815,.T.);
#19022=ORIENTED_EDGE('',*,*,#19006,.F.);
#19023=EDGE_LOOP('',(#19018,#19020,#19021,#19022));
#19024=FACE_OUTER_BOUND('',#19023,.F.);
#19025=ADVANCED_FACE('',(#19024),#19017,.T.);
#19026=CARTESIAN_POINT('',(4.401075630873E1,3.E1,3.375E0));
#19027=DIRECTION('',(1.E0,0.E0,0.E0));
#19028=DIRECTION('',(0.E0,0.E0,-1.E0));
#19029=AXIS2_PLACEMENT_3D('',#19026,#19027,#19028);
#19030=PLANE('',#19029);
#19031=ORIENTED_EDGE('',*,*,#10082,.F.);
#19033=ORIENTED_EDGE('',*,*,#19032,.T.);
#19034=ORIENTED_EDGE('',*,*,#13817,.T.);
#19035=ORIENTED_EDGE('',*,*,#19019,.F.);
#19036=EDGE_LOOP('',(#19031,#19033,#19034,#19035));
#19037=FACE_OUTER_BOUND('',#19036,.F.);
#19038=ADVANCED_FACE('',(#19037),#19030,.T.);
#19039=CARTESIAN_POINT('',(4.420224564760E1,3.E1,3.9375E0));
#19040=DIRECTION('',(9.466499177700E-1,0.E0,-3.222637633772E-1));
#19041=DIRECTION('',(-3.222637633772E-1,0.E0,-9.466499177700E-1));
#19042=AXIS2_PLACEMENT_3D('',#19039,#19040,#19041);
#19043=PLANE('',#19042);
#19044=ORIENTED_EDGE('',*,*,#10080,.F.);
#19046=ORIENTED_EDGE('',*,*,#19045,.T.);
#19047=ORIENTED_EDGE('',*,*,#13819,.T.);
#19048=ORIENTED_EDGE('',*,*,#19032,.F.);
#19049=EDGE_LOOP('',(#19044,#19046,#19047,#19048));
#19050=FACE_OUTER_BOUND('',#19049,.F.);
#19051=ADVANCED_FACE('',(#19050),#19043,.T.);
#19052=CARTESIAN_POINT('',(4.439373498648E1,3.E1,4.124999821186E0));
#19053=DIRECTION('',(6.996244945571E-1,0.E0,-7.145107183351E-1));
#19054=DIRECTION('',(-7.145107183351E-1,0.E0,-6.996244945571E-1));
#19055=AXIS2_PLACEMENT_3D('',#19052,#19053,#19054);
#19056=PLANE('',#19055);
#19057=ORIENTED_EDGE('',*,*,#10078,.F.);
#19059=ORIENTED_EDGE('',*,*,#19058,.T.);
#19060=ORIENTED_EDGE('',*,*,#13821,.T.);
#19061=ORIENTED_EDGE('',*,*,#19045,.F.);
#19062=EDGE_LOOP('',(#19057,#19059,#19060,#19061));
#19063=FACE_OUTER_BOUND('',#19062,.F.);
#19064=ADVANCED_FACE('',(#19063),#19056,.T.);
#19065=CARTESIAN_POINT('',(4.477671366423E1,3.E1,4.312500178814E0));
#19066=DIRECTION('',(4.397141723527E-1,0.E0,-8.981377659536E-1));
#19067=DIRECTION('',(-8.981377659536E-1,0.E0,-4.397141723527E-1));
#19068=AXIS2_PLACEMENT_3D('',#19065,#19066,#19067);
#19069=PLANE('',#19068);
#19070=ORIENTED_EDGE('',*,*,#10076,.F.);
#19072=ORIENTED_EDGE('',*,*,#19071,.T.);
#19073=ORIENTED_EDGE('',*,*,#13823,.T.);
#19074=ORIENTED_EDGE('',*,*,#19058,.F.);
#19075=EDGE_LOOP('',(#19070,#19072,#19073,#19074));
#19076=FACE_OUTER_BOUND('',#19075,.F.);
#19077=ADVANCED_FACE('',(#19076),#19069,.T.);
#19078=CARTESIAN_POINT('',(4.496820327132E1,3.E1,4.312500178814E0));
#19079=DIRECTION('',(0.E0,0.E0,-1.E0));
#19080=DIRECTION('',(-1.E0,0.E0,0.E0));
#19081=AXIS2_PLACEMENT_3D('',#19078,#19079,#19080);
#19082=PLANE('',#19081);
#19083=ORIENTED_EDGE('',*,*,#10074,.F.);
#19085=ORIENTED_EDGE('',*,*,#19084,.T.);
#19086=ORIENTED_EDGE('',*,*,#13825,.T.);
#19087=ORIENTED_EDGE('',*,*,#19071,.F.);
#19088=EDGE_LOOP('',(#19083,#19085,#19086,#19087));
#19089=FACE_OUTER_BOUND('',#19088,.F.);
#19090=ADVANCED_FACE('',(#19089),#19082,.T.);
#19091=CARTESIAN_POINT('',(4.525543727964E1,3.E1,4.124999821186E0));
#19092=DIRECTION('',(-5.466232777014E-1,0.E0,-8.373786433120E-1));
#19093=DIRECTION('',(-8.373786433120E-1,0.E0,5.466232777014E-1));
#19094=AXIS2_PLACEMENT_3D('',#19091,#19092,#19093);
#19095=PLANE('',#19094);
#19096=ORIENTED_EDGE('',*,*,#10072,.F.);
#19098=ORIENTED_EDGE('',*,*,#19097,.T.);
#19099=ORIENTED_EDGE('',*,*,#13827,.T.);
#19100=ORIENTED_EDGE('',*,*,#19084,.F.);
#19101=EDGE_LOOP('',(#19096,#19098,#19099,#19100));
#19102=FACE_OUTER_BOUND('',#19101,.F.);
#19103=ADVANCED_FACE('',(#19102),#19095,.T.);
#19104=CARTESIAN_POINT('',(4.544692661851E1,3.E1,3.843749821186E0));
#19105=DIRECTION('',(-8.265992787996E-1,0.E0,-5.627909312417E-1));
#19106=DIRECTION('',(-5.627909312417E-1,0.E0,8.265992787996E-1));
#19107=AXIS2_PLACEMENT_3D('',#19104,#19105,#19106);
#19108=PLANE('',#19107);
#19109=ORIENTED_EDGE('',*,*,#10070,.F.);
#19111=ORIENTED_EDGE('',*,*,#19110,.T.);
#19112=ORIENTED_EDGE('',*,*,#13829,.T.);
#19113=ORIENTED_EDGE('',*,*,#19097,.F.);
#19114=EDGE_LOOP('',(#19109,#19111,#19112,#19113));
#19115=FACE_OUTER_BOUND('',#19114,.F.);
#19116=ADVANCED_FACE('',(#19115),#19108,.T.);
#19117=CARTESIAN_POINT('',(4.554267128795E1,3.E1,3.375E0));
#19118=DIRECTION('',(-9.797706943097E-1,0.E0,-2.001234283435E-1));
#19119=DIRECTION('',(-2.001234283435E-1,0.E0,9.797706943097E-1));
#19120=AXIS2_PLACEMENT_3D('',#19117,#19118,#19119);
#19121=PLANE('',#19120);
#19122=ORIENTED_EDGE('',*,*,#10068,.F.);
#19124=ORIENTED_EDGE('',*,*,#19123,.T.);
#19125=ORIENTED_EDGE('',*,*,#13831,.T.);
#19126=ORIENTED_EDGE('',*,*,#19110,.F.);
#19127=EDGE_LOOP('',(#19122,#19124,#19125,#19126));
#19128=FACE_OUTER_BOUND('',#19127,.F.);
#19129=ADVANCED_FACE('',(#19128),#19121,.T.);
#19130=CARTESIAN_POINT('',(4.554267128795E1,3.E1,2.999999821186E0));
#19131=DIRECTION('',(-1.E0,0.E0,0.E0));
#19132=DIRECTION('',(0.E0,0.E0,1.E0));
#19133=AXIS2_PLACEMENT_3D('',#19130,#19131,#19132);
#19134=PLANE('',#19133);
#19135=ORIENTED_EDGE('',*,*,#10066,.F.);
#19137=ORIENTED_EDGE('',*,*,#19136,.T.);
#19138=ORIENTED_EDGE('',*,*,#13833,.T.);
#19139=ORIENTED_EDGE('',*,*,#19123,.F.);
#19140=EDGE_LOOP('',(#19135,#19137,#19138,#19139));
#19141=FACE_OUTER_BOUND('',#19140,.F.);
#19142=ADVANCED_FACE('',(#19141),#19134,.T.);
#19143=CARTESIAN_POINT('',(4.544692661851E1,3.E1,2.53125E0));
#19144=DIRECTION('',(-9.797706943097E-1,0.E0,2.001234283435E-1));
#19145=DIRECTION('',(2.001234283435E-1,0.E0,9.797706943097E-1));
#19146=AXIS2_PLACEMENT_3D('',#19143,#19144,#19145);
#19147=PLANE('',#19146);
#19148=ORIENTED_EDGE('',*,*,#10064,.F.);
#19150=ORIENTED_EDGE('',*,*,#19149,.T.);
#19151=ORIENTED_EDGE('',*,*,#13835,.T.);
#19152=ORIENTED_EDGE('',*,*,#19136,.F.);
#19153=EDGE_LOOP('',(#19148,#19150,#19151,#19152));
#19154=FACE_OUTER_BOUND('',#19153,.F.);
#19155=ADVANCED_FACE('',(#19154),#19147,.T.);
#19156=CARTESIAN_POINT('',(4.525543727964E1,3.E1,2.25E0));
#19157=DIRECTION('',(-8.265992787996E-1,0.E0,5.627909312417E-1));
#19158=DIRECTION('',(5.627909312417E-1,0.E0,8.265992787996E-1));
#19159=AXIS2_PLACEMENT_3D('',#19156,#19157,#19158);
#19160=PLANE('',#19159);
#19161=ORIENTED_EDGE('',*,*,#10062,.F.);
#19163=ORIENTED_EDGE('',*,*,#19162,.T.);
#19164=ORIENTED_EDGE('',*,*,#13837,.T.);
#19165=ORIENTED_EDGE('',*,*,#19149,.F.);
#19166=EDGE_LOOP('',(#19161,#19163,#19164,#19165));
#19167=FACE_OUTER_BOUND('',#19166,.F.);
#19168=ADVANCED_FACE('',(#19167),#19160,.T.);
#19169=CARTESIAN_POINT('',(4.496820327132E1,3.E1,2.062500178814E0));
#19170=DIRECTION('',(-5.466221810895E-1,0.E0,8.373793591563E-1));
#19171=DIRECTION('',(8.373793591563E-1,0.E0,5.466221810895E-1));
#19172=AXIS2_PLACEMENT_3D('',#19169,#19170,#19171);
#19173=PLANE('',#19172);
#19174=ORIENTED_EDGE('',*,*,#10060,.F.);
#19176=ORIENTED_EDGE('',*,*,#19175,.T.);
#19177=ORIENTED_EDGE('',*,*,#13839,.T.);
#19178=ORIENTED_EDGE('',*,*,#19162,.F.);
#19179=EDGE_LOOP('',(#19174,#19176,#19177,#19178));
#19180=FACE_OUTER_BOUND('',#19179,.F.);
#19181=ADVANCED_FACE('',(#19180),#19173,.T.);
#19182=CARTESIAN_POINT('',(4.496820327132E1,3.E1,1.593749821186E0));
#19183=DIRECTION('',(-1.E0,0.E0,0.E0));
#19184=DIRECTION('',(0.E0,0.E0,1.E0));
#19185=AXIS2_PLACEMENT_3D('',#19182,#19183,#19184);
#19186=PLANE('',#19185);
#19187=ORIENTED_EDGE('',*,*,#10058,.F.);
#19189=ORIENTED_EDGE('',*,*,#19188,.T.);
#19190=ORIENTED_EDGE('',*,*,#13841,.T.);
#19191=ORIENTED_EDGE('',*,*,#19175,.F.);
#19192=EDGE_LOOP('',(#19187,#19189,#19190,#19191));
#19193=FACE_OUTER_BOUND('',#19192,.F.);
#19194=ADVANCED_FACE('',(#19193),#19186,.T.);
#19195=CARTESIAN_POINT('',(4.535118194907E1,3.E1,1.6875E0));
#19196=DIRECTION('',(2.377717803411E-1,0.E0,-9.713210491251E-1));
#19197=DIRECTION('',(-9.713210491251E-1,0.E0,-2.377717803411E-1));
#19198=AXIS2_PLACEMENT_3D('',#19195,#19196,#19197);
#19199=PLANE('',#19198);
#19200=ORIENTED_EDGE('',*,*,#10056,.F.);
#19202=ORIENTED_EDGE('',*,*,#19201,.T.);
#19203=ORIENTED_EDGE('',*,*,#13843,.T.);
#19204=ORIENTED_EDGE('',*,*,#19188,.F.);
#19205=EDGE_LOOP('',(#19200,#19202,#19203,#19204));
#19206=FACE_OUTER_BOUND('',#19205,.F.);
#19207=ADVANCED_FACE('',(#19206),#19199,.T.);
#19208=CARTESIAN_POINT('',(4.573416062682E1,3.E1,2.062500178814E0));
#19209=DIRECTION('',(6.996250055017E-1,0.E0,-7.145102180353E-1));
#19210=DIRECTION('',(-7.145102180353E-1,0.E0,-6.996250055017E-1));
#19211=AXIS2_PLACEMENT_3D('',#19208,#19209,#19210);
#19212=PLANE('',#19211);
#19213=ORIENTED_EDGE('',*,*,#10054,.F.);
#19215=ORIENTED_EDGE('',*,*,#19214,.T.);
#19216=ORIENTED_EDGE('',*,*,#13845,.T.);
#19217=ORIENTED_EDGE('',*,*,#19201,.F.);
#19218=EDGE_LOOP('',(#19213,#19215,#19216,#19217));
#19219=FACE_OUTER_BOUND('',#19218,.F.);
#19220=ADVANCED_FACE('',(#19219),#19212,.T.);
#19221=CARTESIAN_POINT('',(4.592564996570E1,3.E1,2.437499821186E0));
#19222=DIRECTION('',(8.906051112017E-1,0.E0,-4.547774575564E-1));
#19223=DIRECTION('',(-4.547774575564E-1,0.E0,-8.906051112017E-1));
#19224=AXIS2_PLACEMENT_3D('',#19221,#19222,#19223);
#19225=PLANE('',#19224);
#19226=ORIENTED_EDGE('',*,*,#10052,.F.);
#19228=ORIENTED_EDGE('',*,*,#19227,.T.);
#19229=ORIENTED_EDGE('',*,*,#13847,.T.);
#19230=ORIENTED_EDGE('',*,*,#19214,.F.);
#19231=EDGE_LOOP('',(#19226,#19228,#19229,#19230));
#19232=FACE_OUTER_BOUND('',#19231,.F.);
#19233=ADVANCED_FACE('',(#19232),#19225,.T.);
#19234=CARTESIAN_POINT('',(4.602139463513E1,3.E1,3.09375E0));
#19235=DIRECTION('',(9.895240396393E-1,0.E0,-1.443681923971E-1));
#19236=DIRECTION('',(-1.443681923971E-1,0.E0,-9.895240396393E-1));
#19237=AXIS2_PLACEMENT_3D('',#19234,#19235,#19236);
#19238=PLANE('',#19237);
#19239=ORIENTED_EDGE('',*,*,#10050,.F.);
#19241=ORIENTED_EDGE('',*,*,#19240,.T.);
#19242=ORIENTED_EDGE('',*,*,#13849,.T.);
#19243=ORIENTED_EDGE('',*,*,#19227,.F.);
#19244=EDGE_LOOP('',(#19239,#19241,#19242,#19243));
#19245=FACE_OUTER_BOUND('',#19244,.F.);
#19246=ADVANCED_FACE('',(#19245),#19238,.T.);
#19247=CARTESIAN_POINT('',(4.602139463513E1,3.E1,3.281249821186E0));
#19248=DIRECTION('',(1.E0,0.E0,0.E0));
#19249=DIRECTION('',(0.E0,0.E0,-1.E0));
#19250=AXIS2_PLACEMENT_3D('',#19247,#19248,#19249);
#19251=PLANE('',#19250);
#19252=ORIENTED_EDGE('',*,*,#10048,.F.);
#19254=ORIENTED_EDGE('',*,*,#19253,.T.);
#19255=ORIENTED_EDGE('',*,*,#13851,.T.);
#19256=ORIENTED_EDGE('',*,*,#19240,.F.);
#19257=EDGE_LOOP('',(#19252,#19254,#19255,#19256));
#19258=FACE_OUTER_BOUND('',#19257,.F.);
#19259=ADVANCED_FACE('',(#19258),#19251,.T.);
#19260=CARTESIAN_POINT('',(4.592564996570E1,3.E1,3.9375E0));
#19261=DIRECTION('',(9.895240396393E-1,0.E0,1.443681923971E-1));
#19262=DIRECTION('',(1.443681923971E-1,0.E0,-9.895240396393E-1));
#19263=AXIS2_PLACEMENT_3D('',#19260,#19261,#19262);
#19264=PLANE('',#19263);
#19265=ORIENTED_EDGE('',*,*,#10046,.F.);
#19267=ORIENTED_EDGE('',*,*,#19266,.T.);
#19268=ORIENTED_EDGE('',*,*,#13853,.T.);
#19269=ORIENTED_EDGE('',*,*,#19253,.F.);
#19270=EDGE_LOOP('',(#19265,#19267,#19268,#19269));
#19271=FACE_OUTER_BOUND('',#19270,.F.);
#19272=ADVANCED_FACE('',(#19271),#19264,.T.);
#19273=CARTESIAN_POINT('',(4.573416062682E1,3.E1,4.312500178814E0));
#19274=DIRECTION('',(8.906053746977E-1,0.E0,4.547769415434E-1));
#19275=DIRECTION('',(4.547769415434E-1,0.E0,-8.906053746977E-1));
#19276=AXIS2_PLACEMENT_3D('',#19273,#19274,#19275);
#19277=PLANE('',#19276);
#19278=ORIENTED_EDGE('',*,*,#10044,.F.);
#19280=ORIENTED_EDGE('',*,*,#19279,.T.);
#19281=ORIENTED_EDGE('',*,*,#13855,.T.);
#19282=ORIENTED_EDGE('',*,*,#19266,.F.);
#19283=EDGE_LOOP('',(#19278,#19280,#19281,#19282));
#19284=FACE_OUTER_BOUND('',#19283,.F.);
#19285=ADVANCED_FACE('',(#19284),#19277,.T.);
#19286=CARTESIAN_POINT('',(4.535118194907E1,3.E1,4.687500357628E0));
#19287=DIRECTION('',(6.996250055017E-1,0.E0,7.145102180353E-1));
#19288=DIRECTION('',(7.145102180353E-1,0.E0,-6.996250055017E-1));
#19289=AXIS2_PLACEMENT_3D('',#19286,#19287,#19288);
#19290=PLANE('',#19289);
#19291=ORIENTED_EDGE('',*,*,#10042,.F.);
#19293=ORIENTED_EDGE('',*,*,#19292,.T.);
#19294=ORIENTED_EDGE('',*,*,#13857,.T.);
#19295=ORIENTED_EDGE('',*,*,#19279,.F.);
#19296=EDGE_LOOP('',(#19291,#19293,#19294,#19295));
#19297=FACE_OUTER_BOUND('',#19296,.F.);
#19298=ADVANCED_FACE('',(#19297),#19290,.T.);
#19299=CARTESIAN_POINT('',(4.496820327132E1,3.E1,4.78125E0));
#19300=DIRECTION('',(2.377704967206E-1,0.E0,9.713213633444E-1));
#19301=DIRECTION('',(9.713213633444E-1,0.E0,-2.377704967206E-1));
#19302=AXIS2_PLACEMENT_3D('',#19299,#19300,#19301);
#19303=PLANE('',#19302);
#19304=ORIENTED_EDGE('',*,*,#10040,.F.);
#19306=ORIENTED_EDGE('',*,*,#19305,.T.);
#19307=ORIENTED_EDGE('',*,*,#13859,.T.);
#19308=ORIENTED_EDGE('',*,*,#19292,.F.);
#19309=EDGE_LOOP('',(#19304,#19306,#19307,#19308));
#19310=FACE_OUTER_BOUND('',#19309,.F.);
#19311=ADVANCED_FACE('',(#19310),#19303,.T.);
#19312=CARTESIAN_POINT('',(4.477671366423E1,3.E1,4.78125E0));
#19313=DIRECTION('',(0.E0,0.E0,1.E0));
#19314=DIRECTION('',(1.E0,0.E0,0.E0));
#19315=AXIS2_PLACEMENT_3D('',#19312,#19313,#19314);
#19316=PLANE('',#19315);
#19317=ORIENTED_EDGE('',*,*,#10038,.F.);
#19319=ORIENTED_EDGE('',*,*,#19318,.T.);
#19320=ORIENTED_EDGE('',*,*,#13861,.T.);
#19321=ORIENTED_EDGE('',*,*,#19305,.F.);
#19322=EDGE_LOOP('',(#19317,#19319,#19320,#19321));
#19323=FACE_OUTER_BOUND('',#19322,.F.);
#19324=ADVANCED_FACE('',(#19323),#19316,.T.);
#19325=CARTESIAN_POINT('',(4.439373498648E1,3.E1,4.687500357628E0));
#19326=DIRECTION('',(-2.377704967206E-1,0.E0,9.713213633444E-1));
#19327=DIRECTION('',(9.713213633444E-1,0.E0,2.377704967206E-1));
#19328=AXIS2_PLACEMENT_3D('',#19325,#19326,#19327);
#19329=PLANE('',#19328);
#19330=ORIENTED_EDGE('',*,*,#10036,.F.);
#19332=ORIENTED_EDGE('',*,*,#19331,.T.);
#19333=ORIENTED_EDGE('',*,*,#13863,.T.);
#19334=ORIENTED_EDGE('',*,*,#19318,.F.);
#19335=EDGE_LOOP('',(#19330,#19332,#19333,#19334));
#19336=FACE_OUTER_BOUND('',#19335,.F.);
#19337=ADVANCED_FACE('',(#19336),#19329,.T.);
#19338=CARTESIAN_POINT('',(4.410650097817E1,3.E1,4.5E0));
#19339=DIRECTION('',(-5.466232777014E-1,0.E0,8.373786433120E-1));
#19340=DIRECTION('',(8.373786433120E-1,0.E0,5.466232777014E-1));
#19341=AXIS2_PLACEMENT_3D('',#19338,#19339,#19340);
#19342=PLANE('',#19341);
#19343=ORIENTED_EDGE('',*,*,#10034,.F.);
#19345=ORIENTED_EDGE('',*,*,#19344,.T.);
#19346=ORIENTED_EDGE('',*,*,#13865,.T.);
#19347=ORIENTED_EDGE('',*,*,#19331,.F.);
#19348=EDGE_LOOP('',(#19343,#19345,#19346,#19347));
#19349=FACE_OUTER_BOUND('',#19348,.F.);
#19350=ADVANCED_FACE('',(#19349),#19342,.T.);
#19351=CARTESIAN_POINT('',(4.381926696985E1,3.E1,4.124999821186E0));
#19352=DIRECTION('',(-7.938783209665E-1,0.E0,6.080766493621E-1));
#19353=DIRECTION('',(6.080766493621E-1,0.E0,7.938783209665E-1));
#19354=AXIS2_PLACEMENT_3D('',#19351,#19352,#19353);
#19355=PLANE('',#19354);
#19356=ORIENTED_EDGE('',*,*,#10032,.F.);
#19358=ORIENTED_EDGE('',*,*,#19357,.T.);
#19359=ORIENTED_EDGE('',*,*,#13867,.T.);
#19360=ORIENTED_EDGE('',*,*,#19344,.F.);
#19361=EDGE_LOOP('',(#19356,#19358,#19359,#19360));
#19362=FACE_OUTER_BOUND('',#19361,.F.);
#19363=ADVANCED_FACE('',(#19362),#19355,.T.);
#19364=CARTESIAN_POINT('',(4.362777763098E1,3.E1,4.593749642372E0));
#19365=DIRECTION('',(9.257350567423E-1,0.E0,3.781727181043E-1));
#19366=DIRECTION('',(3.781727181043E-1,0.E0,-9.257350567423E-1));
#19367=AXIS2_PLACEMENT_3D('',#19364,#19365,#19366);
#19368=PLANE('',#19367);
#19369=ORIENTED_EDGE('',*,*,#10030,.F.);
#19371=ORIENTED_EDGE('',*,*,#19370,.T.);
#19372=ORIENTED_EDGE('',*,*,#13869,.T.);
#19373=ORIENTED_EDGE('',*,*,#19357,.F.);
#19374=EDGE_LOOP('',(#19369,#19371,#19372,#19373));
#19375=FACE_OUTER_BOUND('',#19374,.F.);
#19376=ADVANCED_FACE('',(#19375),#19368,.T.);
#19377=CARTESIAN_POINT('',(4.334054362267E1,3.E1,4.78125E0));
#19378=DIRECTION('',(5.466232777014E-1,0.E0,8.373786433120E-1));
#19379=DIRECTION('',(8.373786433120E-1,0.E0,-5.466232777014E-1));
#19380=AXIS2_PLACEMENT_3D('',#19377,#19378,#19379);
#19381=PLANE('',#19380);
#19382=ORIENTED_EDGE('',*,*,#10028,.F.);
#19384=ORIENTED_EDGE('',*,*,#19383,.T.);
#19385=ORIENTED_EDGE('',*,*,#13871,.T.);
#19386=ORIENTED_EDGE('',*,*,#19370,.F.);
#19387=EDGE_LOOP('',(#19382,#19384,#19385,#19386));
#19388=FACE_OUTER_BOUND('',#19387,.F.);
#19389=ADVANCED_FACE('',(#19388),#19381,.T.);
#19390=CARTESIAN_POINT('',(4.295756481081E1,3.E1,4.874999642372E0));
#19391=DIRECTION('',(2.377704181660E-1,0.E0,9.713213825738E-1));
#19392=DIRECTION('',(9.713213825738E-1,0.E0,-2.377704181660E-1));
#19393=AXIS2_PLACEMENT_3D('',#19390,#19391,#19392);
#19394=PLANE('',#19393);
#19395=ORIENTED_EDGE('',*,*,#10026,.F.);
#19397=ORIENTED_EDGE('',*,*,#19396,.T.);
#19398=ORIENTED_EDGE('',*,*,#13873,.T.);
#19399=ORIENTED_EDGE('',*,*,#19383,.F.);
#19400=EDGE_LOOP('',(#19395,#19397,#19398,#19399));
#19401=FACE_OUTER_BOUND('',#19400,.F.);
#19402=ADVANCED_FACE('',(#19401),#19394,.T.);
#19403=CARTESIAN_POINT('',(4.257458613306E1,3.E1,4.874999642372E0));
#19404=DIRECTION('',(0.E0,0.E0,1.E0));
#19405=DIRECTION('',(1.E0,0.E0,0.E0));
#19406=AXIS2_PLACEMENT_3D('',#19403,#19404,#19405);
#19407=PLANE('',#19406);
#19408=ORIENTED_EDGE('',*,*,#10024,.F.);
#19410=ORIENTED_EDGE('',*,*,#19409,.T.);
#19411=ORIENTED_EDGE('',*,*,#13875,.T.);
#19412=ORIENTED_EDGE('',*,*,#19396,.F.);
#19413=EDGE_LOOP('',(#19408,#19410,#19411,#19412));
#19414=FACE_OUTER_BOUND('',#19413,.F.);
#19415=ADVANCED_FACE('',(#19414),#19407,.T.);
#19416=CARTESIAN_POINT('',(4.228735205769E1,3.E1,4.78125E0));
#19417=DIRECTION('',(-3.102789298341E-1,0.E0,9.506455626052E-1));
#19418=DIRECTION('',(9.506455626052E-1,0.E0,3.102789298341E-1));
#19419=AXIS2_PLACEMENT_3D('',#19416,#19417,#19418);
#19420=PLANE('',#19419);
#19421=ORIENTED_EDGE('',*,*,#10022,.F.);
#19422=ORIENTED_EDGE('',*,*,#18696,.T.);
#19423=ORIENTED_EDGE('',*,*,#13877,.T.);
#19424=ORIENTED_EDGE('',*,*,#19409,.F.);
#19425=EDGE_LOOP('',(#19421,#19422,#19423,#19424));
#19426=FACE_OUTER_BOUND('',#19425,.F.);
#19427=ADVANCED_FACE('',(#19426),#19420,.T.);
#19428=CARTESIAN_POINT('',(4.152139463513E1,3.E1,6.093750357628E0));
#19429=DIRECTION('',(0.E0,0.E0,1.E0));
#19430=DIRECTION('',(1.E0,0.E0,0.E0));
#19431=AXIS2_PLACEMENT_3D('',#19428,#19429,#19430);
#19432=PLANE('',#19431);
#19433=ORIENTED_EDGE('',*,*,#10136,.F.);
#19435=ORIENTED_EDGE('',*,*,#19434,.T.);
#19436=ORIENTED_EDGE('',*,*,#13887,.T.);
#19438=ORIENTED_EDGE('',*,*,#19437,.F.);
#19439=EDGE_LOOP('',(#19433,#19435,#19436,#19438));
#19440=FACE_OUTER_BOUND('',#19439,.F.);
#19441=ADVANCED_FACE('',(#19440),#19432,.T.);
#19442=CARTESIAN_POINT('',(4.152139463513E1,3.E1,5.625E0));
#19443=DIRECTION('',(-1.E0,0.E0,0.E0));
#19444=DIRECTION('',(0.E0,0.E0,1.E0));
#19445=AXIS2_PLACEMENT_3D('',#19442,#19443,#19444);
#19446=PLANE('',#19445);
#19447=ORIENTED_EDGE('',*,*,#10142,.F.);
#19449=ORIENTED_EDGE('',*,*,#19448,.T.);
#19450=ORIENTED_EDGE('',*,*,#13889,.T.);
#19451=ORIENTED_EDGE('',*,*,#19434,.F.);
#19452=EDGE_LOOP('',(#19447,#19449,#19450,#19451));
#19453=FACE_OUTER_BOUND('',#19452,.F.);
#19454=ADVANCED_FACE('',(#19453),#19446,.T.);
#19455=CARTESIAN_POINT('',(4.200011804938E1,3.E1,5.625E0));
#19456=DIRECTION('',(0.E0,0.E0,-1.E0));
#19457=DIRECTION('',(-1.E0,0.E0,0.E0));
#19458=AXIS2_PLACEMENT_3D('',#19455,#19456,#19457);
#19459=PLANE('',#19458);
#19460=ORIENTED_EDGE('',*,*,#10140,.F.);
#19462=ORIENTED_EDGE('',*,*,#19461,.T.);
#19463=ORIENTED_EDGE('',*,*,#13891,.T.);
#19464=ORIENTED_EDGE('',*,*,#19448,.F.);
#19465=EDGE_LOOP('',(#19460,#19462,#19463,#19464));
#19466=FACE_OUTER_BOUND('',#19465,.F.);
#19467=ADVANCED_FACE('',(#19466),#19459,.T.);
#19468=CARTESIAN_POINT('',(4.200011804938E1,3.E1,6.093750357628E0));
#19469=DIRECTION('',(1.E0,0.E0,0.E0));
#19470=DIRECTION('',(0.E0,0.E0,-1.E0));
#19471=AXIS2_PLACEMENT_3D('',#19468,#19469,#19470);
#19472=PLANE('',#19471);
#19473=ORIENTED_EDGE('',*,*,#10138,.F.);
#19474=ORIENTED_EDGE('',*,*,#19437,.T.);
#19475=ORIENTED_EDGE('',*,*,#13893,.T.);
#19476=ORIENTED_EDGE('',*,*,#19461,.F.);
#19477=EDGE_LOOP('',(#19473,#19474,#19475,#19476));
#19478=FACE_OUTER_BOUND('',#19477,.F.);
#19479=ADVANCED_FACE('',(#19478),#19472,.T.);
#19480=CARTESIAN_POINT('',(4.353203296154E1,3.E1,7.500000357628E0));
#19481=DIRECTION('',(-7.938779010506E-1,0.E0,6.080771975856E-1));
#19482=DIRECTION('',(6.080771975856E-1,0.E0,7.938779010506E-1));
#19483=AXIS2_PLACEMENT_3D('',#19480,#19481,#19482);
#19484=PLANE('',#19483);
#19485=ORIENTED_EDGE('',*,*,#10146,.F.);
#19487=ORIENTED_EDGE('',*,*,#19486,.T.);
#19488=ORIENTED_EDGE('',*,*,#13903,.T.);
#19490=ORIENTED_EDGE('',*,*,#19489,.F.);
#19491=EDGE_LOOP('',(#19485,#19487,#19488,#19490));
#19492=FACE_OUTER_BOUND('',#19491,.F.);
#19493=ADVANCED_FACE('',(#19492),#19484,.T.);
#19494=CARTESIAN_POINT('',(4.353203296154E1,3.E1,6.843749642372E0));
#19495=DIRECTION('',(-1.E0,0.E0,0.E0));
#19496=DIRECTION('',(0.E0,0.E0,1.E0));
#19497=AXIS2_PLACEMENT_3D('',#19494,#19495,#19496);
#19498=PLANE('',#19497);
#19499=ORIENTED_EDGE('',*,*,#10224,.F.);
#19501=ORIENTED_EDGE('',*,*,#19500,.T.);
#19502=ORIENTED_EDGE('',*,*,#13905,.T.);
#19503=ORIENTED_EDGE('',*,*,#19486,.F.);
#19504=EDGE_LOOP('',(#19499,#19501,#19502,#19503));
#19505=FACE_OUTER_BOUND('',#19504,.F.);
#19506=ADVANCED_FACE('',(#19505),#19498,.T.);
#19507=CARTESIAN_POINT('',(4.602139463513E1,3.E1,6.843749642372E0));
#19508=DIRECTION('',(0.E0,0.E0,-1.E0));
#19509=DIRECTION('',(-1.E0,0.E0,0.E0));
#19510=AXIS2_PLACEMENT_3D('',#19507,#19508,#19509);
#19511=PLANE('',#19510);
#19512=ORIENTED_EDGE('',*,*,#10222,.F.);
#19514=ORIENTED_EDGE('',*,*,#19513,.T.);
#19515=ORIENTED_EDGE('',*,*,#13907,.T.);
#19516=ORIENTED_EDGE('',*,*,#19500,.F.);
#19517=EDGE_LOOP('',(#19512,#19514,#19515,#19516));
#19518=FACE_OUTER_BOUND('',#19517,.F.);
#19519=ADVANCED_FACE('',(#19518),#19511,.T.);
#19520=CARTESIAN_POINT('',(4.602139463513E1,3.E1,1.003125035763E1));
#19521=DIRECTION('',(1.E0,0.E0,0.E0));
#19522=DIRECTION('',(0.E0,0.E0,-1.E0));
#19523=AXIS2_PLACEMENT_3D('',#19520,#19521,#19522);
#19524=PLANE('',#19523);
#19525=ORIENTED_EDGE('',*,*,#10220,.F.);
#19527=ORIENTED_EDGE('',*,*,#19526,.T.);
#19528=ORIENTED_EDGE('',*,*,#13909,.T.);
#19529=ORIENTED_EDGE('',*,*,#19513,.F.);
#19530=EDGE_LOOP('',(#19525,#19527,#19528,#19529));
#19531=FACE_OUTER_BOUND('',#19530,.F.);
#19532=ADVANCED_FACE('',(#19531),#19524,.T.);
#19533=CARTESIAN_POINT('',(4.554267128795E1,3.E1,1.003125035763E1));
#19534=DIRECTION('',(0.E0,0.E0,1.E0));
#19535=DIRECTION('',(1.E0,0.E0,0.E0));
#19536=AXIS2_PLACEMENT_3D('',#19533,#19534,#19535);
#19537=PLANE('',#19536);
#19538=ORIENTED_EDGE('',*,*,#10218,.F.);
#19540=ORIENTED_EDGE('',*,*,#19539,.T.);
#19541=ORIENTED_EDGE('',*,*,#13911,.T.);
#19542=ORIENTED_EDGE('',*,*,#19526,.F.);
#19543=EDGE_LOOP('',(#19538,#19540,#19541,#19542));
#19544=FACE_OUTER_BOUND('',#19543,.F.);
#19545=ADVANCED_FACE('',(#19544),#19537,.T.);
#19546=CARTESIAN_POINT('',(4.554267128795E1,3.E1,7.3125E0));
#19547=DIRECTION('',(-1.E0,0.E0,0.E0));
#19548=DIRECTION('',(0.E0,0.E0,1.E0));
#19549=AXIS2_PLACEMENT_3D('',#19546,#19547,#19548);
#19550=PLANE('',#19549);
#19551=ORIENTED_EDGE('',*,*,#10216,.F.);
#19553=ORIENTED_EDGE('',*,*,#19552,.T.);
#19554=ORIENTED_EDGE('',*,*,#13913,.T.);
#19555=ORIENTED_EDGE('',*,*,#19539,.F.);
#19556=EDGE_LOOP('',(#19551,#19553,#19554,#19555));
#19557=FACE_OUTER_BOUND('',#19556,.F.);
#19558=ADVANCED_FACE('',(#19557),#19550,.T.);
#19559=CARTESIAN_POINT('',(4.401075630873E1,3.E1,7.3125E0));
#19560=DIRECTION('',(0.E0,0.E0,1.E0));
#19561=DIRECTION('',(1.E0,0.E0,0.E0));
#19562=AXIS2_PLACEMENT_3D('',#19559,#19560,#19561);
#19563=PLANE('',#19562);
#19564=ORIENTED_EDGE('',*,*,#10214,.F.);
#19566=ORIENTED_EDGE('',*,*,#19565,.T.);
#19567=ORIENTED_EDGE('',*,*,#13915,.T.);
#19568=ORIENTED_EDGE('',*,*,#19552,.F.);
#19569=EDGE_LOOP('',(#19564,#19566,#19567,#19568));
#19570=FACE_OUTER_BOUND('',#19569,.F.);
#19571=ADVANCED_FACE('',(#19570),#19563,.T.);
#19572=CARTESIAN_POINT('',(4.429799031704E1,3.E1,7.781250357628E0));
#19573=DIRECTION('',(8.526536001913E-1,0.E0,-5.224766387895E-1));
#19574=DIRECTION('',(-5.224766387895E-1,0.E0,-8.526536001913E-1));
#19575=AXIS2_PLACEMENT_3D('',#19572,#19573,#19574);
#19576=PLANE('',#19575);
#19577=ORIENTED_EDGE('',*,*,#10212,.F.);
#19579=ORIENTED_EDGE('',*,*,#19578,.T.);
#19580=ORIENTED_EDGE('',*,*,#13917,.T.);
#19581=ORIENTED_EDGE('',*,*,#19565,.F.);
#19582=EDGE_LOOP('',(#19577,#19579,#19580,#19581));
#19583=FACE_OUTER_BOUND('',#19582,.F.);
#19584=ADVANCED_FACE('',(#19583),#19576,.T.);
#19585=CARTESIAN_POINT('',(4.439373498648E1,3.E1,8.249999642372E0));
#19586=DIRECTION('',(9.797706494039E-1,0.E0,-2.001236481946E-1));
#19587=DIRECTION('',(-2.001236481946E-1,0.E0,-9.797706494039E-1));
#19588=AXIS2_PLACEMENT_3D('',#19585,#19586,#19587);
#19589=PLANE('',#19588);
#19590=ORIENTED_EDGE('',*,*,#10210,.F.);
#19592=ORIENTED_EDGE('',*,*,#19591,.T.);
#19593=ORIENTED_EDGE('',*,*,#13919,.T.);
#19594=ORIENTED_EDGE('',*,*,#19578,.F.);
#19595=EDGE_LOOP('',(#19590,#19592,#19593,#19594));
#19596=FACE_OUTER_BOUND('',#19595,.F.);
#19597=ADVANCED_FACE('',(#19596),#19589,.T.);
#19598=CARTESIAN_POINT('',(4.439373498648E1,3.E1,8.812499642372E0));
#19599=DIRECTION('',(1.E0,0.E0,0.E0));
#19600=DIRECTION('',(0.E0,0.E0,-1.E0));
#19601=AXIS2_PLACEMENT_3D('',#19598,#19599,#19600);
#19602=PLANE('',#19601);
#19603=ORIENTED_EDGE('',*,*,#10208,.F.);
#19605=ORIENTED_EDGE('',*,*,#19604,.T.);
#19606=ORIENTED_EDGE('',*,*,#13921,.T.);
#19607=ORIENTED_EDGE('',*,*,#19591,.F.);
#19608=EDGE_LOOP('',(#19603,#19605,#19606,#19607));
#19609=FACE_OUTER_BOUND('',#19608,.F.);
#19610=ADVANCED_FACE('',(#19609),#19602,.T.);
#19611=CARTESIAN_POINT('',(4.429799031704E1,3.E1,9.28125E0));
#19612=DIRECTION('',(9.797707392153E-1,0.E0,2.001232084928E-1));
#19613=DIRECTION('',(2.001232084928E-1,0.E0,-9.797707392153E-1));
#19614=AXIS2_PLACEMENT_3D('',#19611,#19612,#19613);
#19615=PLANE('',#19614);
#19616=ORIENTED_EDGE('',*,*,#10206,.F.);
#19618=ORIENTED_EDGE('',*,*,#19617,.T.);
#19619=ORIENTED_EDGE('',*,*,#13923,.T.);
#19620=ORIENTED_EDGE('',*,*,#19604,.F.);
#19621=EDGE_LOOP('',(#19616,#19618,#19619,#19620));
#19622=FACE_OUTER_BOUND('',#19621,.F.);
#19623=ADVANCED_FACE('',(#19622),#19615,.T.);
#19624=CARTESIAN_POINT('',(4.401075630873E1,3.E1,9.750000357628E0));
#19625=DIRECTION('',(8.526536001913E-1,0.E0,5.224766387895E-1));
#19626=DIRECTION('',(5.224766387895E-1,0.E0,-8.526536001913E-1));
#19627=AXIS2_PLACEMENT_3D('',#19624,#19625,#19626);
#19628=PLANE('',#19627);
#19629=ORIENTED_EDGE('',*,*,#10204,.F.);
#19631=ORIENTED_EDGE('',*,*,#19630,.T.);
#19632=ORIENTED_EDGE('',*,*,#13925,.T.);
#19633=ORIENTED_EDGE('',*,*,#19617,.F.);
#19634=EDGE_LOOP('',(#19629,#19631,#19632,#19633));
#19635=FACE_OUTER_BOUND('',#19634,.F.);
#19636=ADVANCED_FACE('',(#19635),#19628,.T.);
#19637=CARTESIAN_POINT('',(4.362777763098E1,3.E1,1.003125035763E1));
#19638=DIRECTION('',(5.919095487496E-1,0.E0,8.060043958311E-1));
#19639=DIRECTION('',(8.060043958311E-1,0.E0,-5.919095487496E-1));
#19640=AXIS2_PLACEMENT_3D('',#19637,#19638,#19639);
#19641=PLANE('',#19640);
#19642=ORIENTED_EDGE('',*,*,#10202,.F.);
#19644=ORIENTED_EDGE('',*,*,#19643,.T.);
#19645=ORIENTED_EDGE('',*,*,#13927,.T.);
#19646=ORIENTED_EDGE('',*,*,#19630,.F.);
#19647=EDGE_LOOP('',(#19642,#19644,#19645,#19646));
#19648=FACE_OUTER_BOUND('',#19647,.F.);
#19649=ADVANCED_FACE('',(#19648),#19641,.T.);
#19650=CARTESIAN_POINT('',(4.314905414968E1,3.E1,1.021874964237E1));
#19651=DIRECTION('',(3.646906411703E-1,0.E0,9.311287431085E-1));
#19652=DIRECTION('',(9.311287431085E-1,0.E0,-3.646906411703E-1));
#19653=AXIS2_PLACEMENT_3D('',#19650,#19651,#19652);
#19654=PLANE('',#19653);
#19655=ORIENTED_EDGE('',*,*,#10200,.F.);
#19657=ORIENTED_EDGE('',*,*,#19656,.T.);
#19658=ORIENTED_EDGE('',*,*,#13929,.T.);
#19659=ORIENTED_EDGE('',*,*,#19643,.F.);
#19660=EDGE_LOOP('',(#19655,#19657,#19658,#19659));
#19661=FACE_OUTER_BOUND('',#19660,.F.);
#19662=ADVANCED_FACE('',(#19661),#19654,.T.);
#19663=CARTESIAN_POINT('',(4.276607547193E1,3.E1,1.021874964237E1));
#19664=DIRECTION('',(0.E0,0.E0,1.E0));
#19665=DIRECTION('',(1.E0,0.E0,0.E0));
#19666=AXIS2_PLACEMENT_3D('',#19663,#19664,#19665);
#19667=PLANE('',#19666);
#19668=ORIENTED_EDGE('',*,*,#10198,.F.);
#19670=ORIENTED_EDGE('',*,*,#19669,.T.);
#19671=ORIENTED_EDGE('',*,*,#13931,.T.);
#19672=ORIENTED_EDGE('',*,*,#19656,.F.);
#19673=EDGE_LOOP('',(#19668,#19670,#19671,#19672));
#19674=FACE_OUTER_BOUND('',#19673,.F.);
#19675=ADVANCED_FACE('',(#19674),#19667,.T.);
#19676=CARTESIAN_POINT('',(4.228735205769E1,3.E1,1.003125035763E1));
#19677=DIRECTION('',(-3.646906854589E-1,0.E0,9.311287257622E-1));
#19678=DIRECTION('',(9.311287257622E-1,0.E0,3.646906854589E-1));
#19679=AXIS2_PLACEMENT_3D('',#19676,#19677,#19678);
#19680=PLANE('',#19679);
#19681=ORIENTED_EDGE('',*,*,#10196,.F.);
#19683=ORIENTED_EDGE('',*,*,#19682,.T.);
#19684=ORIENTED_EDGE('',*,*,#13933,.T.);
#19685=ORIENTED_EDGE('',*,*,#19669,.F.);
#19686=EDGE_LOOP('',(#19681,#19683,#19684,#19685));
#19687=FACE_OUTER_BOUND('',#19686,.F.);
#19688=ADVANCED_FACE('',(#19687),#19680,.T.);
#19689=CARTESIAN_POINT('',(4.190437334641E1,3.E1,9.750000357628E0));
#19690=DIRECTION('',(-5.919095150862E-1,0.E0,8.060044205527E-1));
#19691=DIRECTION('',(8.060044205527E-1,0.E0,5.919095150862E-1));
#19692=AXIS2_PLACEMENT_3D('',#19689,#19690,#19691);
#19693=PLANE('',#19692);
#19694=ORIENTED_EDGE('',*,*,#10194,.F.);
#19696=ORIENTED_EDGE('',*,*,#19695,.T.);
#19697=ORIENTED_EDGE('',*,*,#13935,.T.);
#19698=ORIENTED_EDGE('',*,*,#19682,.F.);
#19699=EDGE_LOOP('',(#19694,#19696,#19697,#19698));
#19700=FACE_OUTER_BOUND('',#19699,.F.);
#19701=ADVANCED_FACE('',(#19700),#19693,.T.);
#19702=CARTESIAN_POINT('',(4.161713931295E1,3.E1,9.28125E0));
#19703=DIRECTION('',(-8.526535798146E-1,0.E0,5.224766720432E-1));
#19704=DIRECTION('',(5.224766720432E-1,0.E0,8.526535798146E-1));
#19705=AXIS2_PLACEMENT_3D('',#19702,#19703,#19704);
#19706=PLANE('',#19705);
#19707=ORIENTED_EDGE('',*,*,#10192,.F.);
#19709=ORIENTED_EDGE('',*,*,#19708,.T.);
#19710=ORIENTED_EDGE('',*,*,#13937,.T.);
#19711=ORIENTED_EDGE('',*,*,#19695,.F.);
#19712=EDGE_LOOP('',(#19707,#19709,#19710,#19711));
#19713=FACE_OUTER_BOUND('',#19712,.F.);
#19714=ADVANCED_FACE('',(#19713),#19706,.T.);
#19715=CARTESIAN_POINT('',(4.152139463513E1,3.E1,8.812499642372E0));
#19716=DIRECTION('',(-9.797707357802E-1,0.E0,2.001232253108E-1));
#19717=DIRECTION('',(2.001232253108E-1,0.E0,9.797707357802E-1));
#19718=AXIS2_PLACEMENT_3D('',#19715,#19716,#19717);
#19719=PLANE('',#19718);
#19720=ORIENTED_EDGE('',*,*,#10190,.F.);
#19722=ORIENTED_EDGE('',*,*,#19721,.T.);
#19723=ORIENTED_EDGE('',*,*,#13939,.T.);
#19724=ORIENTED_EDGE('',*,*,#19708,.F.);
#19725=EDGE_LOOP('',(#19720,#19722,#19723,#19724));
#19726=FACE_OUTER_BOUND('',#19725,.F.);
#19727=ADVANCED_FACE('',(#19726),#19719,.T.);
#19728=CARTESIAN_POINT('',(4.152139463513E1,3.E1,8.249999642372E0));
#19729=DIRECTION('',(-1.E0,0.E0,0.E0));
#19730=DIRECTION('',(0.E0,0.E0,1.E0));
#19731=AXIS2_PLACEMENT_3D('',#19728,#19729,#19730);
#19732=PLANE('',#19731);
#19733=ORIENTED_EDGE('',*,*,#10188,.F.);
#19735=ORIENTED_EDGE('',*,*,#19734,.T.);
#19736=ORIENTED_EDGE('',*,*,#13941,.T.);
#19737=ORIENTED_EDGE('',*,*,#19721,.F.);
#19738=EDGE_LOOP('',(#19733,#19735,#19736,#19737));
#19739=FACE_OUTER_BOUND('',#19738,.F.);
#19740=ADVANCED_FACE('',(#19739),#19732,.T.);
#19741=CARTESIAN_POINT('',(4.161713931295E1,3.E1,7.781250357628E0));
#19742=DIRECTION('',(-9.797706459687E-1,0.E0,-2.001236650127E-1));
#19743=DIRECTION('',(-2.001236650127E-1,0.E0,9.797706459687E-1));
#19744=AXIS2_PLACEMENT_3D('',#19741,#19742,#19743);
#19745=PLANE('',#19744);
#19746=ORIENTED_EDGE('',*,*,#10186,.F.);
#19748=ORIENTED_EDGE('',*,*,#19747,.T.);
#19749=ORIENTED_EDGE('',*,*,#13943,.T.);
#19750=ORIENTED_EDGE('',*,*,#19734,.F.);
#19751=EDGE_LOOP('',(#19746,#19748,#19749,#19750));
#19752=FACE_OUTER_BOUND('',#19751,.F.);
#19753=ADVANCED_FACE('',(#19752),#19745,.T.);
#19754=CARTESIAN_POINT('',(4.190437334641E1,3.E1,7.3125E0));
#19755=DIRECTION('',(-8.526535798146E-1,0.E0,-5.224766720432E-1));
#19756=DIRECTION('',(-5.224766720432E-1,0.E0,8.526535798146E-1));
#19757=AXIS2_PLACEMENT_3D('',#19754,#19755,#19756);
#19758=PLANE('',#19757);
#19759=ORIENTED_EDGE('',*,*,#10184,.F.);
#19761=ORIENTED_EDGE('',*,*,#19760,.T.);
#19762=ORIENTED_EDGE('',*,*,#13945,.T.);
#19763=ORIENTED_EDGE('',*,*,#19747,.F.);
#19764=EDGE_LOOP('',(#19759,#19761,#19762,#19763));
#19765=FACE_OUTER_BOUND('',#19764,.F.);
#19766=ADVANCED_FACE('',(#19765),#19758,.T.);
#19767=CARTESIAN_POINT('',(4.228735205769E1,3.E1,7.03125E0));
#19768=DIRECTION('',(-5.919095150862E-1,0.E0,-8.060044205527E-1));
#19769=DIRECTION('',(-8.060044205527E-1,0.E0,5.919095150862E-1));
#19770=AXIS2_PLACEMENT_3D('',#19767,#19768,#19769);
#19771=PLANE('',#19770);
#19772=ORIENTED_EDGE('',*,*,#10182,.F.);
#19774=ORIENTED_EDGE('',*,*,#19773,.T.);
#19775=ORIENTED_EDGE('',*,*,#13947,.T.);
#19776=ORIENTED_EDGE('',*,*,#19760,.F.);
#19777=EDGE_LOOP('',(#19772,#19774,#19775,#19776));
#19778=FACE_OUTER_BOUND('',#19777,.F.);
#19779=ADVANCED_FACE('',(#19778),#19771,.T.);
#19780=CARTESIAN_POINT('',(4.267033080249E1,3.E1,6.843749642372E0));
#19781=DIRECTION('',(-4.397141102494E-1,0.E0,-8.981377963584E-1));
#19782=DIRECTION('',(-8.981377963584E-1,0.E0,4.397141102494E-1));
#19783=AXIS2_PLACEMENT_3D('',#19780,#19781,#19782);
#19784=PLANE('',#19783);
#19785=ORIENTED_EDGE('',*,*,#10180,.F.);
#19787=ORIENTED_EDGE('',*,*,#19786,.T.);
#19788=ORIENTED_EDGE('',*,*,#13949,.T.);
#19789=ORIENTED_EDGE('',*,*,#19773,.F.);
#19790=EDGE_LOOP('',(#19785,#19787,#19788,#19789));
#19791=FACE_OUTER_BOUND('',#19790,.F.);
#19792=ADVANCED_FACE('',(#19791),#19784,.T.);
#19793=CARTESIAN_POINT('',(4.267033080249E1,3.E1,7.406249642372E0));
#19794=DIRECTION('',(1.E0,0.E0,0.E0));
#19795=DIRECTION('',(0.E0,0.E0,-1.E0));
#19796=AXIS2_PLACEMENT_3D('',#19793,#19794,#19795);
#19797=PLANE('',#19796);
#19798=ORIENTED_EDGE('',*,*,#10178,.F.);
#19800=ORIENTED_EDGE('',*,*,#19799,.T.);
#19801=ORIENTED_EDGE('',*,*,#13951,.T.);
#19802=ORIENTED_EDGE('',*,*,#19786,.F.);
#19803=EDGE_LOOP('',(#19798,#19800,#19801,#19802));
#19804=FACE_OUTER_BOUND('',#19803,.F.);
#19805=ADVANCED_FACE('',(#19804),#19797,.T.);
#19806=CARTESIAN_POINT('',(4.228735205769E1,3.E1,7.59375E0));
#19807=DIRECTION('',(4.397141102494E-1,0.E0,8.981377963584E-1));
#19808=DIRECTION('',(8.981377963584E-1,0.E0,-4.397141102494E-1));
#19809=AXIS2_PLACEMENT_3D('',#19806,#19807,#19808);
#19810=PLANE('',#19809);
#19811=ORIENTED_EDGE('',*,*,#10176,.F.);
#19813=ORIENTED_EDGE('',*,*,#19812,.T.);
#19814=ORIENTED_EDGE('',*,*,#13953,.T.);
#19815=ORIENTED_EDGE('',*,*,#19799,.F.);
#19816=EDGE_LOOP('',(#19811,#19813,#19814,#19815));
#19817=FACE_OUTER_BOUND('',#19816,.F.);
#19818=ADVANCED_FACE('',(#19817),#19810,.T.);
#19819=CARTESIAN_POINT('',(4.209586271881E1,3.E1,7.875E0));
#19820=DIRECTION('',(8.265992787996E-1,0.E0,5.627909312417E-1));
#19821=DIRECTION('',(5.627909312417E-1,0.E0,-8.265992787996E-1));
#19822=AXIS2_PLACEMENT_3D('',#19819,#19820,#19821);
#19823=PLANE('',#19822);
#19824=ORIENTED_EDGE('',*,*,#10174,.F.);
#19826=ORIENTED_EDGE('',*,*,#19825,.T.);
#19827=ORIENTED_EDGE('',*,*,#13955,.T.);
#19828=ORIENTED_EDGE('',*,*,#19812,.F.);
#19829=EDGE_LOOP('',(#19824,#19826,#19827,#19828));
#19830=FACE_OUTER_BOUND('',#19829,.F.);
#19831=ADVANCED_FACE('',(#19830),#19823,.T.);
#19832=CARTESIAN_POINT('',(4.200011804938E1,3.E1,8.249999642372E0));
#19833=DIRECTION('',(9.689176611437E-1,0.E0,2.473834390653E-1));
#19834=DIRECTION('',(2.473834390653E-1,0.E0,-9.689176611437E-1));
#19835=AXIS2_PLACEMENT_3D('',#19832,#19833,#19834);
#19836=PLANE('',#19835);
#19837=ORIENTED_EDGE('',*,*,#10172,.F.);
#19839=ORIENTED_EDGE('',*,*,#19838,.T.);
#19840=ORIENTED_EDGE('',*,*,#13957,.T.);
#19841=ORIENTED_EDGE('',*,*,#19825,.F.);
#19842=EDGE_LOOP('',(#19837,#19839,#19840,#19841));
#19843=FACE_OUTER_BOUND('',#19842,.F.);
#19844=ADVANCED_FACE('',(#19843),#19836,.T.);
#19845=CARTESIAN_POINT('',(4.200011804938E1,3.E1,8.812499642372E0));
#19846=DIRECTION('',(1.E0,0.E0,0.E0));
#19847=DIRECTION('',(0.E0,0.E0,-1.E0));
#19848=AXIS2_PLACEMENT_3D('',#19845,#19846,#19847);
#19849=PLANE('',#19848);
#19850=ORIENTED_EDGE('',*,*,#10170,.F.);
#19852=ORIENTED_EDGE('',*,*,#19851,.T.);
#19853=ORIENTED_EDGE('',*,*,#13959,.T.);
#19854=ORIENTED_EDGE('',*,*,#19838,.F.);
#19855=EDGE_LOOP('',(#19850,#19852,#19853,#19854));
#19856=FACE_OUTER_BOUND('',#19855,.F.);
#19857=ADVANCED_FACE('',(#19856),#19849,.T.);
#19858=CARTESIAN_POINT('',(4.209586271881E1,3.E1,9.187500357628E0));
#19859=DIRECTION('',(9.689178307915E-1,0.E0,-2.473827746112E-1));
#19860=DIRECTION('',(-2.473827746112E-1,0.E0,-9.689178307915E-1));
#19861=AXIS2_PLACEMENT_3D('',#19858,#19859,#19860);
#19862=PLANE('',#19861);
#19863=ORIENTED_EDGE('',*,*,#10168,.F.);
#19865=ORIENTED_EDGE('',*,*,#19864,.T.);
#19866=ORIENTED_EDGE('',*,*,#13961,.T.);
#19867=ORIENTED_EDGE('',*,*,#19851,.F.);
#19868=EDGE_LOOP('',(#19863,#19865,#19866,#19867));
#19869=FACE_OUTER_BOUND('',#19868,.F.);
#19870=ADVANCED_FACE('',(#19869),#19862,.T.);
#19871=CARTESIAN_POINT('',(4.228735205769E1,3.E1,9.468750357628E0));
#19872=DIRECTION('',(8.265992787996E-1,0.E0,-5.627909312417E-1));
#19873=DIRECTION('',(-5.627909312417E-1,0.E0,-8.265992787996E-1));
#19874=AXIS2_PLACEMENT_3D('',#19871,#19872,#19873);
#19875=PLANE('',#19874);
#19876=ORIENTED_EDGE('',*,*,#10166,.F.);
#19878=ORIENTED_EDGE('',*,*,#19877,.T.);
#19879=ORIENTED_EDGE('',*,*,#13963,.T.);
#19880=ORIENTED_EDGE('',*,*,#19864,.F.);
#19881=EDGE_LOOP('',(#19876,#19878,#19879,#19880));
#19882=FACE_OUTER_BOUND('',#19881,.F.);
#19883=ADVANCED_FACE('',(#19882),#19875,.T.);
#19884=CARTESIAN_POINT('',(4.257458613306E1,3.E1,9.656249642372E0));
#19885=DIRECTION('',(5.466209949943E-1,0.E0,-8.373801334110E-1));
#19886=DIRECTION('',(-8.373801334110E-1,0.E0,-5.466209949943E-1));
#19887=AXIS2_PLACEMENT_3D('',#19884,#19885,#19886);
#19888=PLANE('',#19887);
#19889=ORIENTED_EDGE('',*,*,#10164,.F.);
#19891=ORIENTED_EDGE('',*,*,#19890,.T.);
#19892=ORIENTED_EDGE('',*,*,#13965,.T.);
#19893=ORIENTED_EDGE('',*,*,#19877,.F.);
#19894=EDGE_LOOP('',(#19889,#19891,#19892,#19893));
#19895=FACE_OUTER_BOUND('',#19894,.F.);
#19896=ADVANCED_FACE('',(#19895),#19888,.T.);
#19897=CARTESIAN_POINT('',(4.286182014137E1,3.E1,9.750000357628E0));
#19898=DIRECTION('',(3.102822043116E-1,0.E0,-9.506444938501E-1));
#19899=DIRECTION('',(-9.506444938501E-1,0.E0,-3.102822043116E-1));
#19900=AXIS2_PLACEMENT_3D('',#19897,#19898,#19899);
#19901=PLANE('',#19900);
#19902=ORIENTED_EDGE('',*,*,#10162,.F.);
#19904=ORIENTED_EDGE('',*,*,#19903,.T.);
#19905=ORIENTED_EDGE('',*,*,#13967,.T.);
#19906=ORIENTED_EDGE('',*,*,#19890,.F.);
#19907=EDGE_LOOP('',(#19902,#19904,#19905,#19906));
#19908=FACE_OUTER_BOUND('',#19907,.F.);
#19909=ADVANCED_FACE('',(#19908),#19901,.T.);
#19910=CARTESIAN_POINT('',(4.305330948024E1,3.E1,9.750000357628E0));
#19911=DIRECTION('',(0.E0,0.E0,-1.E0));
#19912=DIRECTION('',(-1.E0,0.E0,0.E0));
#19913=AXIS2_PLACEMENT_3D('',#19910,#19911,#19912);
#19914=PLANE('',#19913);
#19915=ORIENTED_EDGE('',*,*,#10160,.F.);
#19917=ORIENTED_EDGE('',*,*,#19916,.T.);
#19918=ORIENTED_EDGE('',*,*,#13969,.T.);
#19919=ORIENTED_EDGE('',*,*,#19903,.F.);
#19920=EDGE_LOOP('',(#19915,#19917,#19918,#19919));
#19921=FACE_OUTER_BOUND('',#19920,.F.);
#19922=ADVANCED_FACE('',(#19921),#19914,.T.);
#19923=CARTESIAN_POINT('',(4.334054362267E1,3.E1,9.656249642372E0));
#19924=DIRECTION('',(-3.102820733875E-1,0.E0,-9.506445365826E-1));
#19925=DIRECTION('',(-9.506445365826E-1,0.E0,3.102820733875E-1));
#19926=AXIS2_PLACEMENT_3D('',#19923,#19924,#19925);
#19927=PLANE('',#19926);
#19928=ORIENTED_EDGE('',*,*,#10158,.F.);
#19930=ORIENTED_EDGE('',*,*,#19929,.T.);
#19931=ORIENTED_EDGE('',*,*,#13971,.T.);
#19932=ORIENTED_EDGE('',*,*,#19916,.F.);
#19933=EDGE_LOOP('',(#19928,#19930,#19931,#19932));
#19934=FACE_OUTER_BOUND('',#19933,.F.);
#19935=ADVANCED_FACE('',(#19934),#19927,.T.);
#19936=CARTESIAN_POINT('',(4.362777763098E1,3.E1,9.468750357628E0));
#19937=DIRECTION('',(-5.466210844748E-1,0.E0,-8.373800750004E-1));
#19938=DIRECTION('',(-8.373800750004E-1,0.E0,5.466210844748E-1));
#19939=AXIS2_PLACEMENT_3D('',#19936,#19937,#19938);
#19940=PLANE('',#19939);
#19941=ORIENTED_EDGE('',*,*,#10156,.F.);
#19943=ORIENTED_EDGE('',*,*,#19942,.T.);
#19944=ORIENTED_EDGE('',*,*,#13973,.T.);
#19945=ORIENTED_EDGE('',*,*,#19929,.F.);
#19946=EDGE_LOOP('',(#19941,#19943,#19944,#19945));
#19947=FACE_OUTER_BOUND('',#19946,.F.);
#19948=ADVANCED_FACE('',(#19947),#19940,.T.);
#19949=CARTESIAN_POINT('',(4.381926696985E1,3.E1,9.187500357628E0));
#19950=DIRECTION('',(-8.265992787996E-1,0.E0,-5.627909312417E-1));
#19951=DIRECTION('',(-5.627909312417E-1,0.E0,8.265992787996E-1));
#19952=AXIS2_PLACEMENT_3D('',#19949,#19950,#19951);
#19953=PLANE('',#19952);
#19954=ORIENTED_EDGE('',*,*,#10154,.F.);
#19956=ORIENTED_EDGE('',*,*,#19955,.T.);
#19957=ORIENTED_EDGE('',*,*,#13975,.T.);
#19958=ORIENTED_EDGE('',*,*,#19942,.F.);
#19959=EDGE_LOOP('',(#19954,#19956,#19957,#19958));
#19960=FACE_OUTER_BOUND('',#19959,.F.);
#19961=ADVANCED_FACE('',(#19960),#19953,.T.);
#19962=CARTESIAN_POINT('',(4.391501163929E1,3.E1,8.812499642372E0));
#19963=DIRECTION('',(-9.689178307915E-1,0.E0,-2.473827746112E-1));
#19964=DIRECTION('',(-2.473827746112E-1,0.E0,9.689178307915E-1));
#19965=AXIS2_PLACEMENT_3D('',#19962,#19963,#19964);
#19966=PLANE('',#19965);
#19967=ORIENTED_EDGE('',*,*,#10152,.F.);
#19969=ORIENTED_EDGE('',*,*,#19968,.T.);
#19970=ORIENTED_EDGE('',*,*,#13977,.T.);
#19971=ORIENTED_EDGE('',*,*,#19955,.F.);
#19972=EDGE_LOOP('',(#19967,#19969,#19970,#19971));
#19973=FACE_OUTER_BOUND('',#19972,.F.);
#19974=ADVANCED_FACE('',(#19973),#19966,.T.);
#19975=CARTESIAN_POINT('',(4.391501163929E1,3.E1,8.249999642372E0));
#19976=DIRECTION('',(-1.E0,0.E0,0.E0));
#19977=DIRECTION('',(0.E0,0.E0,1.E0));
#19978=AXIS2_PLACEMENT_3D('',#19975,#19976,#19977);
#19979=PLANE('',#19978);
#19980=ORIENTED_EDGE('',*,*,#10150,.F.);
#19982=ORIENTED_EDGE('',*,*,#19981,.T.);
#19983=ORIENTED_EDGE('',*,*,#13979,.T.);
#19984=ORIENTED_EDGE('',*,*,#19968,.F.);
#19985=EDGE_LOOP('',(#19980,#19982,#19983,#19984));
#19986=FACE_OUTER_BOUND('',#19985,.F.);
#19987=ADVANCED_FACE('',(#19986),#19979,.T.);
#19988=CARTESIAN_POINT('',(4.381926696985E1,3.E1,7.875E0));
#19989=DIRECTION('',(-9.689176611437E-1,0.E0,2.473834390653E-1));
#19990=DIRECTION('',(2.473834390653E-1,0.E0,9.689176611437E-1));
#19991=AXIS2_PLACEMENT_3D('',#19988,#19989,#19990);
#19992=PLANE('',#19991);
#19993=ORIENTED_EDGE('',*,*,#10148,.F.);
#19994=ORIENTED_EDGE('',*,*,#19489,.T.);
#19995=ORIENTED_EDGE('',*,*,#13981,.T.);
#19996=ORIENTED_EDGE('',*,*,#19981,.F.);
#19997=EDGE_LOOP('',(#19993,#19994,#19995,#19996));
#19998=FACE_OUTER_BOUND('',#19997,.F.);
#19999=ADVANCED_FACE('',(#19998),#19992,.T.);
#20000=CARTESIAN_POINT('',(1.967693280303E1,3.E1,-1.96875E0));
#20001=DIRECTION('',(-7.938781110087E-1,0.E0,6.080769234738E-1));
#20002=DIRECTION('',(6.080769234738E-1,0.E0,7.938781110087E-1));
#20003=AXIS2_PLACEMENT_3D('',#20000,#20001,#20002);
#20004=PLANE('',#20003);
#20005=ORIENTED_EDGE('',*,*,#9774,.F.);
#20007=ORIENTED_EDGE('',*,*,#20006,.T.);
#20008=ORIENTED_EDGE('',*,*,#14006,.T.);
#20010=ORIENTED_EDGE('',*,*,#20009,.F.);
#20011=EDGE_LOOP('',(#20005,#20007,#20008,#20010));
#20012=FACE_OUTER_BOUND('',#20011,.F.);
#20013=ADVANCED_FACE('',(#20012),#20004,.T.);
#20014=CARTESIAN_POINT('',(1.967693280303E1,3.E1,-2.625000044703E0));
#20015=DIRECTION('',(-1.E0,0.E0,0.E0));
#20016=DIRECTION('',(0.E0,0.E0,1.E0));
#20017=AXIS2_PLACEMENT_3D('',#20014,#20015,#20016);
#20018=PLANE('',#20017);
#20019=ORIENTED_EDGE('',*,*,#9852,.F.);
#20021=ORIENTED_EDGE('',*,*,#20020,.T.);
#20022=ORIENTED_EDGE('',*,*,#14008,.T.);
#20023=ORIENTED_EDGE('',*,*,#20006,.F.);
#20024=EDGE_LOOP('',(#20019,#20021,#20022,#20023));
#20025=FACE_OUTER_BOUND('',#20024,.F.);
#20026=ADVANCED_FACE('',(#20025),#20018,.T.);
#20027=CARTESIAN_POINT('',(2.216629447663E1,3.E1,-2.625000044703E0));
#20028=DIRECTION('',(0.E0,0.E0,-1.E0));
#20029=DIRECTION('',(-1.E0,0.E0,0.E0));
#20030=AXIS2_PLACEMENT_3D('',#20027,#20028,#20029);
#20031=PLANE('',#20030);
#20032=ORIENTED_EDGE('',*,*,#9850,.F.);
#20034=ORIENTED_EDGE('',*,*,#20033,.T.);
#20035=ORIENTED_EDGE('',*,*,#14010,.T.);
#20036=ORIENTED_EDGE('',*,*,#20020,.F.);
#20037=EDGE_LOOP('',(#20032,#20034,#20035,#20036));
#20038=FACE_OUTER_BOUND('',#20037,.F.);
#20039=ADVANCED_FACE('',(#20038),#20031,.T.);
#20040=CARTESIAN_POINT('',(2.216629447663E1,3.E1,5.625E-1));
#20041=DIRECTION('',(1.E0,0.E0,0.E0));
#20042=DIRECTION('',(0.E0,0.E0,-1.E0));
#20043=AXIS2_PLACEMENT_3D('',#20040,#20041,#20042);
#20044=PLANE('',#20043);
#20045=ORIENTED_EDGE('',*,*,#9848,.F.);
#20047=ORIENTED_EDGE('',*,*,#20046,.T.);
#20048=ORIENTED_EDGE('',*,*,#14012,.T.);
#20049=ORIENTED_EDGE('',*,*,#20033,.F.);
#20050=EDGE_LOOP('',(#20045,#20047,#20048,#20049));
#20051=FACE_OUTER_BOUND('',#20050,.F.);
#20052=ADVANCED_FACE('',(#20051),#20044,.T.);
#20053=CARTESIAN_POINT('',(2.168757112944E1,3.E1,5.625E-1));
#20054=DIRECTION('',(0.E0,0.E0,1.E0));
#20055=DIRECTION('',(1.E0,0.E0,0.E0));
#20056=AXIS2_PLACEMENT_3D('',#20053,#20054,#20055);
#20057=PLANE('',#20056);
#20058=ORIENTED_EDGE('',*,*,#9846,.F.);
#20060=ORIENTED_EDGE('',*,*,#20059,.T.);
#20061=ORIENTED_EDGE('',*,*,#14014,.T.);
#20062=ORIENTED_EDGE('',*,*,#20046,.F.);
#20063=EDGE_LOOP('',(#20058,#20060,#20061,#20062));
#20064=FACE_OUTER_BOUND('',#20063,.F.);
#20065=ADVANCED_FACE('',(#20064),#20057,.T.);
#20066=CARTESIAN_POINT('',(2.168757112944E1,3.E1,-2.156250089407E0));
#20067=DIRECTION('',(-1.E0,0.E0,0.E0));
#20068=DIRECTION('',(0.E0,0.E0,1.E0));
#20069=AXIS2_PLACEMENT_3D('',#20066,#20067,#20068);
#20070=PLANE('',#20069);
#20071=ORIENTED_EDGE('',*,*,#9844,.F.);
#20073=ORIENTED_EDGE('',*,*,#20072,.T.);
#20074=ORIENTED_EDGE('',*,*,#14016,.T.);
#20075=ORIENTED_EDGE('',*,*,#20059,.F.);
#20076=EDGE_LOOP('',(#20071,#20073,#20074,#20075));
#20077=FACE_OUTER_BOUND('',#20076,.F.);
#20078=ADVANCED_FACE('',(#20077),#20070,.T.);
#20079=CARTESIAN_POINT('',(2.015565615022E1,3.E1,-2.156250089407E0));
#20080=DIRECTION('',(0.E0,0.E0,1.E0));
#20081=DIRECTION('',(1.E0,0.E0,0.E0));
#20082=AXIS2_PLACEMENT_3D('',#20079,#20080,#20081);
#20083=PLANE('',#20082);
#20084=ORIENTED_EDGE('',*,*,#9842,.F.);
#20086=ORIENTED_EDGE('',*,*,#20085,.T.);
#20087=ORIENTED_EDGE('',*,*,#14018,.T.);
#20088=ORIENTED_EDGE('',*,*,#20072,.F.);
#20089=EDGE_LOOP('',(#20084,#20086,#20087,#20088));
#20090=FACE_OUTER_BOUND('',#20089,.F.);
#20091=ADVANCED_FACE('',(#20090),#20083,.T.);
#20092=CARTESIAN_POINT('',(2.044289015853E1,3.E1,-1.6875E0));
#20093=DIRECTION('',(8.526534670056E-1,0.E0,-5.224768561414E-1));
#20094=DIRECTION('',(-5.224768561414E-1,0.E0,-8.526534670056E-1));
#20095=AXIS2_PLACEMENT_3D('',#20092,#20093,#20094);
#20096=PLANE('',#20095);
#20097=ORIENTED_EDGE('',*,*,#9840,.F.);
#20099=ORIENTED_EDGE('',*,*,#20098,.T.);
#20100=ORIENTED_EDGE('',*,*,#14020,.T.);
#20101=ORIENTED_EDGE('',*,*,#20085,.F.);
#20102=EDGE_LOOP('',(#20097,#20099,#20100,#20101));
#20103=FACE_OUTER_BOUND('',#20102,.F.);
#20104=ADVANCED_FACE('',(#20103),#20096,.T.);
#20105=CARTESIAN_POINT('',(2.053863482797E1,3.E1,-1.218749910593E0));
#20106=DIRECTION('',(9.797707167625E-1,0.E0,-2.001233184181E-1));
#20107=DIRECTION('',(-2.001233184181E-1,0.E0,-9.797707167625E-1));
#20108=AXIS2_PLACEMENT_3D('',#20105,#20106,#20107);
#20109=PLANE('',#20108);
#20110=ORIENTED_EDGE('',*,*,#9838,.F.);
#20112=ORIENTED_EDGE('',*,*,#20111,.T.);
#20113=ORIENTED_EDGE('',*,*,#14022,.T.);
#20114=ORIENTED_EDGE('',*,*,#20098,.F.);
#20115=EDGE_LOOP('',(#20110,#20112,#20113,#20114));
#20116=FACE_OUTER_BOUND('',#20115,.F.);
#20117=ADVANCED_FACE('',(#20116),#20109,.T.);
#20118=CARTESIAN_POINT('',(2.053863482797E1,3.E1,-6.562499105930E-1));
#20119=DIRECTION('',(1.E0,0.E0,0.E0));
#20120=DIRECTION('',(0.E0,0.E0,-1.E0));
#20121=AXIS2_PLACEMENT_3D('',#20118,#20119,#20120);
#20122=PLANE('',#20121);
#20123=ORIENTED_EDGE('',*,*,#9836,.F.);
#20125=ORIENTED_EDGE('',*,*,#20124,.T.);
#20126=ORIENTED_EDGE('',*,*,#14024,.T.);
#20127=ORIENTED_EDGE('',*,*,#20111,.F.);
#20128=EDGE_LOOP('',(#20123,#20125,#20126,#20127));
#20129=FACE_OUTER_BOUND('',#20128,.F.);
#20130=ADVANCED_FACE('',(#20129),#20122,.T.);
#20131=CARTESIAN_POINT('',(2.044289015853E1,3.E1,-1.875000894070E-1));
#20132=DIRECTION('',(9.797706943097E-1,0.E0,2.001234283435E-1));
#20133=DIRECTION('',(2.001234283435E-1,0.E0,-9.797706943097E-1));
#20134=AXIS2_PLACEMENT_3D('',#20131,#20132,#20133);
#20135=PLANE('',#20134);
#20136=ORIENTED_EDGE('',*,*,#9834,.F.);
#20138=ORIENTED_EDGE('',*,*,#20137,.T.);
#20139=ORIENTED_EDGE('',*,*,#14026,.T.);
#20140=ORIENTED_EDGE('',*,*,#20124,.F.);
#20141=EDGE_LOOP('',(#20136,#20138,#20139,#20140));
#20142=FACE_OUTER_BOUND('',#20141,.F.);
#20143=ADVANCED_FACE('',(#20142),#20135,.T.);
#20144=CARTESIAN_POINT('',(2.015565615022E1,3.E1,2.8125E-1));
#20145=DIRECTION('',(8.526534670056E-1,0.E0,5.224768561414E-1));
#20146=DIRECTION('',(5.224768561414E-1,0.E0,-8.526534670056E-1));
#20147=AXIS2_PLACEMENT_3D('',#20144,#20145,#20146);
#20148=PLANE('',#20147);
#20149=ORIENTED_EDGE('',*,*,#9832,.F.);
#20151=ORIENTED_EDGE('',*,*,#20150,.T.);
#20152=ORIENTED_EDGE('',*,*,#14028,.T.);
#20153=ORIENTED_EDGE('',*,*,#20137,.F.);
#20154=EDGE_LOOP('',(#20149,#20151,#20152,#20153));
#20155=FACE_OUTER_BOUND('',#20154,.F.);
#20156=ADVANCED_FACE('',(#20155),#20148,.T.);
#20157=CARTESIAN_POINT('',(1.977267747247E1,3.E1,5.625E-1));
#20158=DIRECTION('',(5.919095487496E-1,0.E0,8.060043958311E-1));
#20159=DIRECTION('',(8.060043958311E-1,0.E0,-5.919095487496E-1));
#20160=AXIS2_PLACEMENT_3D('',#20157,#20158,#20159);
#20161=PLANE('',#20160);
#20162=ORIENTED_EDGE('',*,*,#9830,.F.);
#20164=ORIENTED_EDGE('',*,*,#20163,.T.);
#20165=ORIENTED_EDGE('',*,*,#14030,.T.);
#20166=ORIENTED_EDGE('',*,*,#20150,.F.);
#20167=EDGE_LOOP('',(#20162,#20164,#20165,#20166));
#20168=FACE_OUTER_BOUND('',#20167,.F.);
#20169=ADVANCED_FACE('',(#20168),#20161,.T.);
#20170=CARTESIAN_POINT('',(1.929395399117E1,3.E1,7.499998211861E-1));
#20171=DIRECTION('',(3.646915457917E-1,0.E0,9.311283887994E-1));
#20172=DIRECTION('',(9.311283887994E-1,0.E0,-3.646915457917E-1));
#20173=AXIS2_PLACEMENT_3D('',#20170,#20171,#20172);
#20174=PLANE('',#20173);
#20175=ORIENTED_EDGE('',*,*,#9828,.F.);
#20177=ORIENTED_EDGE('',*,*,#20176,.T.);
#20178=ORIENTED_EDGE('',*,*,#14032,.T.);
#20179=ORIENTED_EDGE('',*,*,#20163,.F.);
#20180=EDGE_LOOP('',(#20175,#20177,#20178,#20179));
#20181=FACE_OUTER_BOUND('',#20180,.F.);
#20182=ADVANCED_FACE('',(#20181),#20174,.T.);
#20183=CARTESIAN_POINT('',(1.891097531342E1,3.E1,7.499998211861E-1));
#20184=DIRECTION('',(0.E0,0.E0,1.E0));
#20185=DIRECTION('',(1.E0,0.E0,0.E0));
#20186=AXIS2_PLACEMENT_3D('',#20183,#20184,#20185);
#20187=PLANE('',#20186);
#20188=ORIENTED_EDGE('',*,*,#9826,.F.);
#20190=ORIENTED_EDGE('',*,*,#20189,.T.);
#20191=ORIENTED_EDGE('',*,*,#14034,.T.);
#20192=ORIENTED_EDGE('',*,*,#20176,.F.);
#20193=EDGE_LOOP('',(#20188,#20190,#20191,#20192));
#20194=FACE_OUTER_BOUND('',#20193,.F.);
#20195=ADVANCED_FACE('',(#20194),#20187,.T.);
#20196=CARTESIAN_POINT('',(1.843225189918E1,3.E1,5.625E-1));
#20197=DIRECTION('',(-3.646915900803E-1,0.E0,9.311283714530E-1));
#20198=DIRECTION('',(9.311283714530E-1,0.E0,3.646915900803E-1));
#20199=AXIS2_PLACEMENT_3D('',#20196,#20197,#20198);
#20200=PLANE('',#20199);
#20201=ORIENTED_EDGE('',*,*,#9824,.F.);
#20203=ORIENTED_EDGE('',*,*,#20202,.T.);
#20204=ORIENTED_EDGE('',*,*,#14036,.T.);
#20205=ORIENTED_EDGE('',*,*,#20189,.F.);
#20206=EDGE_LOOP('',(#20201,#20203,#20204,#20205));
#20207=FACE_OUTER_BOUND('',#20206,.F.);
#20208=ADVANCED_FACE('',(#20207),#20200,.T.);
#20209=CARTESIAN_POINT('',(1.804927318790E1,3.E1,2.8125E-1));
#20210=DIRECTION('',(-5.919095150862E-1,0.E0,8.060044205527E-1));
#20211=DIRECTION('',(8.060044205527E-1,0.E0,5.919095150862E-1));
#20212=AXIS2_PLACEMENT_3D('',#20209,#20210,#20211);
#20213=PLANE('',#20212);
#20214=ORIENTED_EDGE('',*,*,#9822,.F.);
#20216=ORIENTED_EDGE('',*,*,#20215,.T.);
#20217=ORIENTED_EDGE('',*,*,#14038,.T.);
#20218=ORIENTED_EDGE('',*,*,#20202,.F.);
#20219=EDGE_LOOP('',(#20214,#20216,#20217,#20218));
#20220=FACE_OUTER_BOUND('',#20219,.F.);
#20221=ADVANCED_FACE('',(#20220),#20213,.T.);
#20222=CARTESIAN_POINT('',(1.776203915445E1,3.E1,-1.875000894070E-1));
#20223=DIRECTION('',(-8.526534466288E-1,0.E0,5.224768893951E-1));
#20224=DIRECTION('',(5.224768893951E-1,0.E0,8.526534466288E-1));
#20225=AXIS2_PLACEMENT_3D('',#20222,#20223,#20224);
#20226=PLANE('',#20225);
#20227=ORIENTED_EDGE('',*,*,#9820,.F.);
#20229=ORIENTED_EDGE('',*,*,#20228,.T.);
#20230=ORIENTED_EDGE('',*,*,#14040,.T.);
#20231=ORIENTED_EDGE('',*,*,#20215,.F.);
#20232=EDGE_LOOP('',(#20227,#20229,#20230,#20231));
#20233=FACE_OUTER_BOUND('',#20232,.F.);
#20234=ADVANCED_FACE('',(#20233),#20226,.T.);
#20235=CARTESIAN_POINT('',(1.766629447663E1,3.E1,-6.562499105930E-1));
#20236=DIRECTION('',(-9.797706908745E-1,0.E0,2.001234451615E-1));
#20237=DIRECTION('',(2.001234451615E-1,0.E0,9.797706908745E-1));
#20238=AXIS2_PLACEMENT_3D('',#20235,#20236,#20237);
#20239=PLANE('',#20238);
#20240=ORIENTED_EDGE('',*,*,#9818,.F.);
#20242=ORIENTED_EDGE('',*,*,#20241,.T.);
#20243=ORIENTED_EDGE('',*,*,#14042,.T.);
#20244=ORIENTED_EDGE('',*,*,#20228,.F.);
#20245=EDGE_LOOP('',(#20240,#20242,#20243,#20244));
#20246=FACE_OUTER_BOUND('',#20245,.F.);
#20247=ADVANCED_FACE('',(#20246),#20239,.T.);
#20248=CARTESIAN_POINT('',(1.766629447663E1,3.E1,-1.218749910593E0));
#20249=DIRECTION('',(-1.E0,0.E0,0.E0));
#20250=DIRECTION('',(0.E0,0.E0,1.E0));
#20251=AXIS2_PLACEMENT_3D('',#20248,#20249,#20250);
#20252=PLANE('',#20251);
#20253=ORIENTED_EDGE('',*,*,#9816,.F.);
#20255=ORIENTED_EDGE('',*,*,#20254,.T.);
#20256=ORIENTED_EDGE('',*,*,#14044,.T.);
#20257=ORIENTED_EDGE('',*,*,#20241,.F.);
#20258=EDGE_LOOP('',(#20253,#20255,#20256,#20257));
#20259=FACE_OUTER_BOUND('',#20258,.F.);
#20260=ADVANCED_FACE('',(#20259),#20252,.T.);
#20261=CARTESIAN_POINT('',(1.776203915445E1,3.E1,-1.6875E0));
#20262=DIRECTION('',(-9.797707133274E-1,0.E0,-2.001233352361E-1));
#20263=DIRECTION('',(-2.001233352361E-1,0.E0,9.797707133274E-1));
#20264=AXIS2_PLACEMENT_3D('',#20261,#20262,#20263);
#20265=PLANE('',#20264);
#20266=ORIENTED_EDGE('',*,*,#9814,.F.);
#20268=ORIENTED_EDGE('',*,*,#20267,.T.);
#20269=ORIENTED_EDGE('',*,*,#14046,.T.);
#20270=ORIENTED_EDGE('',*,*,#20254,.F.);
#20271=EDGE_LOOP('',(#20266,#20268,#20269,#20270));
#20272=FACE_OUTER_BOUND('',#20271,.F.);
#20273=ADVANCED_FACE('',(#20272),#20265,.T.);
#20274=CARTESIAN_POINT('',(1.804927318790E1,3.E1,-2.156250089407E0));
#20275=DIRECTION('',(-8.526534466288E-1,0.E0,-5.224768893951E-1));
#20276=DIRECTION('',(-5.224768893951E-1,0.E0,8.526534466288E-1));
#20277=AXIS2_PLACEMENT_3D('',#20274,#20275,#20276);
#20278=PLANE('',#20277);
#20279=ORIENTED_EDGE('',*,*,#9812,.F.);
#20281=ORIENTED_EDGE('',*,*,#20280,.T.);
#20282=ORIENTED_EDGE('',*,*,#14048,.T.);
#20283=ORIENTED_EDGE('',*,*,#20267,.F.);
#20284=EDGE_LOOP('',(#20279,#20281,#20282,#20283));
#20285=FACE_OUTER_BOUND('',#20284,.F.);
#20286=ADVANCED_FACE('',(#20285),#20278,.T.);
#20287=CARTESIAN_POINT('',(1.843225189918E1,3.E1,-2.437499955297E0));
#20288=DIRECTION('',(-5.919093317280E-1,0.E0,-8.060045552063E-1));
#20289=DIRECTION('',(-8.060045552063E-1,0.E0,5.919093317280E-1));
#20290=AXIS2_PLACEMENT_3D('',#20287,#20288,#20289);
#20291=PLANE('',#20290);
#20292=ORIENTED_EDGE('',*,*,#9810,.F.);
#20294=ORIENTED_EDGE('',*,*,#20293,.T.);
#20295=ORIENTED_EDGE('',*,*,#14050,.T.);
#20296=ORIENTED_EDGE('',*,*,#20280,.F.);
#20297=EDGE_LOOP('',(#20292,#20294,#20295,#20296));
#20298=FACE_OUTER_BOUND('',#20297,.F.);
#20299=ADVANCED_FACE('',(#20298),#20291,.T.);
#20300=CARTESIAN_POINT('',(1.881523064399E1,3.E1,-2.625000044703E0));
#20301=DIRECTION('',(-4.397136028534E-1,0.E0,-8.981380447713E-1));
#20302=DIRECTION('',(-8.981380447713E-1,0.E0,4.397136028534E-1));
#20303=AXIS2_PLACEMENT_3D('',#20300,#20301,#20302);
#20304=PLANE('',#20303);
#20305=ORIENTED_EDGE('',*,*,#9808,.F.);
#20307=ORIENTED_EDGE('',*,*,#20306,.T.);
#20308=ORIENTED_EDGE('',*,*,#14052,.T.);
#20309=ORIENTED_EDGE('',*,*,#20293,.F.);
#20310=EDGE_LOOP('',(#20305,#20307,#20308,#20309));
#20311=FACE_OUTER_BOUND('',#20310,.F.);
#20312=ADVANCED_FACE('',(#20311),#20304,.T.);
#20313=CARTESIAN_POINT('',(1.881523064399E1,3.E1,-2.062499910593E0));
#20314=DIRECTION('',(1.E0,0.E0,0.E0));
#20315=DIRECTION('',(0.E0,0.E0,-1.E0));
#20316=AXIS2_PLACEMENT_3D('',#20313,#20314,#20315);
#20317=PLANE('',#20316);
#20318=ORIENTED_EDGE('',*,*,#9806,.F.);
#20320=ORIENTED_EDGE('',*,*,#20319,.T.);
#20321=ORIENTED_EDGE('',*,*,#14054,.T.);
#20322=ORIENTED_EDGE('',*,*,#20306,.F.);
#20323=EDGE_LOOP('',(#20318,#20320,#20321,#20322));
#20324=FACE_OUTER_BOUND('',#20323,.F.);
#20325=ADVANCED_FACE('',(#20324),#20317,.T.);
#20326=CARTESIAN_POINT('',(1.843225189918E1,3.E1,-1.875000089407E0));
#20327=DIRECTION('',(4.397130954570E-1,0.E0,8.981382931841E-1));
#20328=DIRECTION('',(8.981382931841E-1,0.E0,-4.397130954570E-1));
#20329=AXIS2_PLACEMENT_3D('',#20326,#20327,#20328);
#20330=PLANE('',#20329);
#20331=ORIENTED_EDGE('',*,*,#9804,.F.);
#20333=ORIENTED_EDGE('',*,*,#20332,.T.);
#20334=ORIENTED_EDGE('',*,*,#14056,.T.);
#20335=ORIENTED_EDGE('',*,*,#20319,.F.);
#20336=EDGE_LOOP('',(#20331,#20333,#20334,#20335));
#20337=FACE_OUTER_BOUND('',#20336,.F.);
#20338=ADVANCED_FACE('',(#20337),#20330,.T.);
#20339=CARTESIAN_POINT('',(1.824076256031E1,3.E1,-1.593750089407E0));
#20340=DIRECTION('',(8.265992787996E-1,0.E0,5.627909312417E-1));
#20341=DIRECTION('',(5.627909312417E-1,0.E0,-8.265992787996E-1));
#20342=AXIS2_PLACEMENT_3D('',#20339,#20340,#20341);
#20343=PLANE('',#20342);
#20344=ORIENTED_EDGE('',*,*,#9802,.F.);
#20346=ORIENTED_EDGE('',*,*,#20345,.T.);
#20347=ORIENTED_EDGE('',*,*,#14058,.T.);
#20348=ORIENTED_EDGE('',*,*,#20332,.F.);
#20349=EDGE_LOOP('',(#20344,#20346,#20347,#20348));
#20350=FACE_OUTER_BOUND('',#20349,.F.);
#20351=ADVANCED_FACE('',(#20350),#20343,.T.);
#20352=CARTESIAN_POINT('',(1.814501789087E1,3.E1,-1.218749910593E0));
#20353=DIRECTION('',(9.689177459678E-1,0.E0,2.473831068378E-1));
#20354=DIRECTION('',(2.473831068378E-1,0.E0,-9.689177459678E-1));
#20355=AXIS2_PLACEMENT_3D('',#20352,#20353,#20354);
#20356=PLANE('',#20355);
#20357=ORIENTED_EDGE('',*,*,#9800,.F.);
#20359=ORIENTED_EDGE('',*,*,#20358,.T.);
#20360=ORIENTED_EDGE('',*,*,#14060,.T.);
#20361=ORIENTED_EDGE('',*,*,#20345,.F.);
#20362=EDGE_LOOP('',(#20357,#20359,#20360,#20361));
#20363=FACE_OUTER_BOUND('',#20362,.F.);
#20364=ADVANCED_FACE('',(#20363),#20356,.T.);
#20365=CARTESIAN_POINT('',(1.814501789087E1,3.E1,-6.562499105930E-1));
#20366=DIRECTION('',(1.E0,0.E0,0.E0));
#20367=DIRECTION('',(0.E0,0.E0,-1.E0));
#20368=AXIS2_PLACEMENT_3D('',#20365,#20366,#20367);
#20369=PLANE('',#20368);
#20370=ORIENTED_EDGE('',*,*,#9798,.F.);
#20372=ORIENTED_EDGE('',*,*,#20371,.T.);
#20373=ORIENTED_EDGE('',*,*,#14062,.T.);
#20374=ORIENTED_EDGE('',*,*,#20358,.F.);
#20375=EDGE_LOOP('',(#20370,#20372,#20373,#20374));
#20376=FACE_OUTER_BOUND('',#20375,.F.);
#20377=ADVANCED_FACE('',(#20376),#20369,.T.);
#20378=CARTESIAN_POINT('',(1.824076256031E1,3.E1,-2.8125E-1));
#20379=DIRECTION('',(9.689177035558E-1,0.E0,-2.473832729514E-1));
#20380=DIRECTION('',(-2.473832729514E-1,0.E0,-9.689177035558E-1));
#20381=AXIS2_PLACEMENT_3D('',#20378,#20379,#20380);
#20382=PLANE('',#20381);
#20383=ORIENTED_EDGE('',*,*,#9796,.F.);
#20385=ORIENTED_EDGE('',*,*,#20384,.T.);
#20386=ORIENTED_EDGE('',*,*,#14064,.T.);
#20387=ORIENTED_EDGE('',*,*,#20371,.F.);
#20388=EDGE_LOOP('',(#20383,#20385,#20386,#20387));
#20389=FACE_OUTER_BOUND('',#20388,.F.);
#20390=ADVANCED_FACE('',(#20389),#20382,.T.);
#20391=CARTESIAN_POINT('',(1.843225189918E1,3.E1,0.E0));
#20392=DIRECTION('',(8.265992787996E-1,0.E0,-5.627909312417E-1));
#20393=DIRECTION('',(-5.627909312417E-1,0.E0,-8.265992787996E-1));
#20394=AXIS2_PLACEMENT_3D('',#20391,#20392,#20393);
#20395=PLANE('',#20394);
#20396=ORIENTED_EDGE('',*,*,#9794,.F.);
#20398=ORIENTED_EDGE('',*,*,#20397,.T.);
#20399=ORIENTED_EDGE('',*,*,#14066,.T.);
#20400=ORIENTED_EDGE('',*,*,#20384,.F.);
#20401=EDGE_LOOP('',(#20396,#20398,#20399,#20400));
#20402=FACE_OUTER_BOUND('',#20401,.F.);
#20403=ADVANCED_FACE('',(#20402),#20395,.T.);
#20404=CARTESIAN_POINT('',(1.871948597455E1,3.E1,1.874998211861E-1));
#20405=DIRECTION('',(5.466220916090E-1,0.E0,-8.373794175671E-1));
#20406=DIRECTION('',(-8.373794175671E-1,0.E0,-5.466220916090E-1));
#20407=AXIS2_PLACEMENT_3D('',#20404,#20405,#20406);
#20408=PLANE('',#20407);
#20409=ORIENTED_EDGE('',*,*,#9792,.F.);
#20411=ORIENTED_EDGE('',*,*,#20410,.T.);
#20412=ORIENTED_EDGE('',*,*,#14068,.T.);
#20413=ORIENTED_EDGE('',*,*,#20397,.F.);
#20414=EDGE_LOOP('',(#20409,#20411,#20412,#20413));
#20415=FACE_OUTER_BOUND('',#20414,.F.);
#20416=ADVANCED_FACE('',(#20415),#20408,.T.);
#20417=CARTESIAN_POINT('',(1.900671998286E1,3.E1,2.8125E-1));
#20418=DIRECTION('',(3.102805998049E-1,0.E0,-9.506450175458E-1));
#20419=DIRECTION('',(-9.506450175458E-1,0.E0,-3.102805998049E-1));
#20420=AXIS2_PLACEMENT_3D('',#20417,#20418,#20419);
#20421=PLANE('',#20420);
#20422=ORIENTED_EDGE('',*,*,#9790,.F.);
#20424=ORIENTED_EDGE('',*,*,#20423,.T.);
#20425=ORIENTED_EDGE('',*,*,#14070,.T.);
#20426=ORIENTED_EDGE('',*,*,#20410,.F.);
#20427=EDGE_LOOP('',(#20422,#20424,#20425,#20426));
#20428=FACE_OUTER_BOUND('',#20427,.F.);
#20429=ADVANCED_FACE('',(#20428),#20421,.T.);
#20430=CARTESIAN_POINT('',(1.919820932173E1,3.E1,2.8125E-1));
#20431=DIRECTION('',(0.E0,0.E0,-1.E0));
#20432=DIRECTION('',(-1.E0,0.E0,0.E0));
#20433=AXIS2_PLACEMENT_3D('',#20430,#20431,#20432);
#20434=PLANE('',#20433);
#20435=ORIENTED_EDGE('',*,*,#9788,.F.);
#20437=ORIENTED_EDGE('',*,*,#20436,.T.);
#20438=ORIENTED_EDGE('',*,*,#14072,.T.);
#20439=ORIENTED_EDGE('',*,*,#20423,.F.);
#20440=EDGE_LOOP('',(#20435,#20437,#20438,#20439));
#20441=FACE_OUTER_BOUND('',#20440,.F.);
#20442=ADVANCED_FACE('',(#20441),#20434,.T.);
#20443=CARTESIAN_POINT('',(1.948544346416E1,3.E1,1.874998211861E-1));
#20444=DIRECTION('',(-3.102804688813E-1,0.E0,-9.506450602779E-1));
#20445=DIRECTION('',(-9.506450602779E-1,0.E0,3.102804688813E-1));
#20446=AXIS2_PLACEMENT_3D('',#20443,#20444,#20445);
#20447=PLANE('',#20446);
#20448=ORIENTED_EDGE('',*,*,#9786,.F.);
#20450=ORIENTED_EDGE('',*,*,#20449,.T.);
#20451=ORIENTED_EDGE('',*,*,#14074,.T.);
#20452=ORIENTED_EDGE('',*,*,#20436,.F.);
#20453=EDGE_LOOP('',(#20448,#20450,#20451,#20452));
#20454=FACE_OUTER_BOUND('',#20453,.F.);
#20455=ADVANCED_FACE('',(#20454),#20447,.T.);
#20456=CARTESIAN_POINT('',(1.977267747247E1,3.E1,0.E0));
#20457=DIRECTION('',(-5.466221810895E-1,0.E0,-8.373793591563E-1));
#20458=DIRECTION('',(-8.373793591563E-1,0.E0,5.466221810895E-1));
#20459=AXIS2_PLACEMENT_3D('',#20456,#20457,#20458);
#20460=PLANE('',#20459);
#20461=ORIENTED_EDGE('',*,*,#9784,.F.);
#20463=ORIENTED_EDGE('',*,*,#20462,.T.);
#20464=ORIENTED_EDGE('',*,*,#14076,.T.);
#20465=ORIENTED_EDGE('',*,*,#20449,.F.);
#20466=EDGE_LOOP('',(#20461,#20463,#20464,#20465));
#20467=FACE_OUTER_BOUND('',#20466,.F.);
#20468=ADVANCED_FACE('',(#20467),#20460,.T.);
#20469=CARTESIAN_POINT('',(1.996416681134E1,3.E1,-2.8125E-1));
#20470=DIRECTION('',(-8.265992787996E-1,0.E0,-5.627909312417E-1));
#20471=DIRECTION('',(-5.627909312417E-1,0.E0,8.265992787996E-1));
#20472=AXIS2_PLACEMENT_3D('',#20469,#20470,#20471);
#20473=PLANE('',#20472);
#20474=ORIENTED_EDGE('',*,*,#9782,.F.);
#20476=ORIENTED_EDGE('',*,*,#20475,.T.);
#20477=ORIENTED_EDGE('',*,*,#14078,.T.);
#20478=ORIENTED_EDGE('',*,*,#20462,.F.);
#20479=EDGE_LOOP('',(#20474,#20476,#20477,#20478));
#20480=FACE_OUTER_BOUND('',#20479,.F.);
#20481=ADVANCED_FACE('',(#20480),#20473,.T.);
#20482=CARTESIAN_POINT('',(2.005991148078E1,3.E1,-6.562499105930E-1));
#20483=DIRECTION('',(-9.689177035558E-1,0.E0,-2.473832729514E-1));
#20484=DIRECTION('',(-2.473832729514E-1,0.E0,9.689177035558E-1));
#20485=AXIS2_PLACEMENT_3D('',#20482,#20483,#20484);
#20486=PLANE('',#20485);
#20487=ORIENTED_EDGE('',*,*,#9780,.F.);
#20489=ORIENTED_EDGE('',*,*,#20488,.T.);
#20490=ORIENTED_EDGE('',*,*,#14080,.T.);
#20491=ORIENTED_EDGE('',*,*,#20475,.F.);
#20492=EDGE_LOOP('',(#20487,#20489,#20490,#20491));
#20493=FACE_OUTER_BOUND('',#20492,.F.);
#20494=ADVANCED_FACE('',(#20493),#20486,.T.);
#20495=CARTESIAN_POINT('',(2.005991148078E1,3.E1,-1.218749910593E0));
#20496=DIRECTION('',(-1.E0,0.E0,0.E0));
#20497=DIRECTION('',(0.E0,0.E0,1.E0));
#20498=AXIS2_PLACEMENT_3D('',#20495,#20496,#20497);
#20499=PLANE('',#20498);
#20500=ORIENTED_EDGE('',*,*,#9778,.F.);
#20502=ORIENTED_EDGE('',*,*,#20501,.T.);
#20503=ORIENTED_EDGE('',*,*,#14082,.T.);
#20504=ORIENTED_EDGE('',*,*,#20488,.F.);
#20505=EDGE_LOOP('',(#20500,#20502,#20503,#20504));
#20506=FACE_OUTER_BOUND('',#20505,.F.);
#20507=ADVANCED_FACE('',(#20506),#20499,.T.);
#20508=CARTESIAN_POINT('',(1.996416681134E1,3.E1,-1.593750089407E0));
#20509=DIRECTION('',(-9.689177459678E-1,0.E0,2.473831068378E-1));
#20510=DIRECTION('',(2.473831068378E-1,0.E0,9.689177459678E-1));
#20511=AXIS2_PLACEMENT_3D('',#20508,#20509,#20510);
#20512=PLANE('',#20511);
#20513=ORIENTED_EDGE('',*,*,#9776,.F.);
#20514=ORIENTED_EDGE('',*,*,#20009,.T.);
#20515=ORIENTED_EDGE('',*,*,#14084,.T.);
#20516=ORIENTED_EDGE('',*,*,#20501,.F.);
#20517=EDGE_LOOP('',(#20513,#20514,#20515,#20516));
#20518=FACE_OUTER_BOUND('',#20517,.F.);
#20519=ADVANCED_FACE('',(#20518),#20512,.T.);
#20520=CARTESIAN_POINT('',(2.168757112944E1,3.E1,4.874999642372E0));
#20521=DIRECTION('',(0.E0,0.E0,1.E0));
#20522=DIRECTION('',(1.E0,0.E0,0.E0));
#20523=AXIS2_PLACEMENT_3D('',#20520,#20521,#20522);
#20524=PLANE('',#20523);
#20525=ORIENTED_EDGE('',*,*,#9856,.F.);
#20527=ORIENTED_EDGE('',*,*,#20526,.T.);
#20528=ORIENTED_EDGE('',*,*,#14094,.T.);
#20530=ORIENTED_EDGE('',*,*,#20529,.F.);
#20531=EDGE_LOOP('',(#20525,#20527,#20528,#20530));
#20532=FACE_OUTER_BOUND('',#20531,.F.);
#20533=ADVANCED_FACE('',(#20532),#20524,.T.);
#20534=CARTESIAN_POINT('',(1.766629447663E1,3.E1,2.999999821186E0));
#20535=DIRECTION('',(-4.225900708629E-1,0.E0,9.063209321251E-1));
#20536=DIRECTION('',(9.063209321251E-1,0.E0,4.225900708629E-1));
#20537=AXIS2_PLACEMENT_3D('',#20534,#20535,#20536);
#20538=PLANE('',#20537);
#20539=ORIENTED_EDGE('',*,*,#9868,.F.);
#20541=ORIENTED_EDGE('',*,*,#20540,.T.);
#20542=ORIENTED_EDGE('',*,*,#14096,.T.);
#20543=ORIENTED_EDGE('',*,*,#20526,.F.);
#20544=EDGE_LOOP('',(#20539,#20541,#20542,#20543));
#20545=FACE_OUTER_BOUND('',#20544,.F.);
#20546=ADVANCED_FACE('',(#20545),#20538,.T.);
#20547=CARTESIAN_POINT('',(1.766629447663E1,3.E1,2.437499821186E0));
#20548=DIRECTION('',(-1.E0,0.E0,0.E0));
#20549=DIRECTION('',(0.E0,0.E0,1.E0));
#20550=AXIS2_PLACEMENT_3D('',#20547,#20548,#20549);
#20551=PLANE('',#20550);
#20552=ORIENTED_EDGE('',*,*,#9866,.F.);
#20554=ORIENTED_EDGE('',*,*,#20553,.T.);
#20555=ORIENTED_EDGE('',*,*,#14098,.T.);
#20556=ORIENTED_EDGE('',*,*,#20540,.F.);
#20557=EDGE_LOOP('',(#20552,#20554,#20555,#20556));
#20558=FACE_OUTER_BOUND('',#20557,.F.);
#20559=ADVANCED_FACE('',(#20558),#20551,.T.);
#20560=CARTESIAN_POINT('',(2.168757112944E1,3.E1,4.312500178814E0));
#20561=DIRECTION('',(4.225901701756E-1,0.E0,-9.063208858186E-1));
#20562=DIRECTION('',(-9.063208858186E-1,0.E0,-4.225901701756E-1));
#20563=AXIS2_PLACEMENT_3D('',#20560,#20561,#20562);
#20564=PLANE('',#20563);
#20565=ORIENTED_EDGE('',*,*,#9864,.F.);
#20567=ORIENTED_EDGE('',*,*,#20566,.T.);
#20568=ORIENTED_EDGE('',*,*,#14100,.T.);
#20569=ORIENTED_EDGE('',*,*,#20553,.F.);
#20570=EDGE_LOOP('',(#20565,#20567,#20568,#20569));
#20571=FACE_OUTER_BOUND('',#20570,.F.);
#20572=ADVANCED_FACE('',(#20571),#20564,.T.);
#20573=CARTESIAN_POINT('',(2.168757112944E1,3.E1,1.500000178814E0));
#20574=DIRECTION('',(-1.E0,0.E0,0.E0));
#20575=DIRECTION('',(0.E0,0.E0,1.E0));
#20576=AXIS2_PLACEMENT_3D('',#20573,#20574,#20575);
#20577=PLANE('',#20576);
#20578=ORIENTED_EDGE('',*,*,#9862,.F.);
#20580=ORIENTED_EDGE('',*,*,#20579,.T.);
#20581=ORIENTED_EDGE('',*,*,#14102,.T.);
#20582=ORIENTED_EDGE('',*,*,#20566,.F.);
#20583=EDGE_LOOP('',(#20578,#20580,#20581,#20582));
#20584=FACE_OUTER_BOUND('',#20583,.F.);
#20585=ADVANCED_FACE('',(#20584),#20577,.T.);
#20586=CARTESIAN_POINT('',(2.216629447663E1,3.E1,1.500000178814E0));
#20587=DIRECTION('',(0.E0,0.E0,-1.E0));
#20588=DIRECTION('',(-1.E0,0.E0,0.E0));
#20589=AXIS2_PLACEMENT_3D('',#20586,#20587,#20588);
#20590=PLANE('',#20589);
#20591=ORIENTED_EDGE('',*,*,#9860,.F.);
#20593=ORIENTED_EDGE('',*,*,#20592,.T.);
#20594=ORIENTED_EDGE('',*,*,#14104,.T.);
#20595=ORIENTED_EDGE('',*,*,#20579,.F.);
#20596=EDGE_LOOP('',(#20591,#20593,#20594,#20595));
#20597=FACE_OUTER_BOUND('',#20596,.F.);
#20598=ADVANCED_FACE('',(#20597),#20590,.T.);
#20599=CARTESIAN_POINT('',(2.216629447663E1,3.E1,4.874999642372E0));
#20600=DIRECTION('',(1.E0,0.E0,0.E0));
#20601=DIRECTION('',(0.E0,0.E0,-1.E0));
#20602=AXIS2_PLACEMENT_3D('',#20599,#20600,#20601);
#20603=PLANE('',#20602);
#20604=ORIENTED_EDGE('',*,*,#9858,.F.);
#20605=ORIENTED_EDGE('',*,*,#20529,.T.);
#20606=ORIENTED_EDGE('',*,*,#14106,.T.);
#20607=ORIENTED_EDGE('',*,*,#20592,.F.);
#20608=EDGE_LOOP('',(#20604,#20605,#20606,#20607));
#20609=FACE_OUTER_BOUND('',#20608,.F.);
#20610=ADVANCED_FACE('',(#20609),#20603,.T.);
#20614=DIMENSIONAL_EXPONENTS(0.E0,0.E0,0.E0,0.E0,0.E0,0.E0,0.E0);
#20616=PLANE_ANGLE_MEASURE_WITH_UNIT(PLANE_ANGLE_MEASURE(1.745329251994E-2),
#20615);
#20617=(CONVERSION_BASED_UNIT('DEGREE',#20616)NAMED_UNIT(*)PLANE_ANGLE_UNIT());
#20619=UNCERTAINTY_MEASURE_WITH_UNIT(LENGTH_MEASURE(1.E-2),#20613,'closure',
'Maximum model space distance between geometric entities at asserted connectivities');
#20620=(GEOMETRIC_REPRESENTATION_CONTEXT(3)GLOBAL_UNCERTAINTY_ASSIGNED_CONTEXT((
#20619))GLOBAL_UNIT_ASSIGNED_CONTEXT((#20613,#20617,#20618))REPRESENTATION_CONTEXT('ID1','3'));
#20622=APPLICATION_CONTEXT(
'CONFIGURATION CONTROLLED 3D DESIGNS OF MECHANICAL PARTS AND ASSEMBLIES');
#20623=APPLICATION_PROTOCOL_DEFINITION('international standard',
'config_control_design',1994,#20622);
#20624=DESIGN_CONTEXT('',#20622,'design');
#20625=MECHANICAL_CONTEXT('',#20622,'mechanical');
#20626=PRODUCT('CJ2','CJ2','NOT SPECIFIED',(#20625));
#20627=PRODUCT_DEFINITION_FORMATION_WITH_SPECIFIED_SOURCE('2','LAST_VERSION',
#20626,.MADE.);
#20631=PRODUCT_CATEGORY('part','');
#20632=PRODUCT_RELATED_PRODUCT_CATEGORY('detail','',(#20626));
#20633=PRODUCT_CATEGORY_RELATIONSHIP('','',#20631,#20632);
#20634=SECURITY_CLASSIFICATION_LEVEL('unclassified');
#20635=SECURITY_CLASSIFICATION('','',#20634);
#20636=CC_DESIGN_SECURITY_CLASSIFICATION(#20635,(#20627));
#20637=APPROVAL_STATUS('approved');
#20638=APPROVAL(#20637,'');
#20639=CC_DESIGN_APPROVAL(#20638,(#20635,#20627,#20628));
#20640=CALENDAR_DATE(126,5,2);
#20641=COORDINATED_UNIVERSAL_TIME_OFFSET(11,0,.AHEAD.);
#20642=LOCAL_TIME(22,18,5.5E1,#20641);
#20643=DATE_AND_TIME(#20640,#20642);
#20644=APPROVAL_DATE_TIME(#20643,#20638);
#20645=DATE_TIME_ROLE('creation_date');
#20646=CC_DESIGN_DATE_AND_TIME_ASSIGNMENT(#20643,#20645,(#20628));
#20647=DATE_TIME_ROLE('classification_date');
#20648=CC_DESIGN_DATE_AND_TIME_ASSIGNMENT(#20643,#20647,(#20635));
#20649=PERSON('UNSPECIFIED','UNSPECIFIED',$,$,$,$);
#20650=ORGANIZATION('UNSPECIFIED','UNSPECIFIED','UNSPECIFIED');
#20651=PERSON_AND_ORGANIZATION(#20649,#20650);
#20652=APPROVAL_ROLE('approver');
#20653=APPROVAL_PERSON_ORGANIZATION(#20651,#20638,#20652);
#20654=PERSON_AND_ORGANIZATION_ROLE('creator');
#20655=CC_DESIGN_PERSON_AND_ORGANIZATION_ASSIGNMENT(#20651,#20654,(#20627,
#20628));
#20656=PERSON_AND_ORGANIZATION_ROLE('design_supplier');
#20657=CC_DESIGN_PERSON_AND_ORGANIZATION_ASSIGNMENT(#20651,#20656,(#20627));
#20658=PERSON_AND_ORGANIZATION_ROLE('classification_officer');
#20659=CC_DESIGN_PERSON_AND_ORGANIZATION_ASSIGNMENT(#20651,#20658,(#20635));
#20660=PERSON_AND_ORGANIZATION_ROLE('design_owner');
#20661=CC_DESIGN_PERSON_AND_ORGANIZATION_ASSIGNMENT(#20651,#20660,(#20626));
#1433=CIRCLE('',#1432,2.4E0);
#1442=CIRCLE('',#1441,2.4E0);
#2139=CIRCLE('',#2138,1.75E0);
#2144=CIRCLE('',#2143,1.75E0);
#2153=CIRCLE('',#2152,2.4E0);
#2168=B_SPLINE_CURVE_WITH_KNOTS('',3,(#2154,#2155,#2156,#2157,#2158,#2159,#2160,
#2161,#2162,#2163,#2164,#2165,#2166,#2167),.UNSPECIFIED.,.F.,.F.,(4,1,1,1,1,1,1,
1,1,1,1,4),(0.E0,9.090909090909E-2,1.818181818182E-1,2.727272727273E-1,
3.636363636364E-1,4.545454545455E-1,5.454545454545E-1,6.363636363636E-1,
7.272727272727E-1,8.181818181818E-1,9.090909090909E-1,1.E0),.UNSPECIFIED.);
#2176=B_SPLINE_CURVE_WITH_KNOTS('',3,(#2169,#2170,#2171,#2172,#2173,#2174,
#2175),.UNSPECIFIED.,.F.,.F.,(4,1,1,1,4),(0.E0,2.5E-1,5.E-1,7.5E-1,1.E0),
.UNSPECIFIED.);
#2181=CIRCLE('',#2180,4.3E0);
#2198=B_SPLINE_CURVE_WITH_KNOTS('',3,(#2182,#2183,#2184,#2185,#2186,#2187,#2188,
#2189,#2190,#2191,#2192,#2193,#2194,#2195,#2196,#2197),.UNSPECIFIED.,.F.,.F.,(4,
1,1,1,1,1,1,1,1,1,1,1,1,4),(0.E0,7.692307692308E-2,1.538461538462E-1,
2.307692307692E-1,3.076923076923E-1,3.846153846154E-1,4.615384615385E-1,
5.384615384615E-1,6.153846153846E-1,6.923076923077E-1,7.692307692308E-1,
8.461538461538E-1,9.230769230769E-1,1.E0),.UNSPECIFIED.);
#2215=CIRCLE('',#2214,3.4E0);
#2220=CIRCLE('',#2219,3.4E0);
#2225=CIRCLE('',#2224,5.7E0);
#2234=CIRCLE('',#2233,5.7E0);
#2243=CIRCLE('',#2242,5.7E0);
#2248=CIRCLE('',#2247,5.7E0);
#2257=CIRCLE('',#2256,5.7E0);
#2262=CIRCLE('',#2261,5.7E0);
#2271=CIRCLE('',#2270,5.7E0);
#2276=CIRCLE('',#2275,5.7E0);
#2285=CIRCLE('',#2284,5.7E0);
#2290=CIRCLE('',#2289,5.7E0);
#2295=CIRCLE('',#2294,5.7E0);
#2304=CIRCLE('',#2303,3.4E0);
#2309=CIRCLE('',#2308,3.4E0);
#2322=CIRCLE('',#2321,5.7E0);
#2335=CIRCLE('',#2334,5.7E0);
#2340=CIRCLE('',#2339,5.7E0);
#2349=CIRCLE('',#2348,5.7E0);
#2358=CIRCLE('',#2357,5.7E0);
#2363=CIRCLE('',#2362,5.7E0);
#2372=CIRCLE('',#2371,5.7E0);
#2377=CIRCLE('',#2376,5.7E0);
#2386=CIRCLE('',#2385,5.7E0);
#2391=CIRCLE('',#2390,5.7E0);
#2400=CIRCLE('',#2399,5.7E0);
#2405=CIRCLE('',#2404,5.7E0);
#2410=CIRCLE('',#2409,5.7E0);
#2419=CIRCLE('',#2418,1.75E0);
#2424=CIRCLE('',#2423,1.75E0);
#2457=CIRCLE('',#2456,5.8E0);
#2554=CIRCLE('',#2553,5.8E0);
#2559=CIRCLE('',#2558,5.7E0);
#2564=CIRCLE('',#2563,5.7E0);
#2581=CIRCLE('',#2580,5.8E0);
#2694=CIRCLE('',#2693,5.8E0);
#2699=CIRCLE('',#2698,5.8E0);
#2708=CIRCLE('',#2707,5.8E0);
#2720=B_SPLINE_CURVE_WITH_KNOTS('',3,(#2709,#2710,#2711,#2712,#2713,#2714,#2715,
#2716,#2717,#2718,#2719),.UNSPECIFIED.,.F.,.F.,(4,1,1,1,1,1,1,1,4),(0.E0,
1.25E-1,2.5E-1,3.75E-1,5.E-1,6.25E-1,7.5E-1,8.75E-1,1.E0),.UNSPECIFIED.);
#2725=CIRCLE('',#2724,3.4E0);
#2732=B_SPLINE_CURVE_WITH_KNOTS('',3,(#2726,#2727,#2728,#2729,#2730,#2731),
.UNSPECIFIED.,.F.,.F.,(4,1,1,4),(0.E0,3.333333333333E-1,6.666666666667E-1,1.E0),
.UNSPECIFIED.);
#2747=B_SPLINE_CURVE_WITH_KNOTS('',3,(#2733,#2734,#2735,#2736,#2737,#2738,#2739,
#2740,#2741,#2742,#2743,#2744,#2745,#2746),.UNSPECIFIED.,.F.,.F.,(4,1,1,1,1,1,1,
1,1,1,1,4),(0.E0,9.090909090909E-2,1.818181818182E-1,2.727272727273E-1,
3.636363636364E-1,4.545454545455E-1,5.454545454545E-1,6.363636363636E-1,
7.272727272727E-1,8.181818181818E-1,9.090909090909E-1,1.E0),.UNSPECIFIED.);
#2752=CIRCLE('',#2751,7.E-1);
#2757=CIRCLE('',#2756,7.000000000356E-1);
#2762=CIRCLE('',#2761,7.000104247986E-1);
#2770=B_SPLINE_CURVE_WITH_KNOTS('',3,(#2763,#2764,#2765,#2766,#2767,#2768,
#2769),.UNSPECIFIED.,.F.,.F.,(4,1,1,1,4),(0.E0,2.5E-1,5.E-1,7.5E-1,1.E0),
.UNSPECIFIED.);
#2775=CIRCLE('',#2774,2.250003578228E0);
#2783=B_SPLINE_CURVE_WITH_KNOTS('',3,(#2776,#2777,#2778,#2779,#2780,#2781,
#2782),.UNSPECIFIED.,.F.,.F.,(4,1,1,1,4),(0.E0,2.5E-1,5.E-1,7.5E-1,1.E0),
.UNSPECIFIED.);
#2796=B_SPLINE_CURVE_WITH_KNOTS('',3,(#2784,#2785,#2786,#2787,#2788,#2789,#2790,
#2791,#2792,#2793,#2794,#2795),.UNSPECIFIED.,.F.,.F.,(4,1,1,1,1,1,1,1,1,4),
(0.E0,1.111111111111E-1,2.222222222222E-1,3.333333333333E-1,4.444444444444E-1,
5.555555555556E-1,6.666666666667E-1,7.777777777778E-1,8.888888888889E-1,1.E0),
.UNSPECIFIED.);
#2813=B_SPLINE_CURVE_WITH_KNOTS('',3,(#2797,#2798,#2799,#2800,#2801,#2802,#2803,
#2804,#2805,#2806,#2807,#2808,#2809,#2810,#2811,#2812),.UNSPECIFIED.,.F.,.F.,(4,
1,1,1,1,1,1,1,1,1,1,1,1,4),(0.E0,7.692307692308E-2,1.538461538462E-1,
2.307692307692E-1,3.076923076923E-1,3.846153846154E-1,4.615384615385E-1,
5.384615384615E-1,6.153846153846E-1,6.923076923077E-1,7.692307692308E-1,
8.461538461538E-1,9.230769230769E-1,1.E0),.UNSPECIFIED.);
#2818=CIRCLE('',#2817,7.E-1);
#2823=CIRCLE('',#2822,5.E0);
#2830=B_SPLINE_CURVE_WITH_KNOTS('',3,(#2824,#2825,#2826,#2827,#2828,#2829),
.UNSPECIFIED.,.F.,.F.,(4,1,1,4),(0.E0,3.333333333333E-1,6.666666666667E-1,1.E0),
.UNSPECIFIED.);
#2837=B_SPLINE_CURVE_WITH_KNOTS('',3,(#2831,#2832,#2833,#2834,#2835,#2836),
.UNSPECIFIED.,.F.,.F.,(4,1,1,4),(0.E0,3.333333333333E-1,6.666666666667E-1,1.E0),
.UNSPECIFIED.);
#2842=CIRCLE('',#2841,3.4E0);
#2847=CIRCLE('',#2846,3.4E0);
#2862=B_SPLINE_CURVE_WITH_KNOTS('',3,(#2848,#2849,#2850,#2851,#2852,#2853,#2854,
#2855,#2856,#2857,#2858,#2859,#2860,#2861),.UNSPECIFIED.,.F.,.F.,(4,1,1,1,1,1,1,
1,1,1,1,4),(0.E0,9.090908777027E-2,1.818181755839E-1,2.727272633976E-1,
3.636363512112E-1,4.545454390249E-1,5.454545268385E-1,6.363636146522E-1,
7.272727024658E-1,8.181817902795E-1,9.090908780931E-1,1.E0),.UNSPECIFIED.);
#2867=CIRCLE('',#2866,3.4E0);
#2876=CIRCLE('',#2875,3.1E0);
#2885=CIRCLE('',#2884,1.4E0);
#2900=B_SPLINE_CURVE_WITH_KNOTS('',3,(#2886,#2887,#2888,#2889,#2890,#2891,#2892,
#2893,#2894,#2895,#2896,#2897,#2898,#2899),.UNSPECIFIED.,.F.,.F.,(4,1,1,1,1,1,1,
1,1,1,1,4),(0.E0,9.090908291333E-2,1.818181649061E-1,2.727272468988E-1,
3.636363288915E-1,4.545454108842E-1,5.454544928770E-1,6.363635748697E-1,
7.272726568624E-1,8.181817388551E-1,9.090908208479E-1,1.E0),.UNSPECIFIED.);
#2905=CIRCLE('',#2904,1.4E0);
#2914=CIRCLE('',#2913,1.4E0);
#2923=CIRCLE('',#2922,1.4E0);
#2928=CIRCLE('',#2927,1.4E0);
#2933=CIRCLE('',#2932,3.4E0);
#2940=B_SPLINE_CURVE_WITH_KNOTS('',3,(#2934,#2935,#2936,#2937,#2938,#2939),
.UNSPECIFIED.,.F.,.F.,(4,1,1,4),(0.E0,3.333333333333E-1,6.666666666667E-1,1.E0),
.UNSPECIFIED.);
#2949=CIRCLE('',#2948,3.4E0);
#2994=CIRCLE('',#2993,3.4E0);
#2999=CIRCLE('',#2998,3.4E0);
#3004=CIRCLE('',#3003,3.4E0);
#3009=CIRCLE('',#3008,3.4E0);
#3014=CIRCLE('',#3013,3.4E0);
#3019=CIRCLE('',#3018,3.4E0);
#3024=CIRCLE('',#3023,3.4E0);
#3029=CIRCLE('',#3028,3.4E0);
#3034=CIRCLE('',#3033,3.4E0);
#3039=CIRCLE('',#3038,3.4E0);
#3044=CIRCLE('',#3043,3.4E0);
#3049=CIRCLE('',#3048,3.4E0);
#3054=CIRCLE('',#3053,3.4E0);
#3059=CIRCLE('',#3058,3.4E0);
#3068=CIRCLE('',#3067,5.8E0);
#3077=CIRCLE('',#3076,5.8E0);
#3086=CIRCLE('',#3085,5.8E0);
#3095=CIRCLE('',#3094,5.8E0);
#3104=CIRCLE('',#3103,1.4E0);
#3109=CIRCLE('',#3108,1.4E0);
#3158=CIRCLE('',#3157,2.25E0);
#3163=CIRCLE('',#3162,2.25E0);
#3180=CIRCLE('',#3179,2.25E0);
#3185=CIRCLE('',#3184,2.25E0);
#3190=CIRCLE('',#3189,2.25E0);
#3195=CIRCLE('',#3194,2.25E0);
#3236=CIRCLE('',#3235,2.25E0);
#3241=CIRCLE('',#3240,2.25E0);
#3246=CIRCLE('',#3245,2.25E0);
#3251=CIRCLE('',#3250,2.25E0);
#3268=CIRCLE('',#3267,5.7E0);
#3277=CIRCLE('',#3276,5.7E0);
#3290=CIRCLE('',#3289,1.4E0);
#3295=CIRCLE('',#3294,1.4E0);
#3300=CIRCLE('',#3299,3.4E0);
#3305=CIRCLE('',#3304,3.4E0);
#3310=CIRCLE('',#3309,3.4E0);
#3315=CIRCLE('',#3314,3.4E0);
#9748=EDGE_CURVE('',#7471,#7466,#4,.T.);
#9750=EDGE_CURVE('',#7522,#7471,#8,.T.);
#9752=EDGE_CURVE('',#7527,#7522,#12,.T.);
#9754=EDGE_CURVE('',#7527,#7466,#16,.T.);
#9758=EDGE_CURVE('',#9514,#9515,#20,.T.);
#9760=EDGE_CURVE('',#9515,#9517,#24,.T.);
#9762=EDGE_CURVE('',#9517,#9519,#28,.T.);
#9764=EDGE_CURVE('',#9519,#9521,#32,.T.);
#9766=EDGE_CURVE('',#9521,#9523,#36,.T.);
#9768=EDGE_CURVE('',#9523,#9525,#40,.T.);
#9770=EDGE_CURVE('',#9525,#9514,#44,.T.);
#9774=EDGE_CURVE('',#9528,#9529,#48,.T.);
#9776=EDGE_CURVE('',#9529,#9531,#52,.T.);
#9778=EDGE_CURVE('',#9531,#9533,#56,.T.);
#9780=EDGE_CURVE('',#9533,#9535,#60,.T.);
#9782=EDGE_CURVE('',#9535,#9537,#64,.T.);
#9784=EDGE_CURVE('',#9537,#9539,#68,.T.);
#9786=EDGE_CURVE('',#9539,#9541,#72,.T.);
#9788=EDGE_CURVE('',#9541,#9543,#76,.T.);
#9790=EDGE_CURVE('',#9543,#9545,#80,.T.);
#9792=EDGE_CURVE('',#9545,#9547,#84,.T.);
#9794=EDGE_CURVE('',#9547,#9549,#88,.T.);
#9796=EDGE_CURVE('',#9549,#9551,#92,.T.);
#9798=EDGE_CURVE('',#9551,#9553,#96,.T.);
#9800=EDGE_CURVE('',#9553,#9555,#100,.T.);
#9802=EDGE_CURVE('',#9555,#9557,#104,.T.);
#9804=EDGE_CURVE('',#9557,#9559,#108,.T.);
#9806=EDGE_CURVE('',#9559,#9561,#112,.T.);
#9808=EDGE_CURVE('',#9561,#9563,#116,.T.);
#9810=EDGE_CURVE('',#9563,#9565,#120,.T.);
#9812=EDGE_CURVE('',#9565,#9567,#124,.T.);
#9814=EDGE_CURVE('',#9567,#9569,#128,.T.);
#9816=EDGE_CURVE('',#9569,#9571,#132,.T.);
#9818=EDGE_CURVE('',#9571,#9573,#136,.T.);
#9820=EDGE_CURVE('',#9573,#9575,#140,.T.);
#9822=EDGE_CURVE('',#9575,#9577,#144,.T.);
#9824=EDGE_CURVE('',#9577,#9579,#148,.T.);
#9826=EDGE_CURVE('',#9579,#9581,#152,.T.);
#9828=EDGE_CURVE('',#9581,#9583,#156,.T.);
#9830=EDGE_CURVE('',#9583,#9585,#160,.T.);
#9832=EDGE_CURVE('',#9585,#9587,#164,.T.);
#9834=EDGE_CURVE('',#9587,#9589,#168,.T.);
#9836=EDGE_CURVE('',#9589,#9591,#172,.T.);
#9838=EDGE_CURVE('',#9591,#9593,#176,.T.);
#9840=EDGE_CURVE('',#9593,#9595,#180,.T.);
#9842=EDGE_CURVE('',#9595,#9597,#184,.T.);
#9844=EDGE_CURVE('',#9597,#9599,#188,.T.);
#9846=EDGE_CURVE('',#9599,#9601,#192,.T.);
#9848=EDGE_CURVE('',#9601,#9603,#196,.T.);
#9850=EDGE_CURVE('',#9603,#9605,#200,.T.);
#9852=EDGE_CURVE('',#9605,#9528,#204,.T.);
#9856=EDGE_CURVE('',#9608,#9609,#208,.T.);
#9858=EDGE_CURVE('',#9609,#9611,#212,.T.);
#9860=EDGE_CURVE('',#9611,#9613,#216,.T.);
#9862=EDGE_CURVE('',#9613,#9615,#220,.T.);
#9864=EDGE_CURVE('',#9615,#9617,#224,.T.);
#9866=EDGE_CURVE('',#9617,#9619,#228,.T.);
#9868=EDGE_CURVE('',#9619,#9608,#232,.T.);
#9878=EDGE_CURVE('',#7479,#7474,#236,.T.);
#9880=EDGE_CURVE('',#7530,#7479,#240,.T.);
#9882=EDGE_CURVE('',#7535,#7530,#244,.T.);
#9884=EDGE_CURVE('',#7535,#7474,#248,.T.);
#9888=EDGE_CURVE('',#9184,#9185,#252,.T.);
#9890=EDGE_CURVE('',#9185,#9187,#256,.T.);
#9892=EDGE_CURVE('',#9187,#9189,#260,.T.);
#9894=EDGE_CURVE('',#9189,#9191,#264,.T.);
#9896=EDGE_CURVE('',#9191,#9193,#268,.T.);
#9898=EDGE_CURVE('',#9193,#9195,#272,.T.);
#9900=EDGE_CURVE('',#9195,#9184,#276,.T.);
#9904=EDGE_CURVE('',#9198,#9199,#280,.T.);
#9906=EDGE_CURVE('',#9199,#9201,#284,.T.);
#9908=EDGE_CURVE('',#9201,#9203,#288,.T.);
#9910=EDGE_CURVE('',#9203,#9205,#292,.T.);
#9912=EDGE_CURVE('',#9205,#9207,#296,.T.);
#9914=EDGE_CURVE('',#9207,#9209,#300,.T.);
#9916=EDGE_CURVE('',#9209,#9211,#304,.T.);
#9918=EDGE_CURVE('',#9211,#9213,#308,.T.);
#9920=EDGE_CURVE('',#9213,#9215,#312,.T.);
#9922=EDGE_CURVE('',#9215,#9217,#316,.T.);
#9924=EDGE_CURVE('',#9217,#9219,#320,.T.);
#9926=EDGE_CURVE('',#9219,#9221,#324,.T.);
#9928=EDGE_CURVE('',#9221,#9223,#328,.T.);
#9930=EDGE_CURVE('',#9223,#9225,#332,.T.);
#9932=EDGE_CURVE('',#9225,#9227,#336,.T.);
#9934=EDGE_CURVE('',#9227,#9229,#340,.T.);
#9936=EDGE_CURVE('',#9229,#9231,#344,.T.);
#9938=EDGE_CURVE('',#9231,#9233,#348,.T.);
#9940=EDGE_CURVE('',#9233,#9235,#352,.T.);
#9942=EDGE_CURVE('',#9235,#9237,#356,.T.);
#9944=EDGE_CURVE('',#9237,#9239,#360,.T.);
#9946=EDGE_CURVE('',#9239,#9241,#364,.T.);
#9948=EDGE_CURVE('',#9241,#9243,#368,.T.);
#9950=EDGE_CURVE('',#9243,#9245,#372,.T.);
#9952=EDGE_CURVE('',#9245,#9247,#376,.T.);
#9954=EDGE_CURVE('',#9247,#9249,#380,.T.);
#9956=EDGE_CURVE('',#9249,#9251,#384,.T.);
#9958=EDGE_CURVE('',#9251,#9253,#388,.T.);
#9960=EDGE_CURVE('',#9253,#9255,#392,.T.);
#9962=EDGE_CURVE('',#9255,#9257,#396,.T.);
#9964=EDGE_CURVE('',#9257,#9259,#400,.T.);
#9966=EDGE_CURVE('',#9259,#9261,#404,.T.);
#9968=EDGE_CURVE('',#9261,#9263,#408,.T.);
#9970=EDGE_CURVE('',#9263,#9265,#412,.T.);
#9972=EDGE_CURVE('',#9265,#9267,#416,.T.);
#9974=EDGE_CURVE('',#9267,#9269,#420,.T.);
#9976=EDGE_CURVE('',#9269,#9271,#424,.T.);
#9978=EDGE_CURVE('',#9271,#9273,#428,.T.);
#9980=EDGE_CURVE('',#9273,#9275,#432,.T.);
#9982=EDGE_CURVE('',#9275,#9277,#436,.T.);
#9984=EDGE_CURVE('',#9277,#9279,#440,.T.);
#9986=EDGE_CURVE('',#9279,#9281,#444,.T.);
#9988=EDGE_CURVE('',#9281,#9283,#448,.T.);
#9990=EDGE_CURVE('',#9283,#9285,#452,.T.);
#9992=EDGE_CURVE('',#9285,#9287,#456,.T.);
#9994=EDGE_CURVE('',#9287,#9289,#460,.T.);
#9996=EDGE_CURVE('',#9289,#9291,#464,.T.);
#9998=EDGE_CURVE('',#9291,#9293,#468,.T.);
#10000=EDGE_CURVE('',#9293,#9295,#472,.T.);
#10002=EDGE_CURVE('',#9295,#9297,#476,.T.);
#10004=EDGE_CURVE('',#9297,#9299,#480,.T.);
#10006=EDGE_CURVE('',#9299,#9301,#484,.T.);
#10008=EDGE_CURVE('',#9301,#9303,#488,.T.);
#10010=EDGE_CURVE('',#9303,#9305,#492,.T.);
#10012=EDGE_CURVE('',#9305,#9307,#496,.T.);
#10014=EDGE_CURVE('',#9307,#9309,#500,.T.);
#10016=EDGE_CURVE('',#9309,#9198,#504,.T.);
#10020=EDGE_CURVE('',#9312,#9313,#508,.T.);
#10022=EDGE_CURVE('',#9313,#9315,#512,.T.);
#10024=EDGE_CURVE('',#9315,#9317,#516,.T.);
#10026=EDGE_CURVE('',#9317,#9319,#520,.T.);
#10028=EDGE_CURVE('',#9319,#9321,#524,.T.);
#10030=EDGE_CURVE('',#9321,#9323,#528,.T.);
#10032=EDGE_CURVE('',#9323,#9325,#532,.T.);
#10034=EDGE_CURVE('',#9325,#9327,#536,.T.);
#10036=EDGE_CURVE('',#9327,#9329,#540,.T.);
#10038=EDGE_CURVE('',#9329,#9331,#544,.T.);
#10040=EDGE_CURVE('',#9331,#9333,#548,.T.);
#10042=EDGE_CURVE('',#9333,#9335,#552,.T.);
#10044=EDGE_CURVE('',#9335,#9337,#556,.T.);
#10046=EDGE_CURVE('',#9337,#9339,#560,.T.);
#10048=EDGE_CURVE('',#9339,#9341,#564,.T.);
#10050=EDGE_CURVE('',#9341,#9343,#568,.T.);
#10052=EDGE_CURVE('',#9343,#9345,#572,.T.);
#10054=EDGE_CURVE('',#9345,#9347,#576,.T.);
#10056=EDGE_CURVE('',#9347,#9349,#580,.T.);
#10058=EDGE_CURVE('',#9349,#9351,#584,.T.);
#10060=EDGE_CURVE('',#9351,#9353,#588,.T.);
#10062=EDGE_CURVE('',#9353,#9355,#592,.T.);
#10064=EDGE_CURVE('',#9355,#9357,#596,.T.);
#10066=EDGE_CURVE('',#9357,#9359,#600,.T.);
#10068=EDGE_CURVE('',#9359,#9361,#604,.T.);
#10070=EDGE_CURVE('',#9361,#9363,#608,.T.);
#10072=EDGE_CURVE('',#9363,#9365,#612,.T.);
#10074=EDGE_CURVE('',#9365,#9367,#616,.T.);
#10076=EDGE_CURVE('',#9367,#9369,#620,.T.);
#10078=EDGE_CURVE('',#9369,#9371,#624,.T.);
#10080=EDGE_CURVE('',#9371,#9373,#628,.T.);
#10082=EDGE_CURVE('',#9373,#9375,#632,.T.);
#10084=EDGE_CURVE('',#9375,#9377,#636,.T.);
#10086=EDGE_CURVE('',#9377,#9379,#640,.T.);
#10088=EDGE_CURVE('',#9379,#9381,#644,.T.);
#10090=EDGE_CURVE('',#9381,#9383,#648,.T.);
#10092=EDGE_CURVE('',#9383,#9385,#652,.T.);
#10094=EDGE_CURVE('',#9385,#9387,#656,.T.);
#10096=EDGE_CURVE('',#9387,#9389,#660,.T.);
#10098=EDGE_CURVE('',#9389,#9391,#664,.T.);
#10100=EDGE_CURVE('',#9391,#9393,#668,.T.);
#10102=EDGE_CURVE('',#9393,#9395,#672,.T.);
#10104=EDGE_CURVE('',#9395,#9397,#676,.T.);
#10106=EDGE_CURVE('',#9397,#9399,#680,.T.);
#10108=EDGE_CURVE('',#9399,#9401,#684,.T.);
#10110=EDGE_CURVE('',#9401,#9403,#688,.T.);
#10112=EDGE_CURVE('',#9403,#9405,#692,.T.);
#10114=EDGE_CURVE('',#9405,#9407,#696,.T.);
#10116=EDGE_CURVE('',#9407,#9409,#700,.T.);
#10118=EDGE_CURVE('',#9409,#9411,#704,.T.);
#10120=EDGE_CURVE('',#9411,#9413,#708,.T.);
#10122=EDGE_CURVE('',#9413,#9415,#712,.T.);
#10124=EDGE_CURVE('',#9415,#9417,#716,.T.);
#10126=EDGE_CURVE('',#9417,#9419,#720,.T.);
#10128=EDGE_CURVE('',#9419,#9421,#724,.T.);
#10130=EDGE_CURVE('',#9421,#9423,#728,.T.);
#10132=EDGE_CURVE('',#9423,#9312,#732,.T.);
#10136=EDGE_CURVE('',#9426,#9427,#736,.T.);
#10138=EDGE_CURVE('',#9427,#9429,#740,.T.);
#10140=EDGE_CURVE('',#9429,#9431,#744,.T.);
#10142=EDGE_CURVE('',#9431,#9426,#748,.T.);
#10146=EDGE_CURVE('',#9434,#9435,#752,.T.);
#10148=EDGE_CURVE('',#9435,#9437,#756,.T.);
#10150=EDGE_CURVE('',#9437,#9439,#760,.T.);
#10152=EDGE_CURVE('',#9439,#9441,#764,.T.);
#10154=EDGE_CURVE('',#9441,#9443,#768,.T.);
#10156=EDGE_CURVE('',#9443,#9445,#772,.T.);
#10158=EDGE_CURVE('',#9445,#9447,#776,.T.);
#10160=EDGE_CURVE('',#9447,#9449,#780,.T.);
#10162=EDGE_CURVE('',#9449,#9451,#784,.T.);
#10164=EDGE_CURVE('',#9451,#9453,#788,.T.);
#10166=EDGE_CURVE('',#9453,#9455,#792,.T.);
#10168=EDGE_CURVE('',#9455,#9457,#796,.T.);
#10170=EDGE_CURVE('',#9457,#9459,#800,.T.);
#10172=EDGE_CURVE('',#9459,#9461,#804,.T.);
#10174=EDGE_CURVE('',#9461,#9463,#808,.T.);
#10176=EDGE_CURVE('',#9463,#9465,#812,.T.);
#10178=EDGE_CURVE('',#9465,#9467,#816,.T.);
#10180=EDGE_CURVE('',#9467,#9469,#820,.T.);
#10182=EDGE_CURVE('',#9469,#9471,#824,.T.);
#10184=EDGE_CURVE('',#9471,#9473,#828,.T.);
#10186=EDGE_CURVE('',#9473,#9475,#832,.T.);
#10188=EDGE_CURVE('',#9475,#9477,#836,.T.);
#10190=EDGE_CURVE('',#9477,#9479,#840,.T.);
#10192=EDGE_CURVE('',#9479,#9481,#844,.T.);
#10194=EDGE_CURVE('',#9481,#9483,#848,.T.);
#10196=EDGE_CURVE('',#9483,#9485,#852,.T.);
#10198=EDGE_CURVE('',#9485,#9487,#856,.T.);
#10200=EDGE_CURVE('',#9487,#9489,#860,.T.);
#10202=EDGE_CURVE('',#9489,#9491,#864,.T.);
#10204=EDGE_CURVE('',#9491,#9493,#868,.T.);
#10206=EDGE_CURVE('',#9493,#9495,#872,.T.);
#10208=EDGE_CURVE('',#9495,#9497,#876,.T.);
#10210=EDGE_CURVE('',#9497,#9499,#880,.T.);
#10212=EDGE_CURVE('',#9499,#9501,#884,.T.);
#10214=EDGE_CURVE('',#9501,#9503,#888,.T.);
#10216=EDGE_CURVE('',#9503,#9505,#892,.T.);
#10218=EDGE_CURVE('',#9505,#9507,#896,.T.);
#10220=EDGE_CURVE('',#9507,#9509,#900,.T.);
#10222=EDGE_CURVE('',#9509,#9511,#904,.T.);
#10224=EDGE_CURVE('',#9511,#9434,#908,.T.);
#10234=EDGE_CURVE('',#7487,#7482,#912,.T.);
#10236=EDGE_CURVE('',#7538,#7487,#916,.T.);
#10238=EDGE_CURVE('',#7543,#7538,#920,.T.);
#10240=EDGE_CURVE('',#7543,#7482,#924,.T.);
#10244=EDGE_CURVE('',#9024,#9025,#928,.T.);
#10246=EDGE_CURVE('',#9025,#9027,#932,.T.);
#10248=EDGE_CURVE('',#9027,#9029,#936,.T.);
#10250=EDGE_CURVE('',#9029,#9031,#940,.T.);
#10252=EDGE_CURVE('',#9031,#9033,#944,.T.);
#10254=EDGE_CURVE('',#9033,#9035,#948,.T.);
#10256=EDGE_CURVE('',#9035,#9024,#952,.T.);
#10260=EDGE_CURVE('',#9038,#9039,#956,.T.);
#10262=EDGE_CURVE('',#9039,#9041,#960,.T.);
#10264=EDGE_CURVE('',#9041,#9043,#964,.T.);
#10266=EDGE_CURVE('',#9043,#9045,#968,.T.);
#10268=EDGE_CURVE('',#9045,#9047,#972,.T.);
#10270=EDGE_CURVE('',#9047,#9049,#976,.T.);
#10272=EDGE_CURVE('',#9049,#9038,#980,.T.);
#10276=EDGE_CURVE('',#9052,#9053,#984,.T.);
#10278=EDGE_CURVE('',#9053,#9055,#988,.T.);
#10280=EDGE_CURVE('',#9055,#9057,#992,.T.);
#10282=EDGE_CURVE('',#9057,#9059,#996,.T.);
#10284=EDGE_CURVE('',#9059,#9061,#1000,.T.);
#10286=EDGE_CURVE('',#9061,#9063,#1004,.T.);
#10288=EDGE_CURVE('',#9063,#9065,#1008,.T.);
#10290=EDGE_CURVE('',#9065,#9067,#1012,.T.);
#10292=EDGE_CURVE('',#9067,#9069,#1016,.T.);
#10294=EDGE_CURVE('',#9069,#9071,#1020,.T.);
#10296=EDGE_CURVE('',#9071,#9073,#1024,.T.);
#10298=EDGE_CURVE('',#9073,#9075,#1028,.T.);
#10300=EDGE_CURVE('',#9075,#9077,#1032,.T.);
#10302=EDGE_CURVE('',#9077,#9079,#1036,.T.);
#10304=EDGE_CURVE('',#9079,#9081,#1040,.T.);
#10306=EDGE_CURVE('',#9081,#9083,#1044,.T.);
#10308=EDGE_CURVE('',#9083,#9085,#1048,.T.);
#10310=EDGE_CURVE('',#9085,#9087,#1052,.T.);
#10312=EDGE_CURVE('',#9087,#9089,#1056,.T.);
#10314=EDGE_CURVE('',#9089,#9091,#1060,.T.);
#10316=EDGE_CURVE('',#9091,#9093,#1064,.T.);
#10318=EDGE_CURVE('',#9093,#9095,#1068,.T.);
#10320=EDGE_CURVE('',#9095,#9097,#1072,.T.);
#10322=EDGE_CURVE('',#9097,#9099,#1076,.T.);
#10324=EDGE_CURVE('',#9099,#9101,#1080,.T.);
#10326=EDGE_CURVE('',#9101,#9103,#1084,.T.);
#10328=EDGE_CURVE('',#9103,#9105,#1088,.T.);
#10330=EDGE_CURVE('',#9105,#9107,#1092,.T.);
#10332=EDGE_CURVE('',#9107,#9109,#1096,.T.);
#10334=EDGE_CURVE('',#9109,#9111,#1100,.T.);
#10336=EDGE_CURVE('',#9111,#9113,#1104,.T.);
#10338=EDGE_CURVE('',#9113,#9115,#1108,.T.);
#10340=EDGE_CURVE('',#9115,#9117,#1112,.T.);
#10342=EDGE_CURVE('',#9117,#9052,#1116,.T.);
#10352=EDGE_CURVE('',#7495,#7490,#1120,.T.);
#10354=EDGE_CURVE('',#7546,#7495,#1124,.T.);
#10356=EDGE_CURVE('',#7551,#7546,#1128,.T.);
#10358=EDGE_CURVE('',#7551,#7490,#1132,.T.);
#10362=EDGE_CURVE('',#8842,#8843,#1136,.T.);
#10364=EDGE_CURVE('',#8843,#8845,#1140,.T.);
#10366=EDGE_CURVE('',#8845,#8847,#1144,.T.);
#10368=EDGE_CURVE('',#8847,#8849,#1148,.T.);
#10370=EDGE_CURVE('',#8849,#8851,#1152,.T.);
#10372=EDGE_CURVE('',#8851,#8853,#1156,.T.);
#10374=EDGE_CURVE('',#8853,#8842,#1160,.T.);
#10378=EDGE_CURVE('',#8856,#8857,#1164,.T.);
#10380=EDGE_CURVE('',#8857,#8859,#1168,.T.);
#10382=EDGE_CURVE('',#8859,#8861,#1172,.T.);
#10384=EDGE_CURVE('',#8861,#8863,#1176,.T.);
#10386=EDGE_CURVE('',#8863,#8865,#1180,.T.);
#10388=EDGE_CURVE('',#8865,#8867,#1184,.T.);
#10390=EDGE_CURVE('',#8867,#8869,#1188,.T.);
#10392=EDGE_CURVE('',#8869,#8871,#1192,.T.);
#10394=EDGE_CURVE('',#8871,#8873,#1196,.T.);
#10396=EDGE_CURVE('',#8873,#8875,#1200,.T.);
#10398=EDGE_CURVE('',#8875,#8877,#1204,.T.);
#10400=EDGE_CURVE('',#8877,#8879,#1208,.T.);
#10402=EDGE_CURVE('',#8879,#8881,#1212,.T.);
#10404=EDGE_CURVE('',#8881,#8883,#1216,.T.);
#10406=EDGE_CURVE('',#8883,#8885,#1220,.T.);
#10408=EDGE_CURVE('',#8885,#8887,#1224,.T.);
#10410=EDGE_CURVE('',#8887,#8889,#1228,.T.);
#10412=EDGE_CURVE('',#8889,#8891,#1232,.T.);
#10414=EDGE_CURVE('',#8891,#8893,#1236,.T.);
#10416=EDGE_CURVE('',#8893,#8895,#1240,.T.);
#10418=EDGE_CURVE('',#8895,#8897,#1244,.T.);
#10420=EDGE_CURVE('',#8897,#8899,#1248,.T.);
#10422=EDGE_CURVE('',#8899,#8901,#1252,.T.);
#10424=EDGE_CURVE('',#8901,#8903,#1256,.T.);
#10426=EDGE_CURVE('',#8903,#8905,#1260,.T.);
#10428=EDGE_CURVE('',#8905,#8856,#1264,.T.);
#10432=EDGE_CURVE('',#8944,#8945,#1268,.T.);
#10434=EDGE_CURVE('',#8945,#8947,#1272,.T.);
#10436=EDGE_CURVE('',#8947,#8949,#1276,.T.);
#10438=EDGE_CURVE('',#8949,#8951,#1280,.T.);
#10440=EDGE_CURVE('',#8951,#8953,#1284,.T.);
#10442=EDGE_CURVE('',#8953,#8955,#1288,.T.);
#10444=EDGE_CURVE('',#8955,#8957,#1292,.T.);
#10446=EDGE_CURVE('',#8957,#8959,#1296,.T.);
#10448=EDGE_CURVE('',#8959,#8961,#1300,.T.);
#10450=EDGE_CURVE('',#8961,#8963,#1304,.T.);
#10452=EDGE_CURVE('',#8963,#8965,#1308,.T.);
#10454=EDGE_CURVE('',#8965,#8967,#1312,.T.);
#10456=EDGE_CURVE('',#8967,#8969,#1316,.T.);
#10458=EDGE_CURVE('',#8969,#8971,#1320,.T.);
#10460=EDGE_CURVE('',#8971,#8973,#1324,.T.);
#10462=EDGE_CURVE('',#8973,#8975,#1328,.T.);
#10464=EDGE_CURVE('',#8975,#8977,#1332,.T.);
#10466=EDGE_CURVE('',#8977,#8979,#1336,.T.);
#10468=EDGE_CURVE('',#8979,#8981,#1340,.T.);
#10470=EDGE_CURVE('',#8981,#8983,#1344,.T.);
#10472=EDGE_CURVE('',#8983,#8985,#1348,.T.);
#10474=EDGE_CURVE('',#8985,#8987,#1352,.T.);
#10476=EDGE_CURVE('',#8987,#8989,#1356,.T.);
#10478=EDGE_CURVE('',#8989,#8991,#1360,.T.);
#10480=EDGE_CURVE('',#8991,#8993,#1364,.T.);
#10482=EDGE_CURVE('',#8993,#8995,#1368,.T.);
#10484=EDGE_CURVE('',#8995,#8997,#1372,.T.);
#10486=EDGE_CURVE('',#8997,#8999,#1376,.T.);
#10488=EDGE_CURVE('',#8999,#9001,#1380,.T.);
#10490=EDGE_CURVE('',#9001,#9003,#1384,.T.);
#10492=EDGE_CURVE('',#9003,#9005,#1388,.T.);
#10494=EDGE_CURVE('',#9005,#9007,#1392,.T.);
#10496=EDGE_CURVE('',#9007,#9009,#1396,.T.);
#10498=EDGE_CURVE('',#9009,#9011,#1400,.T.);
#10500=EDGE_CURVE('',#9011,#9013,#1404,.T.);
#10502=EDGE_CURVE('',#9013,#9015,#1408,.T.);
#10504=EDGE_CURVE('',#9015,#9017,#1412,.T.);
#10506=EDGE_CURVE('',#9017,#9019,#1416,.T.);
#10508=EDGE_CURVE('',#9019,#9021,#1420,.T.);
#10510=EDGE_CURVE('',#9021,#8944,#1424,.T.);
#10520=EDGE_CURVE('',#7503,#7498,#1428,.T.);
#10522=EDGE_CURVE('',#7505,#7503,#1433,.T.);
#10524=EDGE_CURVE('',#7509,#7505,#1437,.T.);
#10526=EDGE_CURVE('',#7513,#7509,#1442,.T.);
#10528=EDGE_CURVE('',#7519,#7513,#1446,.T.);
#10530=EDGE_CURVE('',#7519,#7498,#1450,.T.);
#10540=EDGE_CURVE('',#8688,#8689,#1454,.T.);
#10542=EDGE_CURVE('',#8689,#8691,#1458,.T.);
#10544=EDGE_CURVE('',#8691,#8693,#1462,.T.);
#10546=EDGE_CURVE('',#8693,#8695,#1466,.T.);
#10548=EDGE_CURVE('',#8695,#8697,#1470,.T.);
#10550=EDGE_CURVE('',#8697,#8699,#1474,.T.);
#10552=EDGE_CURVE('',#8699,#8701,#1478,.T.);
#10554=EDGE_CURVE('',#8701,#8703,#1482,.T.);
#10556=EDGE_CURVE('',#8703,#8705,#1486,.T.);
#10558=EDGE_CURVE('',#8705,#8707,#1490,.T.);
#10560=EDGE_CURVE('',#8707,#8709,#1494,.T.);
#10562=EDGE_CURVE('',#8709,#8711,#1498,.T.);
#10564=EDGE_CURVE('',#8711,#8713,#1502,.T.);
#10566=EDGE_CURVE('',#8713,#8715,#1506,.T.);
#10568=EDGE_CURVE('',#8715,#8717,#1510,.T.);
#10570=EDGE_CURVE('',#8717,#8719,#1514,.T.);
#10572=EDGE_CURVE('',#8719,#8721,#1518,.T.);
#10574=EDGE_CURVE('',#8721,#8723,#1522,.T.);
#10576=EDGE_CURVE('',#8723,#8725,#1526,.T.);
#10578=EDGE_CURVE('',#8725,#8688,#1530,.T.);
#10588=EDGE_CURVE('',#8908,#8909,#1534,.T.);
#10590=EDGE_CURVE('',#8909,#8911,#1538,.T.);
#10592=EDGE_CURVE('',#8911,#8913,#1542,.T.);
#10594=EDGE_CURVE('',#8913,#8915,#1546,.T.);
#10596=EDGE_CURVE('',#8915,#8917,#1550,.T.);
#10598=EDGE_CURVE('',#8917,#8919,#1554,.T.);
#10600=EDGE_CURVE('',#8919,#8921,#1558,.T.);
#10602=EDGE_CURVE('',#8921,#8923,#1562,.T.);
#10604=EDGE_CURVE('',#8923,#8925,#1566,.T.);
#10606=EDGE_CURVE('',#8925,#8927,#1570,.T.);
#10608=EDGE_CURVE('',#8927,#8929,#1574,.T.);
#10610=EDGE_CURVE('',#8929,#8931,#1578,.T.);
#10612=EDGE_CURVE('',#8931,#8933,#1582,.T.);
#10614=EDGE_CURVE('',#8933,#8935,#1586,.T.);
#10616=EDGE_CURVE('',#8935,#8937,#1590,.T.);
#10618=EDGE_CURVE('',#8937,#8939,#1594,.T.);
#10620=EDGE_CURVE('',#8939,#8941,#1598,.T.);
#10622=EDGE_CURVE('',#8941,#8908,#1602,.T.);
#10632=EDGE_CURVE('',#9120,#9121,#1606,.T.);
#10634=EDGE_CURVE('',#9121,#9123,#1610,.T.);
#10636=EDGE_CURVE('',#9123,#9125,#1614,.T.);
#10638=EDGE_CURVE('',#9125,#9127,#1618,.T.);
#10640=EDGE_CURVE('',#9127,#9129,#1622,.T.);
#10642=EDGE_CURVE('',#9129,#9131,#1626,.T.);
#10644=EDGE_CURVE('',#9131,#9133,#1630,.T.);
#10646=EDGE_CURVE('',#9133,#9135,#1634,.T.);
#10648=EDGE_CURVE('',#9135,#9137,#1638,.T.);
#10650=EDGE_CURVE('',#9137,#9139,#1642,.T.);
#10652=EDGE_CURVE('',#9139,#9141,#1646,.T.);
#10654=EDGE_CURVE('',#9141,#9143,#1650,.T.);
#10656=EDGE_CURVE('',#9143,#9145,#1654,.T.);
#10658=EDGE_CURVE('',#9145,#9147,#1658,.T.);
#10660=EDGE_CURVE('',#9147,#9149,#1662,.T.);
#10662=EDGE_CURVE('',#9149,#9120,#1666,.T.);
#10672=EDGE_CURVE('',#9152,#9153,#1670,.T.);
#10674=EDGE_CURVE('',#9153,#9155,#1674,.T.);
#10676=EDGE_CURVE('',#9155,#9157,#1678,.T.);
#10678=EDGE_CURVE('',#9157,#9159,#1682,.T.);
#10680=EDGE_CURVE('',#9159,#9161,#1686,.T.);
#10682=EDGE_CURVE('',#9161,#9163,#1690,.T.);
#10684=EDGE_CURVE('',#9163,#9165,#1694,.T.);
#10686=EDGE_CURVE('',#9165,#9167,#1698,.T.);
#10688=EDGE_CURVE('',#9167,#9169,#1702,.T.);
#10690=EDGE_CURVE('',#9169,#9171,#1706,.T.);
#10692=EDGE_CURVE('',#9171,#9173,#1710,.T.);
#10694=EDGE_CURVE('',#9173,#9175,#1714,.T.);
#10696=EDGE_CURVE('',#9175,#9177,#1718,.T.);
#10698=EDGE_CURVE('',#9177,#9179,#1722,.T.);
#10700=EDGE_CURVE('',#9179,#9181,#1726,.T.);
#10702=EDGE_CURVE('',#9181,#9152,#1730,.T.);
#10712=EDGE_CURVE('',#9707,#9706,#2876,.T.);
#10714=EDGE_CURVE('',#7561,#9707,#2148,.T.);
#10716=EDGE_CURVE('',#7560,#7561,#2153,.T.);
#10718=EDGE_CURVE('',#9672,#7560,#2944,.T.);
#10720=EDGE_CURVE('',#9673,#9672,#2168,.T.);
#10722=EDGE_CURVE('',#9675,#9673,#2176,.T.);
#10724=EDGE_CURVE('',#9678,#9675,#2181,.T.);
#10726=EDGE_CURVE('',#9681,#9678,#2198,.T.);
#10728=EDGE_CURVE('',#7571,#9681,#2202,.T.);
#10730=EDGE_CURVE('',#7554,#7571,#2206,.T.);
#10732=EDGE_CURVE('',#9706,#7554,#2210,.T.);
#10736=EDGE_CURVE('',#7590,#7591,#1734,.T.);
#10738=EDGE_CURVE('',#7578,#7591,#3195,.T.);
#10740=EDGE_CURVE('',#7578,#7579,#1738,.T.);
#10742=EDGE_CURVE('',#7582,#7579,#3163,.T.);
#10744=EDGE_CURVE('',#7582,#7583,#1742,.T.);
#10746=EDGE_CURVE('',#7586,#7583,#3185,.T.);
#10748=EDGE_CURVE('',#7586,#7587,#1746,.T.);
#10750=EDGE_CURVE('',#7590,#7587,#3241,.T.);
#10754=EDGE_CURVE('',#8608,#8609,#1750,.T.);
#10756=EDGE_CURVE('',#8609,#8611,#1754,.T.);
#10758=EDGE_CURVE('',#8611,#8613,#1758,.T.);
#10760=EDGE_CURVE('',#8613,#8615,#1762,.T.);
#10762=EDGE_CURVE('',#8615,#8617,#1766,.T.);
#10764=EDGE_CURVE('',#8617,#8619,#1770,.T.);
#10766=EDGE_CURVE('',#8619,#8621,#1774,.T.);
#10768=EDGE_CURVE('',#8621,#8623,#1778,.T.);
#10770=EDGE_CURVE('',#8623,#8625,#1782,.T.);
#10772=EDGE_CURVE('',#8625,#8627,#1786,.T.);
#10774=EDGE_CURVE('',#8627,#8629,#1790,.T.);
#10776=EDGE_CURVE('',#8629,#8631,#1794,.T.);
#10778=EDGE_CURVE('',#8631,#8633,#1798,.T.);
#10780=EDGE_CURVE('',#8633,#8635,#1802,.T.);
#10782=EDGE_CURVE('',#8635,#8637,#1806,.T.);
#10784=EDGE_CURVE('',#8637,#8639,#1810,.T.);
#10786=EDGE_CURVE('',#8639,#8641,#1814,.T.);
#10788=EDGE_CURVE('',#8641,#8643,#1818,.T.);
#10790=EDGE_CURVE('',#8643,#8645,#1822,.T.);
#10792=EDGE_CURVE('',#8645,#8647,#1826,.T.);
#10794=EDGE_CURVE('',#8647,#8649,#1830,.T.);
#10796=EDGE_CURVE('',#8649,#8651,#1834,.T.);
#10798=EDGE_CURVE('',#8651,#8653,#1838,.T.);
#10800=EDGE_CURVE('',#8653,#8655,#1842,.T.);
#10802=EDGE_CURVE('',#8655,#8657,#1846,.T.);
#10804=EDGE_CURVE('',#8657,#8659,#1850,.T.);
#10806=EDGE_CURVE('',#8659,#8661,#1854,.T.);
#10808=EDGE_CURVE('',#8661,#8663,#1858,.T.);
#10810=EDGE_CURVE('',#8663,#8665,#1862,.T.);
#10812=EDGE_CURVE('',#8665,#8667,#1866,.T.);
#10814=EDGE_CURVE('',#8667,#8669,#1870,.T.);
#10816=EDGE_CURVE('',#8669,#8671,#1874,.T.);
#10818=EDGE_CURVE('',#8671,#8673,#1878,.T.);
#10820=EDGE_CURVE('',#8673,#8675,#1882,.T.);
#10822=EDGE_CURVE('',#8675,#8677,#1886,.T.);
#10824=EDGE_CURVE('',#8677,#8679,#1890,.T.);
#10826=EDGE_CURVE('',#8679,#8681,#1894,.T.);
#10828=EDGE_CURVE('',#8681,#8683,#1898,.T.);
#10830=EDGE_CURVE('',#8683,#8685,#1902,.T.);
#10832=EDGE_CURVE('',#8685,#8608,#1906,.T.);
#10836=EDGE_CURVE('',#8728,#8729,#1910,.T.);
#10838=EDGE_CURVE('',#8729,#8731,#1914,.T.);
#10840=EDGE_CURVE('',#8731,#8733,#1918,.T.);
#10842=EDGE_CURVE('',#8733,#8735,#1922,.T.);
#10844=EDGE_CURVE('',#8735,#8737,#1926,.T.);
#10846=EDGE_CURVE('',#8737,#8739,#1930,.T.);
#10848=EDGE_CURVE('',#8739,#8741,#1934,.T.);
#10850=EDGE_CURVE('',#8741,#8743,#1938,.T.);
#10852=EDGE_CURVE('',#8743,#8745,#1942,.T.);
#10854=EDGE_CURVE('',#8745,#8747,#1946,.T.);
#10856=EDGE_CURVE('',#8747,#8749,#1950,.T.);
#10858=EDGE_CURVE('',#8749,#8751,#1954,.T.);
#10860=EDGE_CURVE('',#8751,#8753,#1958,.T.);
#10862=EDGE_CURVE('',#8753,#8755,#1962,.T.);
#10864=EDGE_CURVE('',#8755,#8757,#1966,.T.);
#10866=EDGE_CURVE('',#8757,#8759,#1970,.T.);
#10868=EDGE_CURVE('',#8759,#8761,#1974,.T.);
#10870=EDGE_CURVE('',#8761,#8763,#1978,.T.);
#10872=EDGE_CURVE('',#8763,#8765,#1982,.T.);
#10874=EDGE_CURVE('',#8765,#8767,#1986,.T.);
#10876=EDGE_CURVE('',#8767,#8769,#1990,.T.);
#10878=EDGE_CURVE('',#8769,#8771,#1994,.T.);
#10880=EDGE_CURVE('',#8771,#8773,#1998,.T.);
#10882=EDGE_CURVE('',#8773,#8775,#2002,.T.);
#10884=EDGE_CURVE('',#8775,#8777,#2006,.T.);
#10886=EDGE_CURVE('',#8777,#8779,#2010,.T.);
#10888=EDGE_CURVE('',#8779,#8781,#2014,.T.);
#10890=EDGE_CURVE('',#8781,#8783,#2018,.T.);
#10892=EDGE_CURVE('',#8783,#8785,#2022,.T.);
#10894=EDGE_CURVE('',#8785,#8787,#2026,.T.);
#10896=EDGE_CURVE('',#8787,#8789,#2030,.T.);
#10898=EDGE_CURVE('',#8789,#8791,#2034,.T.);
#10900=EDGE_CURVE('',#8791,#8793,#2038,.T.);
#10902=EDGE_CURVE('',#8793,#8795,#2042,.T.);
#10904=EDGE_CURVE('',#8795,#8797,#2046,.T.);
#10906=EDGE_CURVE('',#8797,#8799,#2050,.T.);
#10908=EDGE_CURVE('',#8799,#8801,#2054,.T.);
#10910=EDGE_CURVE('',#8801,#8803,#2058,.T.);
#10912=EDGE_CURVE('',#8803,#8805,#2062,.T.);
#10914=EDGE_CURVE('',#8805,#8807,#2066,.T.);
#10916=EDGE_CURVE('',#8807,#8809,#2070,.T.);
#10918=EDGE_CURVE('',#8809,#8811,#2074,.T.);
#10920=EDGE_CURVE('',#8811,#8813,#2078,.T.);
#10922=EDGE_CURVE('',#8813,#8815,#2082,.T.);
#10924=EDGE_CURVE('',#8815,#8817,#2086,.T.);
#10926=EDGE_CURVE('',#8817,#8819,#2090,.T.);
#10928=EDGE_CURVE('',#8819,#8821,#2094,.T.);
#10930=EDGE_CURVE('',#8821,#8823,#2098,.T.);
#10932=EDGE_CURVE('',#8823,#8825,#2102,.T.);
#10934=EDGE_CURVE('',#8825,#8827,#2106,.T.);
#10936=EDGE_CURVE('',#8827,#8829,#2110,.T.);
#10938=EDGE_CURVE('',#8829,#8831,#2114,.T.);
#10940=EDGE_CURVE('',#8831,#8833,#2118,.T.);
#10942=EDGE_CURVE('',#8833,#8835,#2122,.T.);
#10944=EDGE_CURVE('',#8835,#8837,#2126,.T.);
#10946=EDGE_CURVE('',#8837,#8839,#2130,.T.);
#10948=EDGE_CURVE('',#8839,#8728,#2134,.T.);
#10952=EDGE_CURVE('',#9684,#9685,#2139,.T.);
#10954=EDGE_CURVE('',#9685,#9684,#2144,.T.);
#10964=EDGE_CURVE('',#7466,#7467,#2215,.T.);
#10966=EDGE_CURVE('',#7469,#7467,#2605,.T.);
#10968=EDGE_CURVE('',#7469,#7471,#3054,.T.);
#10981=EDGE_CURVE('',#7525,#7527,#2220,.T.);
#10983=EDGE_CURVE('',#7525,#7399,#2525,.T.);
#10985=EDGE_CURVE('',#7399,#7419,#2981,.T.);
#10987=EDGE_CURVE('',#7467,#7419,#2609,.T.);
#10991=EDGE_CURVE('',#7434,#7435,#2243,.T.);
#10993=EDGE_CURVE('',#7435,#7434,#2358,.T.);
#11003=EDGE_CURVE('',#7426,#7427,#2225,.T.);
#11005=EDGE_CURVE('',#7383,#7427,#2344,.T.);
#11007=EDGE_CURVE('',#7382,#7383,#2559,.T.);
#11009=EDGE_CURVE('',#7382,#7426,#2229,.T.);
#11019=EDGE_CURVE('',#7430,#7431,#2234,.T.);
#11021=EDGE_CURVE('',#7430,#7434,#2238,.T.);
#11024=EDGE_CURVE('',#7431,#7435,#2353,.T.);
#11034=EDGE_CURVE('',#7438,#7439,#2248,.T.);
#11036=EDGE_CURVE('',#7438,#7442,#2252,.T.);
#11038=EDGE_CURVE('',#7442,#7443,#2257,.T.);
#11040=EDGE_CURVE('',#7439,#7443,#2367,.T.);
#11050=EDGE_CURVE('',#7446,#7447,#2262,.T.);
#11052=EDGE_CURVE('',#7446,#7450,#2266,.T.);
#11054=EDGE_CURVE('',#7450,#7451,#2271,.T.);
#11056=EDGE_CURVE('',#7447,#7451,#2381,.T.);
#11066=EDGE_CURVE('',#7454,#7455,#2276,.T.);
#11068=EDGE_CURVE('',#7454,#7458,#2280,.T.);
#11070=EDGE_CURVE('',#7458,#7459,#2285,.T.);
#11072=EDGE_CURVE('',#7455,#7459,#2395,.T.);
#11082=EDGE_CURVE('',#7574,#7575,#2290,.T.);
#11084=EDGE_CURVE('',#7463,#7575,#2414,.T.);
#11086=EDGE_CURVE('',#7462,#7463,#2295,.T.);
#11088=EDGE_CURVE('',#7462,#7574,#2299,.T.);
#11098=EDGE_CURVE('',#7498,#7499,#2304,.T.);
#11101=EDGE_CURVE('',#7518,#7519,#2309,.T.);
#11103=EDGE_CURVE('',#7518,#7403,#2541,.T.);
#11105=EDGE_CURVE('',#7403,#7423,#2989,.T.);
#11107=EDGE_CURVE('',#7499,#7423,#2593,.T.);
#11112=EDGE_CURVE('',#7427,#7426,#2340,.T.);
#11122=EDGE_CURVE('',#9643,#9645,#2313,.T.);
#11124=EDGE_CURVE('',#9643,#9642,#3277,.T.);
#11126=EDGE_CURVE('',#9642,#9647,#2317,.T.);
#11128=EDGE_CURVE('',#9645,#9647,#2322,.T.);
#11138=EDGE_CURVE('',#9638,#9649,#2326,.T.);
#11140=EDGE_CURVE('',#9638,#9639,#3268,.T.);
#11142=EDGE_CURVE('',#9639,#9651,#2330,.T.);
#11144=EDGE_CURVE('',#9649,#9651,#2335,.T.);
#11156=EDGE_CURVE('',#7383,#7382,#2564,.T.);
#11167=EDGE_CURVE('',#7431,#7430,#2349,.T.);
#11180=EDGE_CURVE('',#7439,#7438,#2363,.T.);
#11183=EDGE_CURVE('',#7443,#7442,#2372,.T.);
#11194=EDGE_CURVE('',#7447,#7446,#2377,.T.);
#11197=EDGE_CURVE('',#7451,#7450,#2386,.T.);
#11208=EDGE_CURVE('',#7455,#7454,#2391,.T.);
#11211=EDGE_CURVE('',#7459,#7458,#2400,.T.);
#11222=EDGE_CURVE('',#7575,#7574,#2405,.T.);
#11225=EDGE_CURVE('',#7463,#7462,#2410,.T.);
#11236=EDGE_CURVE('',#9627,#9623,#2440,.T.);
#11238=EDGE_CURVE('',#9623,#9663,#3259,.T.);
#11240=EDGE_CURVE('',#9647,#9663,#3215,.T.);
#11243=EDGE_CURVE('',#9642,#9643,#3272,.T.);
#11246=EDGE_CURVE('',#9667,#9645,#3211,.T.);
#11248=EDGE_CURVE('',#9667,#9658,#3236,.T.);
#11250=EDGE_CURVE('',#9658,#9659,#3133,.T.);
#11252=EDGE_CURVE('',#9635,#9659,#3113,.T.);
#11254=EDGE_CURVE('',#9634,#9635,#2681,.T.);
#11256=EDGE_CURVE('',#9634,#9627,#2694,.T.);
#11260=EDGE_CURVE('',#9688,#9689,#2419,.T.);
#11262=EDGE_CURVE('',#9689,#9688,#2424,.T.);
#11272=EDGE_CURVE('',#7563,#9720,#2428,.T.);
#11274=EDGE_CURVE('',#9720,#9722,#3081,.T.);
#11276=EDGE_CURVE('',#9625,#9722,#2703,.T.);
#11278=EDGE_CURVE('',#9625,#9622,#2432,.T.);
#11280=EDGE_CURVE('',#9622,#9623,#2436,.T.);
#11283=EDGE_CURVE('',#9627,#7565,#2444,.T.);
#11285=EDGE_CURVE('',#7565,#7563,#2448,.T.);
#11295=EDGE_CURVE('',#7557,#9718,#2452,.T.);
#11297=EDGE_CURVE('',#9718,#9720,#3086,.T.);
#11300=EDGE_CURVE('',#7563,#7557,#2457,.T.);
#11310=EDGE_CURVE('',#7515,#9716,#2461,.T.);
#11312=EDGE_CURVE('',#9716,#9718,#3090,.T.);
#11315=EDGE_CURVE('',#7557,#7555,#2465,.T.);
#11317=EDGE_CURVE('',#7555,#7386,#2469,.T.);
#11319=EDGE_CURVE('',#7386,#7387,#2473,.T.);
#11321=EDGE_CURVE('',#7549,#7387,#2477,.T.);
#11323=EDGE_CURVE('',#7549,#7547,#2481,.T.);
#11325=EDGE_CURVE('',#7547,#7390,#2485,.T.);
#11327=EDGE_CURVE('',#7390,#7391,#2489,.T.);
#11329=EDGE_CURVE('',#7541,#7391,#2493,.T.);
#11331=EDGE_CURVE('',#7541,#7539,#2497,.T.);
#11333=EDGE_CURVE('',#7539,#7394,#2501,.T.);
#11335=EDGE_CURVE('',#7394,#7395,#2505,.T.);
#11337=EDGE_CURVE('',#7533,#7395,#2509,.T.);
#11339=EDGE_CURVE('',#7533,#7531,#2513,.T.);
#11341=EDGE_CURVE('',#7531,#7398,#2517,.T.);
#11343=EDGE_CURVE('',#7398,#7399,#2521,.T.);
#11346=EDGE_CURVE('',#7525,#7523,#2529,.T.);
#11348=EDGE_CURVE('',#7523,#7402,#2533,.T.);
#11350=EDGE_CURVE('',#7402,#7403,#2537,.T.);
#11353=EDGE_CURVE('',#7518,#7515,#2545,.T.);
#11363=EDGE_CURVE('',#7511,#9714,#2549,.T.);
#11365=EDGE_CURVE('',#9714,#9716,#3095,.T.);
#11368=EDGE_CURVE('',#7515,#7511,#2554,.T.);
#11378=EDGE_CURVE('',#9713,#7507,#2576,.T.);
#11380=EDGE_CURVE('',#9713,#9714,#3063,.T.);
#11383=EDGE_CURVE('',#7511,#7507,#2568,.T.);
#11397=EDGE_CURVE('',#7501,#9726,#2572,.T.);
#11399=EDGE_CURVE('',#9726,#9713,#3068,.T.);
#11402=EDGE_CURVE('',#7507,#7501,#2581,.T.);
#11412=EDGE_CURVE('',#9630,#9724,#2585,.T.);
#11414=EDGE_CURVE('',#9724,#9726,#3072,.T.);
#11417=EDGE_CURVE('',#7501,#7499,#2589,.T.);
#11420=EDGE_CURVE('',#7422,#7423,#2597,.T.);
#11422=EDGE_CURVE('',#7469,#7422,#2601,.T.);
#11426=EDGE_CURVE('',#7418,#7419,#2613,.T.);
#11428=EDGE_CURVE('',#7477,#7418,#2617,.T.);
#11430=EDGE_CURVE('',#7477,#7475,#2621,.T.);
#11432=EDGE_CURVE('',#7475,#7415,#2625,.T.);
#11434=EDGE_CURVE('',#7414,#7415,#2629,.T.);
#11436=EDGE_CURVE('',#7485,#7414,#2633,.T.);
#11438=EDGE_CURVE('',#7485,#7483,#2637,.T.);
#11440=EDGE_CURVE('',#7483,#7411,#2641,.T.);
#11442=EDGE_CURVE('',#7410,#7411,#2645,.T.);
#11444=EDGE_CURVE('',#7493,#7410,#2649,.T.);
#11446=EDGE_CURVE('',#7493,#7491,#2653,.T.);
#11448=EDGE_CURVE('',#7491,#7407,#2657,.T.);
#11450=EDGE_CURVE('',#7406,#7407,#2661,.T.);
#11452=EDGE_CURVE('',#7570,#7406,#2665,.T.);
#11454=EDGE_CURVE('',#7570,#9668,#2669,.T.);
#11456=EDGE_CURVE('',#9668,#7567,#2673,.T.);
#11458=EDGE_CURVE('',#9634,#7567,#2677,.T.);
#11461=EDGE_CURVE('',#9635,#9631,#2685,.T.);
#11463=EDGE_CURVE('',#9630,#9631,#2689,.T.);
#11475=EDGE_CURVE('',#7567,#7565,#2699,.T.);
#11487=EDGE_CURVE('',#9722,#9724,#3077,.T.);
#11490=EDGE_CURVE('',#9630,#9625,#2708,.T.);
#11512=EDGE_CURVE('',#9669,#9671,#2720,.T.);
#11514=EDGE_CURVE('',#9671,#7565,#2949,.T.);
#11517=EDGE_CURVE('',#9669,#7567,#2725,.T.);
#11567=EDGE_CURVE('',#9670,#9671,#2732,.T.);
#11570=EDGE_CURVE('',#9674,#9669,#2775,.T.);
#11572=EDGE_CURVE('',#9674,#9670,#2747,.T.);
#11611=EDGE_CURVE('',#9672,#9670,#2752,.T.);
#11613=EDGE_CURVE('',#9672,#9671,#2940,.T.);
#11686=EDGE_CURVE('',#9673,#9674,#2757,.T.);
#11730=EDGE_CURVE('',#9676,#9674,#2770,.T.);
#11732=EDGE_CURVE('',#9675,#9676,#2762,.T.);
#11772=EDGE_CURVE('',#9668,#9669,#2783,.T.);
#11774=EDGE_CURVE('',#9668,#9676,#2830,.T.);
#11795=EDGE_CURVE('',#9681,#9668,#2796,.T.);
#11798=EDGE_CURVE('',#7570,#7571,#2847,.T.);
#11857=EDGE_CURVE('',#9681,#9680,#2813,.T.);
#11859=EDGE_CURVE('',#9680,#9668,#2837,.T.);
#11939=EDGE_CURVE('',#9678,#9680,#2818,.T.);
#11952=EDGE_CURVE('',#9680,#9676,#2823,.T.);
#11974=EDGE_CURVE('',#7554,#7555,#2842,.T.);
#11979=EDGE_CURVE('',#7406,#7386,#2953,.T.);
#11994=EDGE_CURVE('',#9706,#9707,#2862,.T.);
#11999=EDGE_CURVE('',#7561,#7557,#2867,.T.);
#12071=EDGE_CURVE('',#9707,#9708,#2880,.T.);
#12073=EDGE_CURVE('',#9705,#9708,#2900,.T.);
#12075=EDGE_CURVE('',#9706,#9705,#2871,.T.);
#12087=EDGE_CURVE('',#9704,#9705,#2885,.T.);
#12089=EDGE_CURVE('',#9710,#9704,#2914,.T.);
#12091=EDGE_CURVE('',#9708,#9710,#2905,.T.);
#12105=EDGE_CURVE('',#9710,#9701,#2909,.T.);
#12107=EDGE_CURVE('',#9701,#9700,#2928,.T.);
#12109=EDGE_CURVE('',#9704,#9700,#2918,.T.);
#12121=EDGE_CURVE('',#9700,#9701,#2923,.T.);
#12157=EDGE_CURVE('',#7560,#7563,#2933,.T.);
#12183=EDGE_CURVE('',#7387,#7407,#2957,.T.);
#12194=EDGE_CURVE('',#7410,#7390,#2961,.T.);
#12197=EDGE_CURVE('',#7391,#7411,#2965,.T.);
#12208=EDGE_CURVE('',#7414,#7394,#2969,.T.);
#12211=EDGE_CURVE('',#7395,#7415,#2973,.T.);
#12222=EDGE_CURVE('',#7418,#7398,#2977,.T.);
#12235=EDGE_CURVE('',#7422,#7402,#2985,.T.);
#12247=EDGE_CURVE('',#7490,#7491,#2994,.T.);
#12250=EDGE_CURVE('',#7549,#7551,#2999,.T.);
#12269=EDGE_CURVE('',#7493,#7495,#3004,.T.);
#12284=EDGE_CURVE('',#7546,#7547,#3009,.T.);
#12311=EDGE_CURVE('',#7482,#7483,#3014,.T.);
#12314=EDGE_CURVE('',#7541,#7543,#3019,.T.);
#12333=EDGE_CURVE('',#7485,#7487,#3024,.T.);
#12348=EDGE_CURVE('',#7538,#7539,#3029,.T.);
#12375=EDGE_CURVE('',#7474,#7475,#3034,.T.);
#12378=EDGE_CURVE('',#7533,#7535,#3039,.T.);
#12397=EDGE_CURVE('',#7477,#7479,#3044,.T.);
#12412=EDGE_CURVE('',#7530,#7531,#3049,.T.);
#12443=EDGE_CURVE('',#7522,#7523,#3059,.T.);
#12489=EDGE_CURVE('',#9631,#9655,#3099,.T.);
#12491=EDGE_CURVE('',#9654,#9655,#3125,.T.);
#12493=EDGE_CURVE('',#9665,#9654,#3246,.T.);
#12495=EDGE_CURVE('',#9665,#9651,#3227,.T.);
#12498=EDGE_CURVE('',#9638,#9639,#3263,.T.);
#12501=EDGE_CURVE('',#9649,#9662,#3223,.T.);
#12503=EDGE_CURVE('',#9662,#9622,#3255,.T.);
#12507=EDGE_CURVE('',#9696,#9697,#3104,.T.);
#12509=EDGE_CURVE('',#9697,#9696,#3109,.T.);
#12521=EDGE_CURVE('',#9659,#9655,#3129,.T.);
#12532=EDGE_CURVE('',#9737,#9738,#3117,.T.);
#12534=EDGE_CURVE('',#9654,#9738,#3121,.T.);
#12539=EDGE_CURVE('',#7587,#9658,#3137,.T.);
#12542=EDGE_CURVE('',#7586,#9737,#3141,.T.);
#12552=EDGE_CURVE('',#9729,#9730,#3145,.T.);
#12554=EDGE_CURVE('',#9729,#9742,#3190,.T.);
#12556=EDGE_CURVE('',#9741,#9742,#3199,.T.);
#12558=EDGE_CURVE('',#9741,#9738,#3251,.T.);
#12561=EDGE_CURVE('',#9737,#9734,#3180,.T.);
#12563=EDGE_CURVE('',#9733,#9734,#3175,.T.);
#12565=EDGE_CURVE('',#9733,#9730,#3158,.T.);
#12576=EDGE_CURVE('',#7579,#9730,#3149,.T.);
#12579=EDGE_CURVE('',#7578,#9729,#3153,.T.);
#12590=EDGE_CURVE('',#7582,#9733,#3171,.T.);
#12602=EDGE_CURVE('',#7583,#9734,#3167,.T.);
#12634=EDGE_CURVE('',#7591,#9742,#3203,.T.);
#12647=EDGE_CURVE('',#7590,#9667,#3207,.T.);
#12652=EDGE_CURVE('',#9662,#9663,#3219,.T.);
#12657=EDGE_CURVE('',#9665,#9741,#3231,.T.);
#12724=EDGE_CURVE('',#9696,#9692,#3281,.T.);
#12726=EDGE_CURVE('',#9692,#9693,#3290,.T.);
#12728=EDGE_CURVE('',#9697,#9693,#3285,.T.);
#12740=EDGE_CURVE('',#9693,#9692,#3295,.T.);
#12763=EDGE_CURVE('',#7503,#7501,#3300,.T.);
#12789=EDGE_CURVE('',#7505,#7507,#3305,.T.);
#12802=EDGE_CURVE('',#7509,#7511,#3310,.T.);
#12827=EDGE_CURVE('',#7513,#7515,#3315,.T.);
#12850=EDGE_CURVE('',#9684,#9688,#3319,.T.);
#12853=EDGE_CURVE('',#9685,#9689,#3323,.T.);
#12876=EDGE_CURVE('',#9514,#8500,#3327,.T.);
#12878=EDGE_CURVE('',#8500,#8501,#5167,.T.);
#12880=EDGE_CURVE('',#9515,#8501,#3351,.T.);
#12891=EDGE_CURVE('',#9525,#8511,#3331,.T.);
#12893=EDGE_CURVE('',#8511,#8500,#5171,.T.);
#12905=EDGE_CURVE('',#9523,#8509,#3335,.T.);
#12907=EDGE_CURVE('',#8509,#8511,#5175,.T.);
#12919=EDGE_CURVE('',#9521,#8507,#3339,.T.);
#12921=EDGE_CURVE('',#8507,#8509,#5179,.T.);
#12933=EDGE_CURVE('',#9519,#8505,#3343,.T.);
#12935=EDGE_CURVE('',#8505,#8507,#5183,.T.);
#12947=EDGE_CURVE('',#9517,#8503,#3347,.T.);
#12949=EDGE_CURVE('',#8503,#8505,#5187,.T.);
#12962=EDGE_CURVE('',#8501,#8503,#5191,.T.);
#12973=EDGE_CURVE('',#7594,#7595,#3355,.T.);
#12975=EDGE_CURVE('',#7671,#7594,#3359,.T.);
#12977=EDGE_CURVE('',#7669,#7671,#3363,.T.);
#12979=EDGE_CURVE('',#7667,#7669,#3367,.T.);
#12981=EDGE_CURVE('',#7665,#7667,#3371,.T.);
#12983=EDGE_CURVE('',#7663,#7665,#3375,.T.);
#12985=EDGE_CURVE('',#7661,#7663,#3379,.T.);
#12987=EDGE_CURVE('',#7659,#7661,#3383,.T.);
#12989=EDGE_CURVE('',#7657,#7659,#3387,.T.);
#12991=EDGE_CURVE('',#7655,#7657,#3391,.T.);
#12993=EDGE_CURVE('',#7653,#7655,#3395,.T.);
#12995=EDGE_CURVE('',#7651,#7653,#3399,.T.);
#12997=EDGE_CURVE('',#7649,#7651,#3403,.T.);
#12999=EDGE_CURVE('',#7647,#7649,#3407,.T.);
#13001=EDGE_CURVE('',#7645,#7647,#3411,.T.);
#13003=EDGE_CURVE('',#7643,#7645,#3415,.T.);
#13005=EDGE_CURVE('',#7641,#7643,#3419,.T.);
#13007=EDGE_CURVE('',#7639,#7641,#3423,.T.);
#13009=EDGE_CURVE('',#7637,#7639,#3427,.T.);
#13011=EDGE_CURVE('',#7635,#7637,#3431,.T.);
#13013=EDGE_CURVE('',#7633,#7635,#3435,.T.);
#13015=EDGE_CURVE('',#7631,#7633,#3439,.T.);
#13017=EDGE_CURVE('',#7629,#7631,#3443,.T.);
#13019=EDGE_CURVE('',#7627,#7629,#3447,.T.);
#13021=EDGE_CURVE('',#7625,#7627,#3451,.T.);
#13023=EDGE_CURVE('',#7623,#7625,#3455,.T.);
#13025=EDGE_CURVE('',#7621,#7623,#3459,.T.);
#13027=EDGE_CURVE('',#7619,#7621,#3463,.T.);
#13029=EDGE_CURVE('',#7617,#7619,#3467,.T.);
#13031=EDGE_CURVE('',#7615,#7617,#3471,.T.);
#13033=EDGE_CURVE('',#7613,#7615,#3475,.T.);
#13035=EDGE_CURVE('',#7611,#7613,#3479,.T.);
#13037=EDGE_CURVE('',#7609,#7611,#3483,.T.);
#13039=EDGE_CURVE('',#7607,#7609,#3487,.T.);
#13041=EDGE_CURVE('',#7605,#7607,#3491,.T.);
#13043=EDGE_CURVE('',#7603,#7605,#3495,.T.);
#13045=EDGE_CURVE('',#7601,#7603,#3499,.T.);
#13047=EDGE_CURVE('',#7599,#7601,#3503,.T.);
#13049=EDGE_CURVE('',#7597,#7599,#3507,.T.);
#13051=EDGE_CURVE('',#7595,#7597,#3511,.T.);
#13055=EDGE_CURVE('',#7674,#7675,#3515,.T.);
#13057=EDGE_CURVE('',#7711,#7674,#3519,.T.);
#13059=EDGE_CURVE('',#7709,#7711,#3523,.T.);
#13061=EDGE_CURVE('',#7707,#7709,#3527,.T.);
#13063=EDGE_CURVE('',#7705,#7707,#3531,.T.);
#13065=EDGE_CURVE('',#7703,#7705,#3535,.T.);
#13067=EDGE_CURVE('',#7701,#7703,#3539,.T.);
#13069=EDGE_CURVE('',#7699,#7701,#3543,.T.);
#13071=EDGE_CURVE('',#7697,#7699,#3547,.T.);
#13073=EDGE_CURVE('',#7695,#7697,#3551,.T.);
#13075=EDGE_CURVE('',#7693,#7695,#3555,.T.);
#13077=EDGE_CURVE('',#7691,#7693,#3559,.T.);
#13079=EDGE_CURVE('',#7689,#7691,#3563,.T.);
#13081=EDGE_CURVE('',#7687,#7689,#3567,.T.);
#13083=EDGE_CURVE('',#7685,#7687,#3571,.T.);
#13085=EDGE_CURVE('',#7683,#7685,#3575,.T.);
#13087=EDGE_CURVE('',#7681,#7683,#3579,.T.);
#13089=EDGE_CURVE('',#7679,#7681,#3583,.T.);
#13091=EDGE_CURVE('',#7677,#7679,#3587,.T.);
#13093=EDGE_CURVE('',#7675,#7677,#3591,.T.);
#13103=EDGE_CURVE('',#7714,#7715,#3595,.T.);
#13105=EDGE_CURVE('',#7825,#7714,#3599,.T.);
#13107=EDGE_CURVE('',#7823,#7825,#3603,.T.);
#13109=EDGE_CURVE('',#7821,#7823,#3607,.T.);
#13111=EDGE_CURVE('',#7819,#7821,#3611,.T.);
#13113=EDGE_CURVE('',#7817,#7819,#3615,.T.);
#13115=EDGE_CURVE('',#7815,#7817,#3619,.T.);
#13117=EDGE_CURVE('',#7813,#7815,#3623,.T.);
#13119=EDGE_CURVE('',#7811,#7813,#3627,.T.);
#13121=EDGE_CURVE('',#7809,#7811,#3631,.T.);
#13123=EDGE_CURVE('',#7807,#7809,#3635,.T.);
#13125=EDGE_CURVE('',#7805,#7807,#3639,.T.);
#13127=EDGE_CURVE('',#7803,#7805,#3643,.T.);
#13129=EDGE_CURVE('',#7801,#7803,#3647,.T.);
#13131=EDGE_CURVE('',#7799,#7801,#3651,.T.);
#13133=EDGE_CURVE('',#7797,#7799,#3655,.T.);
#13135=EDGE_CURVE('',#7795,#7797,#3659,.T.);
#13137=EDGE_CURVE('',#7793,#7795,#3663,.T.);
#13139=EDGE_CURVE('',#7791,#7793,#3667,.T.);
#13141=EDGE_CURVE('',#7789,#7791,#3671,.T.);
#13143=EDGE_CURVE('',#7787,#7789,#3675,.T.);
#13145=EDGE_CURVE('',#7785,#7787,#3679,.T.);
#13147=EDGE_CURVE('',#7783,#7785,#3683,.T.);
#13149=EDGE_CURVE('',#7781,#7783,#3687,.T.);
#13151=EDGE_CURVE('',#7779,#7781,#3691,.T.);
#13153=EDGE_CURVE('',#7777,#7779,#3695,.T.);
#13155=EDGE_CURVE('',#7775,#7777,#3699,.T.);
#13157=EDGE_CURVE('',#7773,#7775,#3703,.T.);
#13159=EDGE_CURVE('',#7771,#7773,#3707,.T.);
#13161=EDGE_CURVE('',#7769,#7771,#3711,.T.);
#13163=EDGE_CURVE('',#7767,#7769,#3715,.T.);
#13165=EDGE_CURVE('',#7765,#7767,#3719,.T.);
#13167=EDGE_CURVE('',#7763,#7765,#3723,.T.);
#13169=EDGE_CURVE('',#7761,#7763,#3727,.T.);
#13171=EDGE_CURVE('',#7759,#7761,#3731,.T.);
#13173=EDGE_CURVE('',#7757,#7759,#3735,.T.);
#13175=EDGE_CURVE('',#7755,#7757,#3739,.T.);
#13177=EDGE_CURVE('',#7753,#7755,#3743,.T.);
#13179=EDGE_CURVE('',#7751,#7753,#3747,.T.);
#13181=EDGE_CURVE('',#7749,#7751,#3751,.T.);
#13183=EDGE_CURVE('',#7747,#7749,#3755,.T.);
#13185=EDGE_CURVE('',#7745,#7747,#3759,.T.);
#13187=EDGE_CURVE('',#7743,#7745,#3763,.T.);
#13189=EDGE_CURVE('',#7741,#7743,#3767,.T.);
#13191=EDGE_CURVE('',#7739,#7741,#3771,.T.);
#13193=EDGE_CURVE('',#7737,#7739,#3775,.T.);
#13195=EDGE_CURVE('',#7735,#7737,#3779,.T.);
#13197=EDGE_CURVE('',#7733,#7735,#3783,.T.);
#13199=EDGE_CURVE('',#7731,#7733,#3787,.T.);
#13201=EDGE_CURVE('',#7729,#7731,#3791,.T.);
#13203=EDGE_CURVE('',#7727,#7729,#3795,.T.);
#13205=EDGE_CURVE('',#7725,#7727,#3799,.T.);
#13207=EDGE_CURVE('',#7723,#7725,#3803,.T.);
#13209=EDGE_CURVE('',#7721,#7723,#3807,.T.);
#13211=EDGE_CURVE('',#7719,#7721,#3811,.T.);
#13213=EDGE_CURVE('',#7717,#7719,#3815,.T.);
#13215=EDGE_CURVE('',#7715,#7717,#3819,.T.);
#13225=EDGE_CURVE('',#7828,#7829,#3823,.T.);
#13227=EDGE_CURVE('',#7839,#7828,#3827,.T.);
#13229=EDGE_CURVE('',#7837,#7839,#3831,.T.);
#13231=EDGE_CURVE('',#7835,#7837,#3835,.T.);
#13233=EDGE_CURVE('',#7833,#7835,#3839,.T.);
#13235=EDGE_CURVE('',#7831,#7833,#3843,.T.);
#13237=EDGE_CURVE('',#7829,#7831,#3847,.T.);
#13247=EDGE_CURVE('',#7842,#7843,#3851,.T.);
#13249=EDGE_CURVE('',#7891,#7842,#3855,.T.);
#13251=EDGE_CURVE('',#7889,#7891,#3859,.T.);
#13253=EDGE_CURVE('',#7887,#7889,#3863,.T.);
#13255=EDGE_CURVE('',#7885,#7887,#3867,.T.);
#13257=EDGE_CURVE('',#7883,#7885,#3871,.T.);
#13259=EDGE_CURVE('',#7881,#7883,#3875,.T.);
#13261=EDGE_CURVE('',#7879,#7881,#3879,.T.);
#13263=EDGE_CURVE('',#7877,#7879,#3883,.T.);
#13265=EDGE_CURVE('',#7875,#7877,#3887,.T.);
#13267=EDGE_CURVE('',#7873,#7875,#3891,.T.);
#13269=EDGE_CURVE('',#7871,#7873,#3895,.T.);
#13271=EDGE_CURVE('',#7869,#7871,#3899,.T.);
#13273=EDGE_CURVE('',#7867,#7869,#3903,.T.);
#13275=EDGE_CURVE('',#7865,#7867,#3907,.T.);
#13277=EDGE_CURVE('',#7863,#7865,#3911,.T.);
#13279=EDGE_CURVE('',#7861,#7863,#3915,.T.);
#13281=EDGE_CURVE('',#7859,#7861,#3919,.T.);
#13283=EDGE_CURVE('',#7857,#7859,#3923,.T.);
#13285=EDGE_CURVE('',#7855,#7857,#3927,.T.);
#13287=EDGE_CURVE('',#7853,#7855,#3931,.T.);
#13289=EDGE_CURVE('',#7851,#7853,#3935,.T.);
#13291=EDGE_CURVE('',#7849,#7851,#3939,.T.);
#13293=EDGE_CURVE('',#7847,#7849,#3943,.T.);
#13295=EDGE_CURVE('',#7845,#7847,#3947,.T.);
#13297=EDGE_CURVE('',#7843,#7845,#3951,.T.);
#13301=EDGE_CURVE('',#7894,#7895,#3955,.T.);
#13303=EDGE_CURVE('',#7927,#7894,#3959,.T.);
#13305=EDGE_CURVE('',#7925,#7927,#3963,.T.);
#13307=EDGE_CURVE('',#7923,#7925,#3967,.T.);
#13309=EDGE_CURVE('',#7921,#7923,#3971,.T.);
#13311=EDGE_CURVE('',#7919,#7921,#3975,.T.);
#13313=EDGE_CURVE('',#7917,#7919,#3979,.T.);
#13315=EDGE_CURVE('',#7915,#7917,#3983,.T.);
#13317=EDGE_CURVE('',#7913,#7915,#3987,.T.);
#13319=EDGE_CURVE('',#7911,#7913,#3991,.T.);
#13321=EDGE_CURVE('',#7909,#7911,#3995,.T.);
#13323=EDGE_CURVE('',#7907,#7909,#3999,.T.);
#13325=EDGE_CURVE('',#7905,#7907,#4003,.T.);
#13327=EDGE_CURVE('',#7903,#7905,#4007,.T.);
#13329=EDGE_CURVE('',#7901,#7903,#4011,.T.);
#13331=EDGE_CURVE('',#7899,#7901,#4015,.T.);
#13333=EDGE_CURVE('',#7897,#7899,#4019,.T.);
#13335=EDGE_CURVE('',#7895,#7897,#4023,.T.);
#13345=EDGE_CURVE('',#7930,#7931,#4027,.T.);
#13347=EDGE_CURVE('',#8007,#7930,#4031,.T.);
#13349=EDGE_CURVE('',#8005,#8007,#4035,.T.);
#13351=EDGE_CURVE('',#8003,#8005,#4039,.T.);
#13353=EDGE_CURVE('',#8001,#8003,#4043,.T.);
#13355=EDGE_CURVE('',#7999,#8001,#4047,.T.);
#13357=EDGE_CURVE('',#7997,#7999,#4051,.T.);
#13359=EDGE_CURVE('',#7995,#7997,#4055,.T.);
#13361=EDGE_CURVE('',#7993,#7995,#4059,.T.);
#13363=EDGE_CURVE('',#7991,#7993,#4063,.T.);
#13365=EDGE_CURVE('',#7989,#7991,#4067,.T.);
#13367=EDGE_CURVE('',#7987,#7989,#4071,.T.);
#13369=EDGE_CURVE('',#7985,#7987,#4075,.T.);
#13371=EDGE_CURVE('',#7983,#7985,#4079,.T.);
#13373=EDGE_CURVE('',#7981,#7983,#4083,.T.);
#13375=EDGE_CURVE('',#7979,#7981,#4087,.T.);
#13377=EDGE_CURVE('',#7977,#7979,#4091,.T.);
#13379=EDGE_CURVE('',#7975,#7977,#4095,.T.);
#13381=EDGE_CURVE('',#7973,#7975,#4099,.T.);
#13383=EDGE_CURVE('',#7971,#7973,#4103,.T.);
#13385=EDGE_CURVE('',#7969,#7971,#4107,.T.);
#13387=EDGE_CURVE('',#7967,#7969,#4111,.T.);
#13389=EDGE_CURVE('',#7965,#7967,#4115,.T.);
#13391=EDGE_CURVE('',#7963,#7965,#4119,.T.);
#13393=EDGE_CURVE('',#7961,#7963,#4123,.T.);
#13395=EDGE_CURVE('',#7959,#7961,#4127,.T.);
#13397=EDGE_CURVE('',#7957,#7959,#4131,.T.);
#13399=EDGE_CURVE('',#7955,#7957,#4135,.T.);
#13401=EDGE_CURVE('',#7953,#7955,#4139,.T.);
#13403=EDGE_CURVE('',#7951,#7953,#4143,.T.);
#13405=EDGE_CURVE('',#7949,#7951,#4147,.T.);
#13407=EDGE_CURVE('',#7947,#7949,#4151,.T.);
#13409=EDGE_CURVE('',#7945,#7947,#4155,.T.);
#13411=EDGE_CURVE('',#7943,#7945,#4159,.T.);
#13413=EDGE_CURVE('',#7941,#7943,#4163,.T.);
#13415=EDGE_CURVE('',#7939,#7941,#4167,.T.);
#13417=EDGE_CURVE('',#7937,#7939,#4171,.T.);
#13419=EDGE_CURVE('',#7935,#7937,#4175,.T.);
#13421=EDGE_CURVE('',#7933,#7935,#4179,.T.);
#13423=EDGE_CURVE('',#7931,#7933,#4183,.T.);
#13433=EDGE_CURVE('',#8010,#8011,#4187,.T.);
#13435=EDGE_CURVE('',#8021,#8010,#4191,.T.);
#13437=EDGE_CURVE('',#8019,#8021,#4195,.T.);
#13439=EDGE_CURVE('',#8017,#8019,#4199,.T.);
#13441=EDGE_CURVE('',#8015,#8017,#4203,.T.);
#13443=EDGE_CURVE('',#8013,#8015,#4207,.T.);
#13445=EDGE_CURVE('',#8011,#8013,#4211,.T.);
#13455=EDGE_CURVE('',#8024,#8025,#4215,.T.);
#13457=EDGE_CURVE('',#8035,#8024,#4219,.T.);
#13459=EDGE_CURVE('',#8033,#8035,#4223,.T.);
#13461=EDGE_CURVE('',#8031,#8033,#4227,.T.);
#13463=EDGE_CURVE('',#8029,#8031,#4231,.T.);
#13465=EDGE_CURVE('',#8027,#8029,#4235,.T.);
#13467=EDGE_CURVE('',#8025,#8027,#4239,.T.);
#13477=EDGE_CURVE('',#8038,#8039,#4243,.T.);
#13479=EDGE_CURVE('',#8103,#8038,#4247,.T.);
#13481=EDGE_CURVE('',#8101,#8103,#4251,.T.);
#13483=EDGE_CURVE('',#8099,#8101,#4255,.T.);
#13485=EDGE_CURVE('',#8097,#8099,#4259,.T.);
#13487=EDGE_CURVE('',#8095,#8097,#4263,.T.);
#13489=EDGE_CURVE('',#8093,#8095,#4267,.T.);
#13491=EDGE_CURVE('',#8091,#8093,#4271,.T.);
#13493=EDGE_CURVE('',#8089,#8091,#4275,.T.);
#13495=EDGE_CURVE('',#8087,#8089,#4279,.T.);
#13497=EDGE_CURVE('',#8085,#8087,#4283,.T.);
#13499=EDGE_CURVE('',#8083,#8085,#4287,.T.);
#13501=EDGE_CURVE('',#8081,#8083,#4291,.T.);
#13503=EDGE_CURVE('',#8079,#8081,#4295,.T.);
#13505=EDGE_CURVE('',#8077,#8079,#4299,.T.);
#13507=EDGE_CURVE('',#8075,#8077,#4303,.T.);
#13509=EDGE_CURVE('',#8073,#8075,#4307,.T.);
#13511=EDGE_CURVE('',#8071,#8073,#4311,.T.);
#13513=EDGE_CURVE('',#8069,#8071,#4315,.T.);
#13515=EDGE_CURVE('',#8067,#8069,#4319,.T.);
#13517=EDGE_CURVE('',#8065,#8067,#4323,.T.);
#13519=EDGE_CURVE('',#8063,#8065,#4327,.T.);
#13521=EDGE_CURVE('',#8061,#8063,#4331,.T.);
#13523=EDGE_CURVE('',#8059,#8061,#4335,.T.);
#13525=EDGE_CURVE('',#8057,#8059,#4339,.T.);
#13527=EDGE_CURVE('',#8055,#8057,#4343,.T.);
#13529=EDGE_CURVE('',#8053,#8055,#4347,.T.);
#13531=EDGE_CURVE('',#8051,#8053,#4351,.T.);
#13533=EDGE_CURVE('',#8049,#8051,#4355,.T.);
#13535=EDGE_CURVE('',#8047,#8049,#4359,.T.);
#13537=EDGE_CURVE('',#8045,#8047,#4363,.T.);
#13539=EDGE_CURVE('',#8043,#8045,#4367,.T.);
#13541=EDGE_CURVE('',#8041,#8043,#4371,.T.);
#13543=EDGE_CURVE('',#8039,#8041,#4375,.T.);
#13547=EDGE_CURVE('',#8106,#8107,#4379,.T.);
#13549=EDGE_CURVE('',#8135,#8106,#4383,.T.);
#13551=EDGE_CURVE('',#8133,#8135,#4387,.T.);
#13553=EDGE_CURVE('',#8131,#8133,#4391,.T.);
#13555=EDGE_CURVE('',#8129,#8131,#4395,.T.);
#13557=EDGE_CURVE('',#8127,#8129,#4399,.T.);
#13559=EDGE_CURVE('',#8125,#8127,#4403,.T.);
#13561=EDGE_CURVE('',#8123,#8125,#4407,.T.);
#13563=EDGE_CURVE('',#8121,#8123,#4411,.T.);
#13565=EDGE_CURVE('',#8119,#8121,#4415,.T.);
#13567=EDGE_CURVE('',#8117,#8119,#4419,.T.);
#13569=EDGE_CURVE('',#8115,#8117,#4423,.T.);
#13571=EDGE_CURVE('',#8113,#8115,#4427,.T.);
#13573=EDGE_CURVE('',#8111,#8113,#4431,.T.);
#13575=EDGE_CURVE('',#8109,#8111,#4435,.T.);
#13577=EDGE_CURVE('',#8107,#8109,#4439,.T.);
#13581=EDGE_CURVE('',#8138,#8139,#4443,.T.);
#13583=EDGE_CURVE('',#8167,#8138,#4447,.T.);
#13585=EDGE_CURVE('',#8165,#8167,#4451,.T.);
#13587=EDGE_CURVE('',#8163,#8165,#4455,.T.);
#13589=EDGE_CURVE('',#8161,#8163,#4459,.T.);
#13591=EDGE_CURVE('',#8159,#8161,#4463,.T.);
#13593=EDGE_CURVE('',#8157,#8159,#4467,.T.);
#13595=EDGE_CURVE('',#8155,#8157,#4471,.T.);
#13597=EDGE_CURVE('',#8153,#8155,#4475,.T.);
#13599=EDGE_CURVE('',#8151,#8153,#4479,.T.);
#13601=EDGE_CURVE('',#8149,#8151,#4483,.T.);
#13603=EDGE_CURVE('',#8147,#8149,#4487,.T.);
#13605=EDGE_CURVE('',#8145,#8147,#4491,.T.);
#13607=EDGE_CURVE('',#8143,#8145,#4495,.T.);
#13609=EDGE_CURVE('',#8141,#8143,#4499,.T.);
#13611=EDGE_CURVE('',#8139,#8141,#4503,.T.);
#13621=EDGE_CURVE('',#8170,#8171,#4507,.T.);
#13623=EDGE_CURVE('',#8181,#8170,#4511,.T.);
#13625=EDGE_CURVE('',#8179,#8181,#4515,.T.);
#13627=EDGE_CURVE('',#8177,#8179,#4519,.T.);
#13629=EDGE_CURVE('',#8175,#8177,#4523,.T.);
#13631=EDGE_CURVE('',#8173,#8175,#4527,.T.);
#13633=EDGE_CURVE('',#8171,#8173,#4531,.T.);
#13643=EDGE_CURVE('',#8184,#8185,#4535,.T.);
#13645=EDGE_CURVE('',#8295,#8184,#4539,.T.);
#13647=EDGE_CURVE('',#8293,#8295,#4543,.T.);
#13649=EDGE_CURVE('',#8291,#8293,#4547,.T.);
#13651=EDGE_CURVE('',#8289,#8291,#4551,.T.);
#13653=EDGE_CURVE('',#8287,#8289,#4555,.T.);
#13655=EDGE_CURVE('',#8285,#8287,#4559,.T.);
#13657=EDGE_CURVE('',#8283,#8285,#4563,.T.);
#13659=EDGE_CURVE('',#8281,#8283,#4567,.T.);
#13661=EDGE_CURVE('',#8279,#8281,#4571,.T.);
#13663=EDGE_CURVE('',#8277,#8279,#4575,.T.);
#13665=EDGE_CURVE('',#8275,#8277,#4579,.T.);
#13667=EDGE_CURVE('',#8273,#8275,#4583,.T.);
#13669=EDGE_CURVE('',#8271,#8273,#4587,.T.);
#13671=EDGE_CURVE('',#8269,#8271,#4591,.T.);
#13673=EDGE_CURVE('',#8267,#8269,#4595,.T.);
#13675=EDGE_CURVE('',#8265,#8267,#4599,.T.);
#13677=EDGE_CURVE('',#8263,#8265,#4603,.T.);
#13679=EDGE_CURVE('',#8261,#8263,#4607,.T.);
#13681=EDGE_CURVE('',#8259,#8261,#4611,.T.);
#13683=EDGE_CURVE('',#8257,#8259,#4615,.T.);
#13685=EDGE_CURVE('',#8255,#8257,#4619,.T.);
#13687=EDGE_CURVE('',#8253,#8255,#4623,.T.);
#13689=EDGE_CURVE('',#8251,#8253,#4627,.T.);
#13691=EDGE_CURVE('',#8249,#8251,#4631,.T.);
#13693=EDGE_CURVE('',#8247,#8249,#4635,.T.);
#13695=EDGE_CURVE('',#8245,#8247,#4639,.T.);
#13697=EDGE_CURVE('',#8243,#8245,#4643,.T.);
#13699=EDGE_CURVE('',#8241,#8243,#4647,.T.);
#13701=EDGE_CURVE('',#8239,#8241,#4651,.T.);
#13703=EDGE_CURVE('',#8237,#8239,#4655,.T.);
#13705=EDGE_CURVE('',#8235,#8237,#4659,.T.);
#13707=EDGE_CURVE('',#8233,#8235,#4663,.T.);
#13709=EDGE_CURVE('',#8231,#8233,#4667,.T.);
#13711=EDGE_CURVE('',#8229,#8231,#4671,.T.);
#13713=EDGE_CURVE('',#8227,#8229,#4675,.T.);
#13715=EDGE_CURVE('',#8225,#8227,#4679,.T.);
#13717=EDGE_CURVE('',#8223,#8225,#4683,.T.);
#13719=EDGE_CURVE('',#8221,#8223,#4687,.T.);
#13721=EDGE_CURVE('',#8219,#8221,#4691,.T.);
#13723=EDGE_CURVE('',#8217,#8219,#4695,.T.);
#13725=EDGE_CURVE('',#8215,#8217,#4699,.T.);
#13727=EDGE_CURVE('',#8213,#8215,#4703,.T.);
#13729=EDGE_CURVE('',#8211,#8213,#4707,.T.);
#13731=EDGE_CURVE('',#8209,#8211,#4711,.T.);
#13733=EDGE_CURVE('',#8207,#8209,#4715,.T.);
#13735=EDGE_CURVE('',#8205,#8207,#4719,.T.);
#13737=EDGE_CURVE('',#8203,#8205,#4723,.T.);
#13739=EDGE_CURVE('',#8201,#8203,#4727,.T.);
#13741=EDGE_CURVE('',#8199,#8201,#4731,.T.);
#13743=EDGE_CURVE('',#8197,#8199,#4735,.T.);
#13745=EDGE_CURVE('',#8195,#8197,#4739,.T.);
#13747=EDGE_CURVE('',#8193,#8195,#4743,.T.);
#13749=EDGE_CURVE('',#8191,#8193,#4747,.T.);
#13751=EDGE_CURVE('',#8189,#8191,#4751,.T.);
#13753=EDGE_CURVE('',#8187,#8189,#4755,.T.);
#13755=EDGE_CURVE('',#8185,#8187,#4759,.T.);
#13765=EDGE_CURVE('',#8298,#8299,#4763,.T.);
#13767=EDGE_CURVE('',#8409,#8298,#4767,.T.);
#13769=EDGE_CURVE('',#8407,#8409,#4771,.T.);
#13771=EDGE_CURVE('',#8405,#8407,#4775,.T.);
#13773=EDGE_CURVE('',#8403,#8405,#4779,.T.);
#13775=EDGE_CURVE('',#8401,#8403,#4783,.T.);
#13777=EDGE_CURVE('',#8399,#8401,#4787,.T.);
#13779=EDGE_CURVE('',#8397,#8399,#4791,.T.);
#13781=EDGE_CURVE('',#8395,#8397,#4795,.T.);
#13783=EDGE_CURVE('',#8393,#8395,#4799,.T.);
#13785=EDGE_CURVE('',#8391,#8393,#4803,.T.);
#13787=EDGE_CURVE('',#8389,#8391,#4807,.T.);
#13789=EDGE_CURVE('',#8387,#8389,#4811,.T.);
#13791=EDGE_CURVE('',#8385,#8387,#4815,.T.);
#13793=EDGE_CURVE('',#8383,#8385,#4819,.T.);
#13795=EDGE_CURVE('',#8381,#8383,#4823,.T.);
#13797=EDGE_CURVE('',#8379,#8381,#4827,.T.);
#13799=EDGE_CURVE('',#8377,#8379,#4831,.T.);
#13801=EDGE_CURVE('',#8375,#8377,#4835,.T.);
#13803=EDGE_CURVE('',#8373,#8375,#4839,.T.);
#13805=EDGE_CURVE('',#8371,#8373,#4843,.T.);
#13807=EDGE_CURVE('',#8369,#8371,#4847,.T.);
#13809=EDGE_CURVE('',#8367,#8369,#4851,.T.);
#13811=EDGE_CURVE('',#8365,#8367,#4855,.T.);
#13813=EDGE_CURVE('',#8363,#8365,#4859,.T.);
#13815=EDGE_CURVE('',#8361,#8363,#4863,.T.);
#13817=EDGE_CURVE('',#8359,#8361,#4867,.T.);
#13819=EDGE_CURVE('',#8357,#8359,#4871,.T.);
#13821=EDGE_CURVE('',#8355,#8357,#4875,.T.);
#13823=EDGE_CURVE('',#8353,#8355,#4879,.T.);
#13825=EDGE_CURVE('',#8351,#8353,#4883,.T.);
#13827=EDGE_CURVE('',#8349,#8351,#4887,.T.);
#13829=EDGE_CURVE('',#8347,#8349,#4891,.T.);
#13831=EDGE_CURVE('',#8345,#8347,#4895,.T.);
#13833=EDGE_CURVE('',#8343,#8345,#4899,.T.);
#13835=EDGE_CURVE('',#8341,#8343,#4903,.T.);
#13837=EDGE_CURVE('',#8339,#8341,#4907,.T.);
#13839=EDGE_CURVE('',#8337,#8339,#4911,.T.);
#13841=EDGE_CURVE('',#8335,#8337,#4915,.T.);
#13843=EDGE_CURVE('',#8333,#8335,#4919,.T.);
#13845=EDGE_CURVE('',#8331,#8333,#4923,.T.);
#13847=EDGE_CURVE('',#8329,#8331,#4927,.T.);
#13849=EDGE_CURVE('',#8327,#8329,#4931,.T.);
#13851=EDGE_CURVE('',#8325,#8327,#4935,.T.);
#13853=EDGE_CURVE('',#8323,#8325,#4939,.T.);
#13855=EDGE_CURVE('',#8321,#8323,#4943,.T.);
#13857=EDGE_CURVE('',#8319,#8321,#4947,.T.);
#13859=EDGE_CURVE('',#8317,#8319,#4951,.T.);
#13861=EDGE_CURVE('',#8315,#8317,#4955,.T.);
#13863=EDGE_CURVE('',#8313,#8315,#4959,.T.);
#13865=EDGE_CURVE('',#8311,#8313,#4963,.T.);
#13867=EDGE_CURVE('',#8309,#8311,#4967,.T.);
#13869=EDGE_CURVE('',#8307,#8309,#4971,.T.);
#13871=EDGE_CURVE('',#8305,#8307,#4975,.T.);
#13873=EDGE_CURVE('',#8303,#8305,#4979,.T.);
#13875=EDGE_CURVE('',#8301,#8303,#4983,.T.);
#13877=EDGE_CURVE('',#8299,#8301,#4987,.T.);
#13887=EDGE_CURVE('',#8412,#8413,#4991,.T.);
#13889=EDGE_CURVE('',#8417,#8412,#4995,.T.);
#13891=EDGE_CURVE('',#8415,#8417,#4999,.T.);
#13893=EDGE_CURVE('',#8413,#8415,#5003,.T.);
#13903=EDGE_CURVE('',#8420,#8421,#5007,.T.);
#13905=EDGE_CURVE('',#8497,#8420,#5011,.T.);
#13907=EDGE_CURVE('',#8495,#8497,#5015,.T.);
#13909=EDGE_CURVE('',#8493,#8495,#5019,.T.);
#13911=EDGE_CURVE('',#8491,#8493,#5023,.T.);
#13913=EDGE_CURVE('',#8489,#8491,#5027,.T.);
#13915=EDGE_CURVE('',#8487,#8489,#5031,.T.);
#13917=EDGE_CURVE('',#8485,#8487,#5035,.T.);
#13919=EDGE_CURVE('',#8483,#8485,#5039,.T.);
#13921=EDGE_CURVE('',#8481,#8483,#5043,.T.);
#13923=EDGE_CURVE('',#8479,#8481,#5047,.T.);
#13925=EDGE_CURVE('',#8477,#8479,#5051,.T.);
#13927=EDGE_CURVE('',#8475,#8477,#5055,.T.);
#13929=EDGE_CURVE('',#8473,#8475,#5059,.T.);
#13931=EDGE_CURVE('',#8471,#8473,#5063,.T.);
#13933=EDGE_CURVE('',#8469,#8471,#5067,.T.);
#13935=EDGE_CURVE('',#8467,#8469,#5071,.T.);
#13937=EDGE_CURVE('',#8465,#8467,#5075,.T.);
#13939=EDGE_CURVE('',#8463,#8465,#5079,.T.);
#13941=EDGE_CURVE('',#8461,#8463,#5083,.T.);
#13943=EDGE_CURVE('',#8459,#8461,#5087,.T.);
#13945=EDGE_CURVE('',#8457,#8459,#5091,.T.);
#13947=EDGE_CURVE('',#8455,#8457,#5095,.T.);
#13949=EDGE_CURVE('',#8453,#8455,#5099,.T.);
#13951=EDGE_CURVE('',#8451,#8453,#5103,.T.);
#13953=EDGE_CURVE('',#8449,#8451,#5107,.T.);
#13955=EDGE_CURVE('',#8447,#8449,#5111,.T.);
#13957=EDGE_CURVE('',#8445,#8447,#5115,.T.);
#13959=EDGE_CURVE('',#8443,#8445,#5119,.T.);
#13961=EDGE_CURVE('',#8441,#8443,#5123,.T.);
#13963=EDGE_CURVE('',#8439,#8441,#5127,.T.);
#13965=EDGE_CURVE('',#8437,#8439,#5131,.T.);
#13967=EDGE_CURVE('',#8435,#8437,#5135,.T.);
#13969=EDGE_CURVE('',#8433,#8435,#5139,.T.);
#13971=EDGE_CURVE('',#8431,#8433,#5143,.T.);
#13973=EDGE_CURVE('',#8429,#8431,#5147,.T.);
#13975=EDGE_CURVE('',#8427,#8429,#5151,.T.);
#13977=EDGE_CURVE('',#8425,#8427,#5155,.T.);
#13979=EDGE_CURVE('',#8423,#8425,#5159,.T.);
#13981=EDGE_CURVE('',#8421,#8423,#5163,.T.);
#14006=EDGE_CURVE('',#8514,#8515,#5195,.T.);
#14008=EDGE_CURVE('',#8591,#8514,#5199,.T.);
#14010=EDGE_CURVE('',#8589,#8591,#5203,.T.);
#14012=EDGE_CURVE('',#8587,#8589,#5207,.T.);
#14014=EDGE_CURVE('',#8585,#8587,#5211,.T.);
#14016=EDGE_CURVE('',#8583,#8585,#5215,.T.);
#14018=EDGE_CURVE('',#8581,#8583,#5219,.T.);
#14020=EDGE_CURVE('',#8579,#8581,#5223,.T.);
#14022=EDGE_CURVE('',#8577,#8579,#5227,.T.);
#14024=EDGE_CURVE('',#8575,#8577,#5231,.T.);
#14026=EDGE_CURVE('',#8573,#8575,#5235,.T.);
#14028=EDGE_CURVE('',#8571,#8573,#5239,.T.);
#14030=EDGE_CURVE('',#8569,#8571,#5243,.T.);
#14032=EDGE_CURVE('',#8567,#8569,#5247,.T.);
#14034=EDGE_CURVE('',#8565,#8567,#5251,.T.);
#14036=EDGE_CURVE('',#8563,#8565,#5255,.T.);
#14038=EDGE_CURVE('',#8561,#8563,#5259,.T.);
#14040=EDGE_CURVE('',#8559,#8561,#5263,.T.);
#14042=EDGE_CURVE('',#8557,#8559,#5267,.T.);
#14044=EDGE_CURVE('',#8555,#8557,#5271,.T.);
#14046=EDGE_CURVE('',#8553,#8555,#5275,.T.);
#14048=EDGE_CURVE('',#8551,#8553,#5279,.T.);
#14050=EDGE_CURVE('',#8549,#8551,#5283,.T.);
#14052=EDGE_CURVE('',#8547,#8549,#5287,.T.);
#14054=EDGE_CURVE('',#8545,#8547,#5291,.T.);
#14056=EDGE_CURVE('',#8543,#8545,#5295,.T.);
#14058=EDGE_CURVE('',#8541,#8543,#5299,.T.);
#14060=EDGE_CURVE('',#8539,#8541,#5303,.T.);
#14062=EDGE_CURVE('',#8537,#8539,#5307,.T.);
#14064=EDGE_CURVE('',#8535,#8537,#5311,.T.);
#14066=EDGE_CURVE('',#8533,#8535,#5315,.T.);
#14068=EDGE_CURVE('',#8531,#8533,#5319,.T.);
#14070=EDGE_CURVE('',#8529,#8531,#5323,.T.);
#14072=EDGE_CURVE('',#8527,#8529,#5327,.T.);
#14074=EDGE_CURVE('',#8525,#8527,#5331,.T.);
#14076=EDGE_CURVE('',#8523,#8525,#5335,.T.);
#14078=EDGE_CURVE('',#8521,#8523,#5339,.T.);
#14080=EDGE_CURVE('',#8519,#8521,#5343,.T.);
#14082=EDGE_CURVE('',#8517,#8519,#5347,.T.);
#14084=EDGE_CURVE('',#8515,#8517,#5351,.T.);
#14094=EDGE_CURVE('',#8594,#8595,#5355,.T.);
#14096=EDGE_CURVE('',#8605,#8594,#5359,.T.);
#14098=EDGE_CURVE('',#8603,#8605,#5363,.T.);
#14100=EDGE_CURVE('',#8601,#8603,#5367,.T.);
#14102=EDGE_CURVE('',#8599,#8601,#5371,.T.);
#14104=EDGE_CURVE('',#8597,#8599,#5375,.T.);
#14106=EDGE_CURVE('',#8595,#8597,#5379,.T.);
#14117=EDGE_CURVE('',#8608,#7594,#5383,.T.);
#14120=EDGE_CURVE('',#8609,#7595,#5539,.T.);
#14131=EDGE_CURVE('',#8685,#7671,#5387,.T.);
#14144=EDGE_CURVE('',#8683,#7669,#5391,.T.);
#14157=EDGE_CURVE('',#8681,#7667,#5395,.T.);
#14170=EDGE_CURVE('',#8679,#7665,#5399,.T.);
#14183=EDGE_CURVE('',#8677,#7663,#5403,.T.);
#14196=EDGE_CURVE('',#8675,#7661,#5407,.T.);
#14209=EDGE_CURVE('',#8673,#7659,#5411,.T.);
#14222=EDGE_CURVE('',#8671,#7657,#5415,.T.);
#14235=EDGE_CURVE('',#8669,#7655,#5419,.T.);
#14248=EDGE_CURVE('',#8667,#7653,#5423,.T.);
#14261=EDGE_CURVE('',#8665,#7651,#5427,.T.);
#14274=EDGE_CURVE('',#8663,#7649,#5431,.T.);
#14287=EDGE_CURVE('',#8661,#7647,#5435,.T.);
#14300=EDGE_CURVE('',#8659,#7645,#5439,.T.);
#14313=EDGE_CURVE('',#8657,#7643,#5443,.T.);
#14326=EDGE_CURVE('',#8655,#7641,#5447,.T.);
#14339=EDGE_CURVE('',#8653,#7639,#5451,.T.);
#14352=EDGE_CURVE('',#8651,#7637,#5455,.T.);
#14365=EDGE_CURVE('',#8649,#7635,#5459,.T.);
#14378=EDGE_CURVE('',#8647,#7633,#5463,.T.);
#14391=EDGE_CURVE('',#8645,#7631,#5467,.T.);
#14404=EDGE_CURVE('',#8643,#7629,#5471,.T.);
#14417=EDGE_CURVE('',#8641,#7627,#5475,.T.);
#14430=EDGE_CURVE('',#8639,#7625,#5479,.T.);
#14443=EDGE_CURVE('',#8637,#7623,#5483,.T.);
#14456=EDGE_CURVE('',#8635,#7621,#5487,.T.);
#14469=EDGE_CURVE('',#8633,#7619,#5491,.T.);
#14482=EDGE_CURVE('',#8631,#7617,#5495,.T.);
#14495=EDGE_CURVE('',#8629,#7615,#5499,.T.);
#14508=EDGE_CURVE('',#8627,#7613,#5503,.T.);
#14521=EDGE_CURVE('',#8625,#7611,#5507,.T.);
#14534=EDGE_CURVE('',#8623,#7609,#5511,.T.);
#14547=EDGE_CURVE('',#8621,#7607,#5515,.T.);
#14560=EDGE_CURVE('',#8619,#7605,#5519,.T.);
#14573=EDGE_CURVE('',#8617,#7603,#5523,.T.);
#14586=EDGE_CURVE('',#8615,#7601,#5527,.T.);
#14599=EDGE_CURVE('',#8613,#7599,#5531,.T.);
#14612=EDGE_CURVE('',#8611,#7597,#5535,.T.);
#14637=EDGE_CURVE('',#8688,#7674,#5543,.T.);
#14640=EDGE_CURVE('',#8689,#7675,#5619,.T.);
#14651=EDGE_CURVE('',#8725,#7711,#5547,.T.);
#14664=EDGE_CURVE('',#8723,#7709,#5551,.T.);
#14677=EDGE_CURVE('',#8721,#7707,#5555,.T.);
#14690=EDGE_CURVE('',#8719,#7705,#5559,.T.);
#14703=EDGE_CURVE('',#8717,#7703,#5563,.T.);
#14716=EDGE_CURVE('',#8715,#7701,#5567,.T.);
#14729=EDGE_CURVE('',#8713,#7699,#5571,.T.);
#14742=EDGE_CURVE('',#8711,#7697,#5575,.T.);
#14755=EDGE_CURVE('',#8709,#7695,#5579,.T.);
#14768=EDGE_CURVE('',#8707,#7693,#5583,.T.);
#14781=EDGE_CURVE('',#8705,#7691,#5587,.T.);
#14794=EDGE_CURVE('',#8703,#7689,#5591,.T.);
#14807=EDGE_CURVE('',#8701,#7687,#5595,.T.);
#14820=EDGE_CURVE('',#8699,#7685,#5599,.T.);
#14833=EDGE_CURVE('',#8697,#7683,#5603,.T.);
#14846=EDGE_CURVE('',#8695,#7681,#5607,.T.);
#14859=EDGE_CURVE('',#8693,#7679,#5611,.T.);
#14872=EDGE_CURVE('',#8691,#7677,#5615,.T.);
#14897=EDGE_CURVE('',#8728,#7714,#5623,.T.);
#14900=EDGE_CURVE('',#8729,#7715,#5847,.T.);
#14911=EDGE_CURVE('',#8839,#7825,#5627,.T.);
#14924=EDGE_CURVE('',#8837,#7823,#5631,.T.);
#14937=EDGE_CURVE('',#8835,#7821,#5635,.T.);
#14950=EDGE_CURVE('',#8833,#7819,#5639,.T.);
#14963=EDGE_CURVE('',#8831,#7817,#5643,.T.);
#14976=EDGE_CURVE('',#8829,#7815,#5647,.T.);
#14989=EDGE_CURVE('',#8827,#7813,#5651,.T.);
#15002=EDGE_CURVE('',#8825,#7811,#5655,.T.);
#15015=EDGE_CURVE('',#8823,#7809,#5659,.T.);
#15028=EDGE_CURVE('',#8821,#7807,#5663,.T.);
#15041=EDGE_CURVE('',#8819,#7805,#5667,.T.);
#15054=EDGE_CURVE('',#8817,#7803,#5671,.T.);
#15067=EDGE_CURVE('',#8815,#7801,#5675,.T.);
#15080=EDGE_CURVE('',#8813,#7799,#5679,.T.);
#15093=EDGE_CURVE('',#8811,#7797,#5683,.T.);
#15106=EDGE_CURVE('',#8809,#7795,#5687,.T.);
#15119=EDGE_CURVE('',#8807,#7793,#5691,.T.);
#15132=EDGE_CURVE('',#8805,#7791,#5695,.T.);
#15145=EDGE_CURVE('',#8803,#7789,#5699,.T.);
#15158=EDGE_CURVE('',#8801,#7787,#5703,.T.);
#15171=EDGE_CURVE('',#8799,#7785,#5707,.T.);
#15184=EDGE_CURVE('',#8797,#7783,#5711,.T.);
#15197=EDGE_CURVE('',#8795,#7781,#5715,.T.);
#15210=EDGE_CURVE('',#8793,#7779,#5719,.T.);
#15223=EDGE_CURVE('',#8791,#7777,#5723,.T.);
#15236=EDGE_CURVE('',#8789,#7775,#5727,.T.);
#15249=EDGE_CURVE('',#8787,#7773,#5731,.T.);
#15262=EDGE_CURVE('',#8785,#7771,#5735,.T.);
#15275=EDGE_CURVE('',#8783,#7769,#5739,.T.);
#15288=EDGE_CURVE('',#8781,#7767,#5743,.T.);
#15301=EDGE_CURVE('',#8779,#7765,#5747,.T.);
#15314=EDGE_CURVE('',#8777,#7763,#5751,.T.);
#15327=EDGE_CURVE('',#8775,#7761,#5755,.T.);
#15340=EDGE_CURVE('',#8773,#7759,#5759,.T.);
#15353=EDGE_CURVE('',#8771,#7757,#5763,.T.);
#15366=EDGE_CURVE('',#8769,#7755,#5767,.T.);
#15379=EDGE_CURVE('',#8767,#7753,#5771,.T.);
#15392=EDGE_CURVE('',#8765,#7751,#5775,.T.);
#15405=EDGE_CURVE('',#8763,#7749,#5779,.T.);
#15418=EDGE_CURVE('',#8761,#7747,#5783,.T.);
#15431=EDGE_CURVE('',#8759,#7745,#5787,.T.);
#15444=EDGE_CURVE('',#8757,#7743,#5791,.T.);
#15457=EDGE_CURVE('',#8755,#7741,#5795,.T.);
#15470=EDGE_CURVE('',#8753,#7739,#5799,.T.);
#15483=EDGE_CURVE('',#8751,#7737,#5803,.T.);
#15496=EDGE_CURVE('',#8749,#7735,#5807,.T.);
#15509=EDGE_CURVE('',#8747,#7733,#5811,.T.);
#15522=EDGE_CURVE('',#8745,#7731,#5815,.T.);
#15535=EDGE_CURVE('',#8743,#7729,#5819,.T.);
#15548=EDGE_CURVE('',#8741,#7727,#5823,.T.);
#15561=EDGE_CURVE('',#8739,#7725,#5827,.T.);
#15574=EDGE_CURVE('',#8737,#7723,#5831,.T.);
#15587=EDGE_CURVE('',#8735,#7721,#5835,.T.);
#15600=EDGE_CURVE('',#8733,#7719,#5839,.T.);
#15613=EDGE_CURVE('',#8731,#7717,#5843,.T.);
#15638=EDGE_CURVE('',#8842,#7828,#5851,.T.);
#15641=EDGE_CURVE('',#8843,#7829,#5875,.T.);
#15652=EDGE_CURVE('',#8853,#7839,#5855,.T.);
#15665=EDGE_CURVE('',#8851,#7837,#5859,.T.);
#15678=EDGE_CURVE('',#8849,#7835,#5863,.T.);
#15691=EDGE_CURVE('',#8847,#7833,#5867,.T.);
#15704=EDGE_CURVE('',#8845,#7831,#5871,.T.);
#15729=EDGE_CURVE('',#8856,#7842,#5879,.T.);
#15732=EDGE_CURVE('',#8857,#7843,#5979,.T.);
#15743=EDGE_CURVE('',#8905,#7891,#5883,.T.);
#15756=EDGE_CURVE('',#8903,#7889,#5887,.T.);
#15769=EDGE_CURVE('',#8901,#7887,#5891,.T.);
#15782=EDGE_CURVE('',#8899,#7885,#5895,.T.);
#15795=EDGE_CURVE('',#8897,#7883,#5899,.T.);
#15808=EDGE_CURVE('',#8895,#7881,#5903,.T.);
#15821=EDGE_CURVE('',#8893,#7879,#5907,.T.);
#15834=EDGE_CURVE('',#8891,#7877,#5911,.T.);
#15847=EDGE_CURVE('',#8889,#7875,#5915,.T.);
#15860=EDGE_CURVE('',#8887,#7873,#5919,.T.);
#15873=EDGE_CURVE('',#8885,#7871,#5923,.T.);
#15886=EDGE_CURVE('',#8883,#7869,#5927,.T.);
#15899=EDGE_CURVE('',#8881,#7867,#5931,.T.);
#15912=EDGE_CURVE('',#8879,#7865,#5935,.T.);
#15925=EDGE_CURVE('',#8877,#7863,#5939,.T.);
#15938=EDGE_CURVE('',#8875,#7861,#5943,.T.);
#15951=EDGE_CURVE('',#8873,#7859,#5947,.T.);
#15964=EDGE_CURVE('',#8871,#7857,#5951,.T.);
#15977=EDGE_CURVE('',#8869,#7855,#5955,.T.);
#15990=EDGE_CURVE('',#8867,#7853,#5959,.T.);
#16003=EDGE_CURVE('',#8865,#7851,#5963,.T.);
#16016=EDGE_CURVE('',#8863,#7849,#5967,.T.);
#16029=EDGE_CURVE('',#8861,#7847,#5971,.T.);
#16042=EDGE_CURVE('',#8859,#7845,#5975,.T.);
#16067=EDGE_CURVE('',#8908,#7894,#5983,.T.);
#16070=EDGE_CURVE('',#8909,#7895,#6051,.T.);
#16081=EDGE_CURVE('',#8941,#7927,#5987,.T.);
#16094=EDGE_CURVE('',#8939,#7925,#5991,.T.);
#16107=EDGE_CURVE('',#8937,#7923,#5995,.T.);
#16120=EDGE_CURVE('',#8935,#7921,#5999,.T.);
#16133=EDGE_CURVE('',#8933,#7919,#6003,.T.);
#16146=EDGE_CURVE('',#8931,#7917,#6007,.T.);
#16159=EDGE_CURVE('',#8929,#7915,#6011,.T.);
#16172=EDGE_CURVE('',#8927,#7913,#6015,.T.);
#16185=EDGE_CURVE('',#8925,#7911,#6019,.T.);
#16198=EDGE_CURVE('',#8923,#7909,#6023,.T.);
#16211=EDGE_CURVE('',#8921,#7907,#6027,.T.);
#16224=EDGE_CURVE('',#8919,#7905,#6031,.T.);
#16237=EDGE_CURVE('',#8917,#7903,#6035,.T.);
#16250=EDGE_CURVE('',#8915,#7901,#6039,.T.);
#16263=EDGE_CURVE('',#8913,#7899,#6043,.T.);
#16276=EDGE_CURVE('',#8911,#7897,#6047,.T.);
#16301=EDGE_CURVE('',#8944,#7930,#6055,.T.);
#16304=EDGE_CURVE('',#8945,#7931,#6211,.T.);
#16315=EDGE_CURVE('',#9021,#8007,#6059,.T.);
#16328=EDGE_CURVE('',#9019,#8005,#6063,.T.);
#16341=EDGE_CURVE('',#9017,#8003,#6067,.T.);
#16354=EDGE_CURVE('',#9015,#8001,#6071,.T.);
#16367=EDGE_CURVE('',#9013,#7999,#6075,.T.);
#16380=EDGE_CURVE('',#9011,#7997,#6079,.T.);
#16393=EDGE_CURVE('',#9009,#7995,#6083,.T.);
#16406=EDGE_CURVE('',#9007,#7993,#6087,.T.);
#16419=EDGE_CURVE('',#9005,#7991,#6091,.T.);
#16432=EDGE_CURVE('',#9003,#7989,#6095,.T.);
#16445=EDGE_CURVE('',#9001,#7987,#6099,.T.);
#16458=EDGE_CURVE('',#8999,#7985,#6103,.T.);
#16471=EDGE_CURVE('',#8997,#7983,#6107,.T.);
#16484=EDGE_CURVE('',#8995,#7981,#6111,.T.);
#16497=EDGE_CURVE('',#8993,#7979,#6115,.T.);
#16510=EDGE_CURVE('',#8991,#7977,#6119,.T.);
#16523=EDGE_CURVE('',#8989,#7975,#6123,.T.);
#16536=EDGE_CURVE('',#8987,#7973,#6127,.T.);
#16549=EDGE_CURVE('',#8985,#7971,#6131,.T.);
#16562=EDGE_CURVE('',#8983,#7969,#6135,.T.);
#16575=EDGE_CURVE('',#8981,#7967,#6139,.T.);
#16588=EDGE_CURVE('',#8979,#7965,#6143,.T.);
#16601=EDGE_CURVE('',#8977,#7963,#6147,.T.);
#16614=EDGE_CURVE('',#8975,#7961,#6151,.T.);
#16627=EDGE_CURVE('',#8973,#7959,#6155,.T.);
#16640=EDGE_CURVE('',#8971,#7957,#6159,.T.);
#16653=EDGE_CURVE('',#8969,#7955,#6163,.T.);
#16666=EDGE_CURVE('',#8967,#7953,#6167,.T.);
#16679=EDGE_CURVE('',#8965,#7951,#6171,.T.);
#16692=EDGE_CURVE('',#8963,#7949,#6175,.T.);
#16705=EDGE_CURVE('',#8961,#7947,#6179,.T.);
#16718=EDGE_CURVE('',#8959,#7945,#6183,.T.);
#16731=EDGE_CURVE('',#8957,#7943,#6187,.T.);
#16744=EDGE_CURVE('',#8955,#7941,#6191,.T.);
#16757=EDGE_CURVE('',#8953,#7939,#6195,.T.);
#16770=EDGE_CURVE('',#8951,#7937,#6199,.T.);
#16783=EDGE_CURVE('',#8949,#7935,#6203,.T.);
#16796=EDGE_CURVE('',#8947,#7933,#6207,.T.);
#16821=EDGE_CURVE('',#9024,#8010,#6215,.T.);
#16824=EDGE_CURVE('',#9025,#8011,#6239,.T.);
#16835=EDGE_CURVE('',#9035,#8021,#6219,.T.);
#16848=EDGE_CURVE('',#9033,#8019,#6223,.T.);
#16861=EDGE_CURVE('',#9031,#8017,#6227,.T.);
#16874=EDGE_CURVE('',#9029,#8015,#6231,.T.);
#16887=EDGE_CURVE('',#9027,#8013,#6235,.T.);
#16912=EDGE_CURVE('',#9038,#8024,#6243,.T.);
#16915=EDGE_CURVE('',#9039,#8025,#6267,.T.);
#16926=EDGE_CURVE('',#9049,#8035,#6247,.T.);
#16939=EDGE_CURVE('',#9047,#8033,#6251,.T.);
#16952=EDGE_CURVE('',#9045,#8031,#6255,.T.);
#16965=EDGE_CURVE('',#9043,#8029,#6259,.T.);
#16978=EDGE_CURVE('',#9041,#8027,#6263,.T.);
#17003=EDGE_CURVE('',#9052,#8038,#6271,.T.);
#17006=EDGE_CURVE('',#9053,#8039,#6403,.T.);
#17017=EDGE_CURVE('',#9117,#8103,#6275,.T.);
#17030=EDGE_CURVE('',#9115,#8101,#6279,.T.);
#17043=EDGE_CURVE('',#9113,#8099,#6283,.T.);
#17056=EDGE_CURVE('',#9111,#8097,#6287,.T.);
#17069=EDGE_CURVE('',#9109,#8095,#6291,.T.);
#17082=EDGE_CURVE('',#9107,#8093,#6295,.T.);
#17095=EDGE_CURVE('',#9105,#8091,#6299,.T.);
#17108=EDGE_CURVE('',#9103,#8089,#6303,.T.);
#17121=EDGE_CURVE('',#9101,#8087,#6307,.T.);
#17134=EDGE_CURVE('',#9099,#8085,#6311,.T.);
#17147=EDGE_CURVE('',#9097,#8083,#6315,.T.);
#17160=EDGE_CURVE('',#9095,#8081,#6319,.T.);
#17173=EDGE_CURVE('',#9093,#8079,#6323,.T.);
#17186=EDGE_CURVE('',#9091,#8077,#6327,.T.);
#17199=EDGE_CURVE('',#9089,#8075,#6331,.T.);
#17212=EDGE_CURVE('',#9087,#8073,#6335,.T.);
#17225=EDGE_CURVE('',#9085,#8071,#6339,.T.);
#17238=EDGE_CURVE('',#9083,#8069,#6343,.T.);
#17251=EDGE_CURVE('',#9081,#8067,#6347,.T.);
#17264=EDGE_CURVE('',#9079,#8065,#6351,.T.);
#17277=EDGE_CURVE('',#9077,#8063,#6355,.T.);
#17290=EDGE_CURVE('',#9075,#8061,#6359,.T.);
#17303=EDGE_CURVE('',#9073,#8059,#6363,.T.);
#17316=EDGE_CURVE('',#9071,#8057,#6367,.T.);
#17329=EDGE_CURVE('',#9069,#8055,#6371,.T.);
#17342=EDGE_CURVE('',#9067,#8053,#6375,.T.);
#17355=EDGE_CURVE('',#9065,#8051,#6379,.T.);
#17368=EDGE_CURVE('',#9063,#8049,#6383,.T.);
#17381=EDGE_CURVE('',#9061,#8047,#6387,.T.);
#17394=EDGE_CURVE('',#9059,#8045,#6391,.T.);
#17407=EDGE_CURVE('',#9057,#8043,#6395,.T.);
#17420=EDGE_CURVE('',#9055,#8041,#6399,.T.);
#17445=EDGE_CURVE('',#9120,#8106,#6407,.T.);
#17448=EDGE_CURVE('',#9121,#8107,#6467,.T.);
#17459=EDGE_CURVE('',#9149,#8135,#6411,.T.);
#17472=EDGE_CURVE('',#9147,#8133,#6415,.T.);
#17485=EDGE_CURVE('',#9145,#8131,#6419,.T.);
#17498=EDGE_CURVE('',#9143,#8129,#6423,.T.);
#17511=EDGE_CURVE('',#9141,#8127,#6427,.T.);
#17524=EDGE_CURVE('',#9139,#8125,#6431,.T.);
#17537=EDGE_CURVE('',#9137,#8123,#6435,.T.);
#17550=EDGE_CURVE('',#9135,#8121,#6439,.T.);
#17563=EDGE_CURVE('',#9133,#8119,#6443,.T.);
#17576=EDGE_CURVE('',#9131,#8117,#6447,.T.);
#17589=EDGE_CURVE('',#9129,#8115,#6451,.T.);
#17602=EDGE_CURVE('',#9127,#8113,#6455,.T.);
#17615=EDGE_CURVE('',#9125,#8111,#6459,.T.);
#17628=EDGE_CURVE('',#9123,#8109,#6463,.T.);
#17653=EDGE_CURVE('',#9152,#8138,#6471,.T.);
#17656=EDGE_CURVE('',#9153,#8139,#6531,.T.);
#17667=EDGE_CURVE('',#9181,#8167,#6475,.T.);
#17680=EDGE_CURVE('',#9179,#8165,#6479,.T.);
#17693=EDGE_CURVE('',#9177,#8163,#6483,.T.);
#17706=EDGE_CURVE('',#9175,#8161,#6487,.T.);
#17719=EDGE_CURVE('',#9173,#8159,#6491,.T.);
#17732=EDGE_CURVE('',#9171,#8157,#6495,.T.);
#17745=EDGE_CURVE('',#9169,#8155,#6499,.T.);
#17758=EDGE_CURVE('',#9167,#8153,#6503,.T.);
#17771=EDGE_CURVE('',#9165,#8151,#6507,.T.);
#17784=EDGE_CURVE('',#9163,#8149,#6511,.T.);
#17797=EDGE_CURVE('',#9161,#8147,#6515,.T.);
#17810=EDGE_CURVE('',#9159,#8145,#6519,.T.);
#17823=EDGE_CURVE('',#9157,#8143,#6523,.T.);
#17836=EDGE_CURVE('',#9155,#8141,#6527,.T.);
#17861=EDGE_CURVE('',#9184,#8170,#6535,.T.);
#17864=EDGE_CURVE('',#9185,#8171,#6559,.T.);
#17875=EDGE_CURVE('',#9195,#8181,#6539,.T.);
#17888=EDGE_CURVE('',#9193,#8179,#6543,.T.);
#17901=EDGE_CURVE('',#9191,#8177,#6547,.T.);
#17914=EDGE_CURVE('',#9189,#8175,#6551,.T.);
#17927=EDGE_CURVE('',#9187,#8173,#6555,.T.);
#17952=EDGE_CURVE('',#9198,#8184,#6563,.T.);
#17955=EDGE_CURVE('',#9199,#8185,#6787,.T.);
#17966=EDGE_CURVE('',#9309,#8295,#6567,.T.);
#17979=EDGE_CURVE('',#9307,#8293,#6571,.T.);
#17992=EDGE_CURVE('',#9305,#8291,#6575,.T.);
#18005=EDGE_CURVE('',#9303,#8289,#6579,.T.);
#18018=EDGE_CURVE('',#9301,#8287,#6583,.T.);
#18031=EDGE_CURVE('',#9299,#8285,#6587,.T.);
#18044=EDGE_CURVE('',#9297,#8283,#6591,.T.);
#18057=EDGE_CURVE('',#9295,#8281,#6595,.T.);
#18070=EDGE_CURVE('',#9293,#8279,#6599,.T.);
#18083=EDGE_CURVE('',#9291,#8277,#6603,.T.);
#18096=EDGE_CURVE('',#9289,#8275,#6607,.T.);
#18109=EDGE_CURVE('',#9287,#8273,#6611,.T.);
#18122=EDGE_CURVE('',#9285,#8271,#6615,.T.);
#18135=EDGE_CURVE('',#9283,#8269,#6619,.T.);
#18148=EDGE_CURVE('',#9281,#8267,#6623,.T.);
#18161=EDGE_CURVE('',#9279,#8265,#6627,.T.);
#18174=EDGE_CURVE('',#9277,#8263,#6631,.T.);
#18187=EDGE_CURVE('',#9275,#8261,#6635,.T.);
#18200=EDGE_CURVE('',#9273,#8259,#6639,.T.);
#18213=EDGE_CURVE('',#9271,#8257,#6643,.T.);
#18226=EDGE_CURVE('',#9269,#8255,#6647,.T.);
#18239=EDGE_CURVE('',#9267,#8253,#6651,.T.);
#18252=EDGE_CURVE('',#9265,#8251,#6655,.T.);
#18265=EDGE_CURVE('',#9263,#8249,#6659,.T.);
#18278=EDGE_CURVE('',#9261,#8247,#6663,.T.);
#18291=EDGE_CURVE('',#9259,#8245,#6667,.T.);
#18304=EDGE_CURVE('',#9257,#8243,#6671,.T.);
#18317=EDGE_CURVE('',#9255,#8241,#6675,.T.);
#18330=EDGE_CURVE('',#9253,#8239,#6679,.T.);
#18343=EDGE_CURVE('',#9251,#8237,#6683,.T.);
#18356=EDGE_CURVE('',#9249,#8235,#6687,.T.);
#18369=EDGE_CURVE('',#9247,#8233,#6691,.T.);
#18382=EDGE_CURVE('',#9245,#8231,#6695,.T.);
#18395=EDGE_CURVE('',#9243,#8229,#6699,.T.);
#18408=EDGE_CURVE('',#9241,#8227,#6703,.T.);
#18421=EDGE_CURVE('',#9239,#8225,#6707,.T.);
#18434=EDGE_CURVE('',#9237,#8223,#6711,.T.);
#18447=EDGE_CURVE('',#9235,#8221,#6715,.T.);
#18460=EDGE_CURVE('',#9233,#8219,#6719,.T.);
#18473=EDGE_CURVE('',#9231,#8217,#6723,.T.);
#18486=EDGE_CURVE('',#9229,#8215,#6727,.T.);
#18499=EDGE_CURVE('',#9227,#8213,#6731,.T.);
#18512=EDGE_CURVE('',#9225,#8211,#6735,.T.);
#18525=EDGE_CURVE('',#9223,#8209,#6739,.T.);
#18538=EDGE_CURVE('',#9221,#8207,#6743,.T.);
#18551=EDGE_CURVE('',#9219,#8205,#6747,.T.);
#18564=EDGE_CURVE('',#9217,#8203,#6751,.T.);
#18577=EDGE_CURVE('',#9215,#8201,#6755,.T.);
#18590=EDGE_CURVE('',#9213,#8199,#6759,.T.);
#18603=EDGE_CURVE('',#9211,#8197,#6763,.T.);
#18616=EDGE_CURVE('',#9209,#8195,#6767,.T.);
#18629=EDGE_CURVE('',#9207,#8193,#6771,.T.);
#18642=EDGE_CURVE('',#9205,#8191,#6775,.T.);
#18655=EDGE_CURVE('',#9203,#8189,#6779,.T.);
#18668=EDGE_CURVE('',#9201,#8187,#6783,.T.);
#18693=EDGE_CURVE('',#9312,#8298,#6791,.T.);
#18696=EDGE_CURVE('',#9313,#8299,#7015,.T.);
#18707=EDGE_CURVE('',#9423,#8409,#6795,.T.);
#18720=EDGE_CURVE('',#9421,#8407,#6799,.T.);
#18733=EDGE_CURVE('',#9419,#8405,#6803,.T.);
#18746=EDGE_CURVE('',#9417,#8403,#6807,.T.);
#18759=EDGE_CURVE('',#9415,#8401,#6811,.T.);
#18772=EDGE_CURVE('',#9413,#8399,#6815,.T.);
#18785=EDGE_CURVE('',#9411,#8397,#6819,.T.);
#18798=EDGE_CURVE('',#9409,#8395,#6823,.T.);
#18811=EDGE_CURVE('',#9407,#8393,#6827,.T.);
#18824=EDGE_CURVE('',#9405,#8391,#6831,.T.);
#18837=EDGE_CURVE('',#9403,#8389,#6835,.T.);
#18850=EDGE_CURVE('',#9401,#8387,#6839,.T.);
#18863=EDGE_CURVE('',#9399,#8385,#6843,.T.);
#18876=EDGE_CURVE('',#9397,#8383,#6847,.T.);
#18889=EDGE_CURVE('',#9395,#8381,#6851,.T.);
#18902=EDGE_CURVE('',#9393,#8379,#6855,.T.);
#18915=EDGE_CURVE('',#9391,#8377,#6859,.T.);
#18928=EDGE_CURVE('',#9389,#8375,#6863,.T.);
#18941=EDGE_CURVE('',#9387,#8373,#6867,.T.);
#18954=EDGE_CURVE('',#9385,#8371,#6871,.T.);
#18967=EDGE_CURVE('',#9383,#8369,#6875,.T.);
#18980=EDGE_CURVE('',#9381,#8367,#6879,.T.);
#18993=EDGE_CURVE('',#9379,#8365,#6883,.T.);
#19006=EDGE_CURVE('',#9377,#8363,#6887,.T.);
#19019=EDGE_CURVE('',#9375,#8361,#6891,.T.);
#19032=EDGE_CURVE('',#9373,#8359,#6895,.T.);
#19045=EDGE_CURVE('',#9371,#8357,#6899,.T.);
#19058=EDGE_CURVE('',#9369,#8355,#6903,.T.);
#19071=EDGE_CURVE('',#9367,#8353,#6907,.T.);
#19084=EDGE_CURVE('',#9365,#8351,#6911,.T.);
#19097=EDGE_CURVE('',#9363,#8349,#6915,.T.);
#19110=EDGE_CURVE('',#9361,#8347,#6919,.T.);
#19123=EDGE_CURVE('',#9359,#8345,#6923,.T.);
#19136=EDGE_CURVE('',#9357,#8343,#6927,.T.);
#19149=EDGE_CURVE('',#9355,#8341,#6931,.T.);
#19162=EDGE_CURVE('',#9353,#8339,#6935,.T.);
#19175=EDGE_CURVE('',#9351,#8337,#6939,.T.);
#19188=EDGE_CURVE('',#9349,#8335,#6943,.T.);
#19201=EDGE_CURVE('',#9347,#8333,#6947,.T.);
#19214=EDGE_CURVE('',#9345,#8331,#6951,.T.);
#19227=EDGE_CURVE('',#9343,#8329,#6955,.T.);
#19240=EDGE_CURVE('',#9341,#8327,#6959,.T.);
#19253=EDGE_CURVE('',#9339,#8325,#6963,.T.);
#19266=EDGE_CURVE('',#9337,#8323,#6967,.T.);
#19279=EDGE_CURVE('',#9335,#8321,#6971,.T.);
#19292=EDGE_CURVE('',#9333,#8319,#6975,.T.);
#19305=EDGE_CURVE('',#9331,#8317,#6979,.T.);
#19318=EDGE_CURVE('',#9329,#8315,#6983,.T.);
#19331=EDGE_CURVE('',#9327,#8313,#6987,.T.);
#19344=EDGE_CURVE('',#9325,#8311,#6991,.T.);
#19357=EDGE_CURVE('',#9323,#8309,#6995,.T.);
#19370=EDGE_CURVE('',#9321,#8307,#6999,.T.);
#19383=EDGE_CURVE('',#9319,#8305,#7003,.T.);
#19396=EDGE_CURVE('',#9317,#8303,#7007,.T.);
#19409=EDGE_CURVE('',#9315,#8301,#7011,.T.);
#19434=EDGE_CURVE('',#9426,#8412,#7019,.T.);
#19437=EDGE_CURVE('',#9427,#8413,#7031,.T.);
#19448=EDGE_CURVE('',#9431,#8417,#7023,.T.);
#19461=EDGE_CURVE('',#9429,#8415,#7027,.T.);
#19486=EDGE_CURVE('',#9434,#8420,#7035,.T.);
#19489=EDGE_CURVE('',#9435,#8421,#7191,.T.);
#19500=EDGE_CURVE('',#9511,#8497,#7039,.T.);
#19513=EDGE_CURVE('',#9509,#8495,#7043,.T.);
#19526=EDGE_CURVE('',#9507,#8493,#7047,.T.);
#19539=EDGE_CURVE('',#9505,#8491,#7051,.T.);
#19552=EDGE_CURVE('',#9503,#8489,#7055,.T.);
#19565=EDGE_CURVE('',#9501,#8487,#7059,.T.);
#19578=EDGE_CURVE('',#9499,#8485,#7063,.T.);
#19591=EDGE_CURVE('',#9497,#8483,#7067,.T.);
#19604=EDGE_CURVE('',#9495,#8481,#7071,.T.);
#19617=EDGE_CURVE('',#9493,#8479,#7075,.T.);
#19630=EDGE_CURVE('',#9491,#8477,#7079,.T.);
#19643=EDGE_CURVE('',#9489,#8475,#7083,.T.);
#19656=EDGE_CURVE('',#9487,#8473,#7087,.T.);
#19669=EDGE_CURVE('',#9485,#8471,#7091,.T.);
#19682=EDGE_CURVE('',#9483,#8469,#7095,.T.);
#19695=EDGE_CURVE('',#9481,#8467,#7099,.T.);
#19708=EDGE_CURVE('',#9479,#8465,#7103,.T.);
#19721=EDGE_CURVE('',#9477,#8463,#7107,.T.);
#19734=EDGE_CURVE('',#9475,#8461,#7111,.T.);
#19747=EDGE_CURVE('',#9473,#8459,#7115,.T.);
#19760=EDGE_CURVE('',#9471,#8457,#7119,.T.);
#19773=EDGE_CURVE('',#9469,#8455,#7123,.T.);
#19786=EDGE_CURVE('',#9467,#8453,#7127,.T.);
#19799=EDGE_CURVE('',#9465,#8451,#7131,.T.);
#19812=EDGE_CURVE('',#9463,#8449,#7135,.T.);
#19825=EDGE_CURVE('',#9461,#8447,#7139,.T.);
#19838=EDGE_CURVE('',#9459,#8445,#7143,.T.);
#19851=EDGE_CURVE('',#9457,#8443,#7147,.T.);
#19864=EDGE_CURVE('',#9455,#8441,#7151,.T.);
#19877=EDGE_CURVE('',#9453,#8439,#7155,.T.);
#19890=EDGE_CURVE('',#9451,#8437,#7159,.T.);
#19903=EDGE_CURVE('',#9449,#8435,#7163,.T.);
#19916=EDGE_CURVE('',#9447,#8433,#7167,.T.);
#19929=EDGE_CURVE('',#9445,#8431,#7171,.T.);
#19942=EDGE_CURVE('',#9443,#8429,#7175,.T.);
#19955=EDGE_CURVE('',#9441,#8427,#7179,.T.);
#19968=EDGE_CURVE('',#9439,#8425,#7183,.T.);
#19981=EDGE_CURVE('',#9437,#8423,#7187,.T.);
#20006=EDGE_CURVE('',#9528,#8514,#7195,.T.);
#20009=EDGE_CURVE('',#9529,#8515,#7351,.T.);
#20020=EDGE_CURVE('',#9605,#8591,#7199,.T.);
#20033=EDGE_CURVE('',#9603,#8589,#7203,.T.);
#20046=EDGE_CURVE('',#9601,#8587,#7207,.T.);
#20059=EDGE_CURVE('',#9599,#8585,#7211,.T.);
#20072=EDGE_CURVE('',#9597,#8583,#7215,.T.);
#20085=EDGE_CURVE('',#9595,#8581,#7219,.T.);
#20098=EDGE_CURVE('',#9593,#8579,#7223,.T.);
#20111=EDGE_CURVE('',#9591,#8577,#7227,.T.);
#20124=EDGE_CURVE('',#9589,#8575,#7231,.T.);
#20137=EDGE_CURVE('',#9587,#8573,#7235,.T.);
#20150=EDGE_CURVE('',#9585,#8571,#7239,.T.);
#20163=EDGE_CURVE('',#9583,#8569,#7243,.T.);
#20176=EDGE_CURVE('',#9581,#8567,#7247,.T.);
#20189=EDGE_CURVE('',#9579,#8565,#7251,.T.);
#20202=EDGE_CURVE('',#9577,#8563,#7255,.T.);
#20215=EDGE_CURVE('',#9575,#8561,#7259,.T.);
#20228=EDGE_CURVE('',#9573,#8559,#7263,.T.);
#20241=EDGE_CURVE('',#9571,#8557,#7267,.T.);
#20254=EDGE_CURVE('',#9569,#8555,#7271,.T.);
#20267=EDGE_CURVE('',#9567,#8553,#7275,.T.);
#20280=EDGE_CURVE('',#9565,#8551,#7279,.T.);
#20293=EDGE_CURVE('',#9563,#8549,#7283,.T.);
#20306=EDGE_CURVE('',#9561,#8547,#7287,.T.);
#20319=EDGE_CURVE('',#9559,#8545,#7291,.T.);
#20332=EDGE_CURVE('',#9557,#8543,#7295,.T.);
#20345=EDGE_CURVE('',#9555,#8541,#7299,.T.);
#20358=EDGE_CURVE('',#9553,#8539,#7303,.T.);
#20371=EDGE_CURVE('',#9551,#8537,#7307,.T.);
#20384=EDGE_CURVE('',#9549,#8535,#7311,.T.);
#20397=EDGE_CURVE('',#9547,#8533,#7315,.T.);
#20410=EDGE_CURVE('',#9545,#8531,#7319,.T.);
#20423=EDGE_CURVE('',#9543,#8529,#7323,.T.);
#20436=EDGE_CURVE('',#9541,#8527,#7327,.T.);
#20449=EDGE_CURVE('',#9539,#8525,#7331,.T.);
#20462=EDGE_CURVE('',#9537,#8523,#7335,.T.);
#20475=EDGE_CURVE('',#9535,#8521,#7339,.T.);
#20488=EDGE_CURVE('',#9533,#8519,#7343,.T.);
#20501=EDGE_CURVE('',#9531,#8517,#7347,.T.);
#20526=EDGE_CURVE('',#9608,#8594,#7355,.T.);
#20529=EDGE_CURVE('',#9609,#8595,#7379,.T.);
#20540=EDGE_CURVE('',#9619,#8605,#7359,.T.);
#20553=EDGE_CURVE('',#9617,#8603,#7363,.T.);
#20566=EDGE_CURVE('',#9615,#8601,#7367,.T.);
#20579=EDGE_CURVE('',#9613,#8599,#7371,.T.);
#20592=EDGE_CURVE('',#9611,#8597,#7375,.T.);
#20611=CLOSED_SHELL('',(#9872,#10228,#10346,#10514,#10534,#10582,#10626,#10666,
#10706,#10958,#10973,#10997,#11013,#11028,#11044,#11060,#11076,#11092,#11116,
#11132,#11148,#11161,#11174,#11188,#11202,#11216,#11230,#11266,#11289,#11304,
#11357,#11372,#11391,#11406,#11467,#11480,#11494,#11521,#11576,#11617,#11690,
#11736,#11778,#11789,#11803,#11864,#11944,#11957,#11968,#11988,#12004,#12079,
#12096,#12113,#12126,#12136,#12161,#12174,#12187,#12201,#12215,#12228,#12241,
#12261,#12274,#12293,#12305,#12325,#12338,#12357,#12369,#12389,#12402,#12421,
#12433,#12452,#12464,#12480,#12513,#12526,#12546,#12569,#12583,#12596,#12613,
#12625,#12638,#12661,#12673,#12685,#12697,#12707,#12717,#12732,#12745,#12755,
#12768,#12793,#12806,#12831,#12843,#12857,#12869,#12884,#12898,#12912,#12926,
#12940,#12954,#12967,#13097,#13219,#13241,#13339,#13427,#13449,#13471,#13615,
#13637,#13759,#13881,#13897,#13985,#14000,#14088,#14110,#14124,#14137,#14150,
#14163,#14176,#14189,#14202,#14215,#14228,#14241,#14254,#14267,#14280,#14293,
#14306,#14319,#14332,#14345,#14358,#14371,#14384,#14397,#14410,#14423,#14436,
#14449,#14462,#14475,#14488,#14501,#14514,#14527,#14540,#14553,#14566,#14579,
#14592,#14605,#14618,#14630,#14644,#14657,#14670,#14683,#14696,#14709,#14722,
#14735,#14748,#14761,#14774,#14787,#14800,#14813,#14826,#14839,#14852,#14865,
#14878,#14890,#14904,#14917,#14930,#14943,#14956,#14969,#14982,#14995,#15008,
#15021,#15034,#15047,#15060,#15073,#15086,#15099,#15112,#15125,#15138,#15151,
#15164,#15177,#15190,#15203,#15216,#15229,#15242,#15255,#15268,#15281,#15294,
#15307,#15320,#15333,#15346,#15359,#15372,#15385,#15398,#15411,#15424,#15437,
#15450,#15463,#15476,#15489,#15502,#15515,#15528,#15541,#15554,#15567,#15580,
#15593,#15606,#15619,#15631,#15645,#15658,#15671,#15684,#15697,#15710,#15722,
#15736,#15749,#15762,#15775,#15788,#15801,#15814,#15827,#15840,#15853,#15866,
#15879,#15892,#15905,#15918,#15931,#15944,#15957,#15970,#15983,#15996,#16009,
#16022,#16035,#16048,#16060,#16074,#16087,#16100,#16113,#16126,#16139,#16152,
#16165,#16178,#16191,#16204,#16217,#16230,#16243,#16256,#16269,#16282,#16294,
#16308,#16321,#16334,#16347,#16360,#16373,#16386,#16399,#16412,#16425,#16438,
#16451,#16464,#16477,#16490,#16503,#16516,#16529,#16542,#16555,#16568,#16581,
#16594,#16607,#16620,#16633,#16646,#16659,#16672,#16685,#16698,#16711,#16724,
#16737,#16750,#16763,#16776,#16789,#16802,#16814,#16828,#16841,#16854,#16867,
#16880,#16893,#16905,#16919,#16932,#16945,#16958,#16971,#16984,#16996,#17010,
#17023,#17036,#17049,#17062,#17075,#17088,#17101,#17114,#17127,#17140,#17153,
#17166,#17179,#17192,#17205,#17218,#17231,#17244,#17257,#17270,#17283,#17296,
#17309,#17322,#17335,#17348,#17361,#17374,#17387,#17400,#17413,#17426,#17438,
#17452,#17465,#17478,#17491,#17504,#17517,#17530,#17543,#17556,#17569,#17582,
#17595,#17608,#17621,#17634,#17646,#17660,#17673,#17686,#17699,#17712,#17725,
#17738,#17751,#17764,#17777,#17790,#17803,#17816,#17829,#17842,#17854,#17868,
#17881,#17894,#17907,#17920,#17933,#17945,#17959,#17972,#17985,#17998,#18011,
#18024,#18037,#18050,#18063,#18076,#18089,#18102,#18115,#18128,#18141,#18154,
#18167,#18180,#18193,#18206,#18219,#18232,#18245,#18258,#18271,#18284,#18297,
#18310,#18323,#18336,#18349,#18362,#18375,#18388,#18401,#18414,#18427,#18440,
#18453,#18466,#18479,#18492,#18505,#18518,#18531,#18544,#18557,#18570,#18583,
#18596,#18609,#18622,#18635,#18648,#18661,#18674,#18686,#18700,#18713,#18726,
#18739,#18752,#18765,#18778,#18791,#18804,#18817,#18830,#18843,#18856,#18869,
#18882,#18895,#18908,#18921,#18934,#18947,#18960,#18973,#18986,#18999,#19012,
#19025,#19038,#19051,#19064,#19077,#19090,#19103,#19116,#19129,#19142,#19155,
#19168,#19181,#19194,#19207,#19220,#19233,#19246,#19259,#19272,#19285,#19298,
#19311,#19324,#19337,#19350,#19363,#19376,#19389,#19402,#19415,#19427,#19441,
#19454,#19467,#19479,#19493,#19506,#19519,#19532,#19545,#19558,#19571,#19584,
#19597,#19610,#19623,#19636,#19649,#19662,#19675,#19688,#19701,#19714,#19727,
#19740,#19753,#19766,#19779,#19792,#19805,#19818,#19831,#19844,#19857,#19870,
#19883,#19896,#19909,#19922,#19935,#19948,#19961,#19974,#19987,#19999,#20013,
#20026,#20039,#20052,#20065,#20078,#20091,#20104,#20117,#20130,#20143,#20156,
#20169,#20182,#20195,#20208,#20221,#20234,#20247,#20260,#20273,#20286,#20299,
#20312,#20325,#20338,#20351,#20364,#20377,#20390,#20403,#20416,#20429,#20442,
#20455,#20468,#20481,#20494,#20507,#20519,#20533,#20546,#20559,#20572,#20585,
#20598,#20610));
#20612=MANIFOLD_SOLID_BREP('',#20611);
#20613=(LENGTH_UNIT()NAMED_UNIT(*)SI_UNIT(.MILLI.,.METRE.));
#20615=(NAMED_UNIT(*)PLANE_ANGLE_UNIT()SI_UNIT($,.RADIAN.));
#20618=(NAMED_UNIT(*)SI_UNIT($,.STERADIAN.)SOLID_ANGLE_UNIT());
#20621=ADVANCED_BREP_SHAPE_REPRESENTATION('',(#20612),#20620);
#20628=PRODUCT_DEFINITION('design','',#20627,#20624);
#20629=PRODUCT_DEFINITION_SHAPE('','SHAPE FOR CJ2.',#20628);
#20630=SHAPE_DEFINITION_REPRESENTATION(#20629,#20621);
ENDSEC;
END-ISO-10303-21;
